cluster,n_points,n_vessels,lat,lon,dest_top
0,8312,87,37.210834000000006,15.2051745,ITAUG
9,2665,20,37.125017,15.26445,IT SPA
11,149,17,37.23665,15.199473,AUGUSTA
16,75,8,37.191113,15.194837,AUGUSTA
1,34,6,37.112762000000004,15.2523035,AUGUSTA
31,74,5,37.202261,15.221607500000001,AUGUSTA
7,17,5,37.23086,15.224327,AUG
18,51,4,37.12354,15.232137,ITSP
8,22,4,37.2214075,15.192319000000001,AUGUSTA
4,684,3,37.134893000000005,15.2788065,ITSPA
21,240,3,37.136333,15.255317,ITSPA FOR ORDERS
22,56,3,37.285125,15.190983500000002,
12,39,3,37.232158,15.217412,AUGUSTA
35,31,3,37.12984,15.29326,ITSPA
5,14,3,37.243283,15.20995,AUGUSTA
3,151,2,37.119667,15.284633,ITSIR
17,36,2,37.132965,15.233919499999999,ITSPA
2,28,2,37.173064,15.201146999999999,AUGUSTA
20,24,2,37.1873055,15.2759305,TRALI>ITAUG
33,20,2,37.2907165,15.1636475,
13,10,2,37.195558500000004,15.265958000000001,ITAUG
19,6,2,37.162878,15.209422499999999,AUGUSTA
36,244,1,37.140483,15.273067,ITSPA>ITAUG
41,107,1,37.13781,15.26262,ITSPA
14,56,1,37.247541999999996,15.3677135,AUGUSTA
10,25,1,37.142075,15.233785,"MELILI ,SICILY"
28,23,1,37.19478,15.270818,ITAUG
27,21,1,37.202882,15.242923,
15,19,1,37.255547,15.381463,AUGUSTA
32,13,1,37.184003,15.261038,"AUGUSTA,SICILY"
29,11,1,37.289082,15.194218,
38,11,1,37.174325,15.205598,AUGUSTA
40,11,1,37.290952,15.366332,ITSPA
6,8,1,37.24256,15.2146515,IT AUGUSTA
25,8,1,37.141711,15.2496215,AUGUSTA
26,7,1,37.228058,15.240792,
39,7,1,37.196895,15.260135,AUGUSTA IT
30,6,1,37.2372005,15.233625,
37,6,1,37.192017,15.254765500000001,ITAUG
24,5,1,37.1995,15.264118,IT AUG
23,4,1,37.2249915,15.26891,
34,3,1,37.20094,15.229363,AUGUSTA
