session_id,mmsi,name,inbound_time,inbound_entrance,inbound_last_outside,inbound_first_inside,inbound_uncertainty_s,inbound_quality,inbound_lat,inbound_lon,inbound_destination,inbound_sog,inbound_cog,geometry_version,hysteresis_merges,outbound_time,outbound_entrance,outbound_last_before,outbound_first_after,outbound_quality,session_closed,right_censored,unresolved_missing_outbound,last_observed_at,last_observed_inner_proxy,session_duration_min,observations_in_session,inner_megarese_rows,first_inner_megarese_time,max_inner_stop_duration_min,inner_moored_rows,inner_anchor_rows,external_wait_before_entry,max_pre_entry_wait_min,destination_support_augusta,destination_mode,candidate_class,m1x_candidate_quality,requires_manual_audit,final_ground_truth
AU-001,256210000,MARVEA,2026-04-03 15:49:21.500,LEVANTE,2026-04-03 15:48:51,2026-04-03 15:49:52,61.0,A,37.19666647000881,15.23166666670956,ITAUG,8.1,276.0,augusta_research_geometry_v1,0,2026-04-10 00:40:50.500,LEVANTE,2026-04-10 00:40:20,2026-04-10 00:41:21,A,True,False,False,2026-04-10 06:51:35,False,9171.483333333334,8315,8315,2026-04-03 15:49:52,748.4166666666666,2180,6035,False,3.05,True,ITAUG,STOP_CONFIRMED_CALL_CANDIDATE,A,True,False
AU-002,229456000,AMBER BEE,2026-04-03 15:57:28.500,LEVANTE,2026-04-03 15:56:58,2026-04-03 15:57:59,61.0,A,37.196786234146046,15.231666666709557,ITAUG,9.2,274.5,augusta_research_geometry_v1,0,2026-04-05 09:31:14.500,LEVANTE,2026-04-05 09:30:44,2026-04-05 09:31:45,A,True,False,False,2026-04-05 11:15:03,False,2493.766666666667,224,224,2026-04-03 15:57:59,21.283333333333335,31,109,False,0.0,True,ITAUG,STOP_CONFIRMED_CALL_CANDIDATE,A,True,False
AU-003,247381300,MACISTONE,2026-04-03 16:08:37.500,LEVANTE,2026-04-03 16:08:07,2026-04-03 16:09:08,61.0,A,37.19707693345435,15.23166666670956,OPLAUGUSTA,7.3,283.6,augusta_research_geometry_v1,0,2026-04-03 22:01:08.000,LEVANTE,2026-04-03 22:00:38,2026-04-03 22:01:38,A,True,False,False,2026-04-16 12:43:53,True,352.5083333333333,338,336,2026-04-03 16:09:08,165.1,270,0,False,0.0,True,OPLAUGUSTA,STOP_CONFIRMED_CALL_CANDIDATE,A,True,False
AU-004,247219700,RINELLA M,2026-04-03 20:10:43.500,LEVANTE,2026-04-03 20:10:13,2026-04-03 20:11:14,61.0,A,37.19684009967156,15.231666666709557,IT AUG,7.5,290.6,augusta_research_geometry_v1,0,2026-04-10 12:44:53.500,LEVANTE,2026-04-10 12:44:23,2026-04-10 12:45:24,A,True,False,False,2026-04-10 16:15:02,False,9634.166666666666,8798,8798,2026-04-03 20:11:14,735.0166666666667,2119,6505,False,0.0,True,IT AUG,STOP_CONFIRMED_CALL_CANDIDATE,A,True,False
AU-005,636021733,COROSSOL,2026-04-04 01:36:54.000,LEVANTE,2026-04-04 01:36:24,2026-04-04 01:37:24,60.0,A,37.19669151089956,15.23166666670956,IT AUG,6.0,274.6,augusta_research_geometry_v1,0,2026-04-04 18:25:10.000,LEVANTE,2026-04-04 18:24:40,2026-04-04 18:25:40,A,True,False,False,2026-04-10 14:26:05,False,1008.2666666666667,806,806,2026-04-04 01:37:24,63.833333333333336,0,764,False,0.0,True,IT AUG,STOP_CONFIRMED_CALL_CANDIDATE,A,True,False
AU-006,247408700,MERSEY SPIRIT,2026-04-04 04:50:24.500,LEVANTE,2026-04-04 04:49:54,2026-04-04 04:50:55,61.0,A,37.197227359663586,15.231666666709561,AUGUSTA,6.8,300.0,augusta_research_geometry_v1,0,2026-04-04 10:06:37.500,LEVANTE,2026-04-04 10:06:07,2026-04-04 10:07:08,A,True,False,False,2026-04-16 12:43:53,True,316.21666666666664,107,102,2026-04-04 04:50:55,11.15,0,0,False,0.0,True,AUGUSTA,ENTRY_WITHOUT_CONFIRMED_STOP,C,True,False
AU-007,247355500,DOMENICO IEVOLI,2026-04-04 05:30:56.500,LEVANTE,2026-04-04 05:30:26,2026-04-04 05:31:27,61.0,A,37.1968551503106,15.23166666670956,ITAUG,10.1,277.0,augusta_research_geometry_v1,0,2026-04-08 12:46:55.500,LEVANTE,2026-04-08 12:46:25,2026-04-08 12:47:26,A,True,False,False,2026-04-13 19:24:07,False,6195.983333333334,5455,5328,2026-04-04 05:31:27,335.71666666666664,0,5205,False,0.0,True,ITAUG,STOP_CONFIRMED_CALL_CANDIDATE,A,True,False
AU-008,210627000,MOLVIK,2026-04-04 07:13:16.500,LEVANTE,2026-04-04 07:12:46,2026-04-04 07:13:47,61.0,A,37.196703595113746,15.23166666670956,ITAUG,6.6,273.3,augusta_research_geometry_v1,0,2026-04-05 16:31:45.500,LEVANTE,2026-04-05 16:31:15,2026-04-05 16:32:16,C,True,False,False,2026-04-16 12:43:53,True,1998.4833333333333,179,179,2026-04-04 07:13:47,42.6,119,0,False,0.0,True,ITAUG,STOP_CONFIRMED_CALL_CANDIDATE,A,True,False
AU-009,563205300,MAC TOKYO,2026-04-04 08:46:31.000,LEVANTE,2026-04-04 08:46:01,2026-04-04 08:47:01,60.0,A,37.19690689985318,15.231666666709557,AUGUSTA-ITALY,5.5,266.7,augusta_research_geometry_v1,0,2026-04-04 13:58:42.500,LEVANTE,2026-04-04 13:58:12,2026-04-04 13:59:13,A,True,False,False,2026-04-04 17:07:41,False,312.19166666666666,308,308,2026-04-04 08:47:01,115.58333333333333,0,244,False,0.0,True,AUGUSTA-ITALY,STOP_CONFIRMED_CALL_CANDIDATE,A,True,False
AU-010,215909000,SB AVANTEA,2026-04-04 11:11:30.500,LEVANTE,2026-04-04 11:11:00,2026-04-04 11:12:01,61.0,A,37.19679191784294,15.23166666670956,IT AUG,10.2,285.0,augusta_research_geometry_v1,0,2026-04-08 01:29:33.500,LEVANTE,2026-04-08 01:29:03,2026-04-08 01:30:04,A,True,False,False,2026-04-15 06:23:12,False,5178.05,3945,3833,2026-04-04 11:12:01,222.41666666666666,1,3736,False,0.0,True,IT AUG,STOP_CONFIRMED_CALL_CANDIDATE,A,True,False
AU-011,247381300,MACISTONE,2026-04-04 11:21:39.500,LEVANTE,2026-04-04 11:21:09,2026-04-04 11:22:10,61.0,A,37.19643756549372,15.23166666670956,AUGUSTA,7.0,279.4,augusta_research_geometry_v1,0,2026-04-06 15:20:56.500,LEVANTE,2026-04-06 15:20:26,2026-04-06 15:21:27,A,True,False,False,2026-04-16 12:43:53,True,3119.2833333333333,149,149,2026-04-04 11:22:10,9.133333333333333,101,0,False,0.0,True,OPLAUGUSTA,ENTRY_WITHOUT_CONFIRMED_STOP,C,True,False
AU-012,636020363,AQUASMERALDA,2026-04-04 12:06:14.500,LEVANTE,2026-04-04 12:05:44,2026-04-04 12:06:45,61.0,A,37.1966130643803,15.23166666670956,ESLPA>ITAUG,10.2,274.1,augusta_research_geometry_v1,0,2026-04-06 23:35:30.500,LEVANTE,2026-04-06 23:35:00,2026-04-06 23:36:01,A,True,False,False,2026-04-07 01:54:53,False,3569.266666666667,262,262,2026-04-04 12:06:45,91.21666666666667,11,153,False,0.0,True,ESLPA>ITAUG,STOP_CONFIRMED_CALL_CANDIDATE,A,True,False
AU-013,538002883,TEQUILA,2026-04-04 14:17:58.500,LEVANTE,2026-04-04 14:17:28,2026-04-04 14:18:29,61.0,A,37.19699907423542,15.231666666709557,MESINA PS,9.8,273.0,augusta_research_geometry_v1,0,2026-04-10 05:50:02.500,LEVANTE,2026-04-10 05:49:32,2026-04-10 05:50:33,A,True,False,False,2026-04-11 07:41:44,False,8132.066666666667,6556,5715,2026-04-04 14:18:29,451.06666666666666,1024,4631,False,0.0,False,MESINA PS,STOP_CONFIRMED_CALL_CANDIDATE,A,True,False
AU-014,247408700,MERSEY SPIRIT,2026-04-04 18:15:02.500,LEVANTE,2026-04-04 18:14:32,2026-04-04 18:15:33,61.0,A,37.19716627227356,15.231666666709557,AUGUSTA,12.3,304.8,augusta_research_geometry_v1,0,2026-04-07 13:13:11.500,LEVANTE,2026-04-07 13:12:41,2026-04-07 13:13:42,A,True,False,False,2026-04-16 12:43:53,True,4018.15,3643,3642,2026-04-04 18:15:33,154.08333333333334,95,3493,False,0.0,True,AUGUSTA,STOP_CONFIRMED_CALL_CANDIDATE,A,True,False
AU-015,215937000,YM EARTH,2026-04-05 05:58:41.500,LEVANTE,2026-04-05 05:58:11,2026-04-05 05:59:12,61.0,A,37.19660259735615,15.231666666709557,ESVLC>ITAUG,6.4,271.9,augusta_research_geometry_v1,0,2026-04-05 19:08:54.500,LEVANTE,2026-04-05 19:08:24,2026-04-05 19:09:25,A,True,False,False,2026-04-06 05:46:05,False,790.2166666666667,239,213,2026-04-05 05:59:12,46.63333333333333,0,156,False,0.0,True,ESVLC>ITAUG,STOP_CONFIRMED_CALL_CANDIDATE,A,True,False
AU-016,247425900,,2026-04-05 10:00:37.000,SCIROCCO,2026-04-05 10:00:07,2026-04-05 10:01:07,60.0,C,37.173970521599685,15.214733398370656,,8.2,346.7,augusta_research_geometry_v1,0,,,,,,False,False,True,2026-04-16 12:43:53,False,16003.266666666666,7054,6970,2026-04-05 10:01:07,598.2,0,0,False,0.0,True,AUGUSTA,STOP_CONFIRMED_CALL_CANDIDATE,C,True,False
AU-017,229370000,YM MIRANDA,2026-04-05 11:14:33.000,LEVANTE,2026-04-05 11:14:03,2026-04-05 11:15:03,60.0,A,37.19738687814533,15.231666666709557,IT AUG,8.1,301.9,augusta_research_geometry_v1,0,2026-04-08 12:17:26.500,LEVANTE,2026-04-08 12:16:56,2026-04-08 12:17:57,A,True,False,False,2026-04-08 17:35:18,False,4382.891666666666,3180,2012,2026-04-05 11:15:03,255.53333333333333,0,1922,False,0.0,True,IT AUG,STOP_CONFIRMED_CALL_CANDIDATE,A,True,False
AU-018,413527660,RONG HUA WAN,2026-04-05 14:43:14.500,LEVANTE,2026-04-05 14:42:44,2026-04-05 14:43:45,61.0,A,37.19716487332706,15.23166666670956,AUGUSTA,10.3,283.2,augusta_research_geometry_v1,0,2026-04-06 18:22:22.500,LEVANTE,2026-04-06 18:21:52,2026-04-06 18:22:53,A,True,False,False,2026-04-06 20:30:31,False,1659.1333333333334,182,182,2026-04-05 14:43:45,121.66666666666667,11,132,False,0.0,True,AUGUSTA,STOP_CONFIRMED_CALL_CANDIDATE,A,True,False
AU-019,247362500,,2026-04-05 15:18:44.000,SCIROCCO,2026-04-05 15:18:14,2026-04-05 15:19:14,60.0,C,37.174026070921244,15.215146050442156,,16.9,2.9,augusta_research_geometry_v1,0,,,,,,False,True,False,2026-04-16 12:43:53,True,15685.15,7535,4540,2026-04-05 15:19:14,257.6,0,0,False,2.033333333333333,True,AUG,STOP_CONFIRMED_CALL_CANDIDATE,B,True,False
AU-020,246651000,POLAR ROCK,2026-04-05 18:57:44.500,LEVANTE,2026-04-05 18:57:14,2026-04-05 18:58:15,61.0,A,37.197280175669064,15.231666666709557,AUGUSTO,7.5,281.5,augusta_research_geometry_v1,0,2026-04-07 16:42:53.500,LEVANTE,2026-04-07 16:42:23,2026-04-07 16:43:24,A,True,False,False,2026-04-07 19:20:42,False,2745.15,2206,2206,2026-04-05 18:58:15,347.85,331,1798,False,0.0,False,AUGUSTO,STOP_CONFIRMED_CALL_CANDIDATE,A,True,False
AU-021,255801270,CORAL ESSBERGER,2026-04-05 19:28:10.000,LEVANTE,2026-04-05 19:27:40,2026-04-05 19:28:40,60.0,A,37.19678987765645,15.231666666709557,ITAUG,11.3,274.9,augusta_research_geometry_v1,0,2026-04-07 00:13:01.500,LEVANTE,2026-04-07 00:12:31,2026-04-07 00:13:32,A,True,False,False,2026-04-07 02:07:03,False,1724.8583333333333,311,311,2026-04-05 19:28:40,24.316666666666666,11,227,False,1.0,True,ITAUG,STOP_CONFIRMED_CALL_CANDIDATE,A,True,False
AU-022,247415600,PRYSMIAN MONNA LISA,2026-04-05 22:47:47.000,LEVANTE,2026-04-05 22:47:17,2026-04-05 22:48:17,60.0,A,37.19695313333532,15.23166666670956,AUGUSTA,4.9,271.5,augusta_research_geometry_v1,0,2026-04-12 19:01:20.500,LEVANTE,2026-04-12 19:00:50,2026-04-12 19:01:51,A,True,False,False,2026-04-12 22:05:11,False,9853.558333333332,9462,9462,2026-04-05 22:48:17,1754.4833333333333,5562,0,False,0.0,True,AUGUSTA,STOP_CONFIRMED_CALL_CANDIDATE,A,True,False
AU-023,247100900,SEBASTIANO,2026-04-05 23:47:33.500,SCIROCCO,2026-04-05 23:47:03,2026-04-05 23:48:04,61.0,A,37.17417374596686,15.216243064983146,AUGUSTA,9.7,351.2,augusta_research_geometry_v1,0,2026-04-10 05:33:46.500,LEVANTE,2026-04-10 05:33:16,2026-04-10 05:34:17,A,True,False,False,2026-04-16 12:43:53,True,6106.216666666666,3097,3016,2026-04-05 23:48:04,586.4166666666666,0,0,False,9.116666666666667,True,AUGUSTA,STOP_CONFIRMED_CALL_CANDIDATE,A,True,False
AU-024,247095300,SYN ACRAB,2026-04-05 23:52:37.500,SCIROCCO,2026-04-05 23:52:07,2026-04-05 23:53:08,61.0,A,37.1741061428596,15.215740870510356,IT AUG,5.3,342.2,augusta_research_geometry_v1,0,2026-04-06 08:49:25.500,LEVANTE,2026-04-06 08:48:55,2026-04-06 08:49:56,A,True,False,False,2026-04-06 12:02:41,False,536.8,516,516,2026-04-05 23:53:08,150.15,0,489,False,11.133333333333333,True,IT AUG,STOP_CONFIRMED_CALL_CANDIDATE,A,True,False
AU-025,249891000,CGAS NEPTUNE,2026-04-06 06:20:07.500,LEVANTE,2026-04-06 06:19:37,2026-04-06 06:20:38,61.0,A,37.19699523659608,15.23166666670956,IT AUG,9.3,294.3,augusta_research_geometry_v1,0,2026-04-08 22:20:32.500,LEVANTE,2026-04-08 22:20:02,2026-04-08 22:21:03,A,True,False,False,2026-04-16 11:30:47,False,3840.4166666666665,1742,327,2026-04-06 06:20:38,103.38333333333334,0,279,False,6.1,True,IT AUG,STOP_CONFIRMED_CALL_CANDIDATE,A,True,False
AU-026,215867000,IVYAN,2026-04-06 20:05:41.500,LEVANTE,2026-04-06 20:05:11,2026-04-06 20:06:12,61.0,A,37.19704521674715,15.23166666670956,TRALI>ITAUG,10.8,285.6,augusta_research_geometry_v1,0,2026-04-07 23:17:31.500,LEVANTE,2026-04-07 23:17:01,2026-04-07 23:18:02,A,True,False,False,2026-04-10 01:10:48,False,1631.8333333333333,48,48,2026-04-06 20:06:12,0.0,0,0,False,15.2,True,TRALI>ITAUG,ENTRY_WITHOUT_CONFIRMED_STOP,C,True,False
AU-027,247381300,MACISTONE,2026-04-06 20:14:48.500,LEVANTE,2026-04-06 20:14:18,2026-04-06 20:15:19,61.0,A,37.19670015027002,15.231666666709557,AUGUSTA,6.1,302.1,augusta_research_geometry_v1,0,2026-04-07 12:04:08.500,LEVANTE,2026-04-07 12:03:38,2026-04-07 12:04:39,A,True,False,False,2026-04-16 12:43:53,True,949.3333333333334,178,178,2026-04-06 20:15:19,40.63333333333333,124,0,False,0.0,True,AUGUSTA,STOP_CONFIRMED_CALL_CANDIDATE,A,True,False
AU-028,249969000,,2026-04-07 02:36:27.500,LEVANTE,2026-04-07 02:34:26,2026-04-07 02:38:29,243.0,C,37.19819859313269,15.23166666670956,,10.1,298.0,augusta_research_geometry_v1,0,2026-04-12 22:13:47.500,LEVANTE,2026-04-12 22:13:17,2026-04-12 22:14:18,A,True,False,False,2026-04-13 00:33:04,False,8377.333333333334,2286,2286,2026-04-07 02:38:29,104.85,0,2250,False,0.0,False,,STOP_CONFIRMED_CALL_CANDIDATE,B,True,False
AU-029,210688000,AMAZONITH,2026-04-07 05:40:32.500,LEVANTE,2026-04-07 05:40:02,2026-04-07 05:41:03,61.0,A,37.19697714557459,15.231666666709557,IT AUG,8.8,282.0,augusta_research_geometry_v1,0,2026-04-08 05:49:33.500,LEVANTE,2026-04-08 05:49:03,2026-04-08 05:50:04,A,True,False,False,2026-04-16 12:43:53,True,1449.0166666666667,221,220,2026-04-07 05:41:03,37.516666666666666,116,0,False,4.066666666666666,True,IT AUG,STOP_CONFIRMED_CALL_CANDIDATE,A,True,False
AU-030,247381300,MACISTONE,2026-04-07 20:42:21.500,LEVANTE,2026-04-07 20:41:51,2026-04-07 20:42:52,61.0,A,37.19646188241818,15.231666666709557,AUGUSTA,6.7,266.5,augusta_research_geometry_v1,0,2026-04-08 21:23:45.500,LEVANTE,2026-04-08 21:23:15,2026-04-08 21:24:16,A,True,False,False,2026-04-16 12:43:53,True,1481.4,1230,1230,2026-04-07 20:42:52,192.21666666666667,1144,0,False,0.0,True,AUGUSTA,STOP_CONFIRMED_CALL_CANDIDATE,A,True,False
AU-031,247144130,VALERIA,2026-04-08 04:47:40.500,LEVANTE,2026-04-08 04:47:10,2026-04-08 04:48:11,61.0,C,37.19767608704903,15.231666666709557,,7.0,313.1,augusta_research_geometry_v1,0,2026-04-09 02:00:38.500,LEVANTE,2026-04-09 02:00:08,2026-04-09 02:01:09,A,True,False,False,2026-04-16 08:56:30,False,1272.9666666666667,48,43,2026-04-08 04:53:16,8.116666666666667,0,0,False,12.2,False,,ENTRY_WITHOUT_CONFIRMED_STOP,C,True,False
AU-032,271051219,MED URLA,2026-04-08 05:43:27.500,LEVANTE,2026-04-08 05:42:57,2026-04-08 05:43:58,61.0,A,37.197072349673405,15.23166666670956,ITAUG,8.3,290.8,augusta_research_geometry_v1,0,2026-04-09 09:04:32.500,LEVANTE,2026-04-09 09:04:02,2026-04-09 09:05:03,A,True,False,False,2026-04-13 23:16:54,False,1641.0833333333333,1276,1275,2026-04-08 05:43:58,340.75,1195,0,True,36.5,True,ITAUG,STOP_CONFIRMED_CALL_CANDIDATE,A,True,False
AU-033,215054000,VALTELLINA,2026-04-08 06:11:54.500,LEVANTE,2026-04-08 06:11:24,2026-04-08 06:12:25,61.0,A,37.19629004182832,15.231666666709557,IT AUG,9.4,273.0,augusta_research_geometry_v1,0,2026-04-10 01:07:14.500,LEVANTE,2026-04-10 01:06:44,2026-04-10 01:07:45,A,True,False,False,2026-04-16 12:43:53,False,2575.3333333333335,2509,2509,2026-04-08 06:12:25,460.7,1858,579,False,0.0,True,IT AUG,STOP_CONFIRMED_CALL_CANDIDATE,A,True,False
AU-034,247131100,LIONE,2026-04-08 07:09:46.500,LEVANTE,2026-04-08 07:09:16,2026-04-08 07:10:17,61.0,C,37.19694744502403,15.231666666709557,ITAUG,4.0,285.0,augusta_research_geometry_v1,0,,,,,,False,True,False,2026-04-16 12:43:53,True,11854.108333333334,9872,9872,2026-04-08 07:10:17,3247.35,9741,0,False,0.0,True,ITAUG,STOP_CONFIRMED_CALL_CANDIDATE,B,True,False
AU-035,247062310,MARIA VERONICA,2026-04-08 07:58:31.500,LEVANTE,2026-04-08 07:58:01,2026-04-08 07:59:02,61.0,A,37.198150922743764,15.23166666670956,,7.6,314.2,augusta_research_geometry_v1,0,,,,,,False,False,True,2026-04-08 08:39:40,True,41.141666666666666,41,36,2026-04-08 07:59:02,18.283333333333335,0,0,False,0.0,False,,ENTRY_WITHOUT_CONFIRMED_STOP,C,True,False
AU-036,256891000,AMISOS,2026-04-08 13:53:02.000,LEVANTE,2026-04-08 13:52:31,2026-04-08 13:53:33,62.0,A,37.19663426041686,15.231666666709561,ITAUG,6.9,275.1,augusta_research_geometry_v1,0,2026-04-08 16:57:13.500,LEVANTE,2026-04-08 16:56:43,2026-04-08 16:57:44,A,True,False,False,2026-04-08 18:09:45,False,184.19166666666666,181,181,2026-04-08 13:53:33,111.95,0,150,False,0.0,True,ITAUG,STOP_CONFIRMED_CALL_CANDIDATE,A,True,False
AU-037,210688000,AMAZONITH,2026-04-08 14:43:55.500,LEVANTE,2026-04-08 14:43:25,2026-04-08 14:44:26,61.0,A,37.19688801708968,15.231666666709557,IT AUG,10.0,277.0,augusta_research_geometry_v1,0,2026-04-09 20:18:03.500,LEVANTE,2026-04-09 20:17:33,2026-04-09 20:18:34,A,True,False,False,2026-04-16 12:43:53,True,1774.1333333333334,215,214,2026-04-08 14:44:26,33.46666666666667,105,0,False,4.066666666666666,True,IT AUG,STOP_CONFIRMED_CALL_CANDIDATE,A,True,False
AU-038,309518000,GRIMSTAD,2026-04-08 21:11:35.500,LEVANTE,2026-04-08 21:11:05,2026-04-08 21:12:06,61.0,A,37.19701424921347,15.23166666670956,IT AUG,6.0,273.4,augusta_research_geometry_v1,0,2026-04-11 18:30:18.500,LEVANTE,2026-04-11 18:29:48,2026-04-11 18:30:49,A,True,False,False,2026-04-12 00:55:02,False,4158.716666666666,3980,3980,2026-04-08 21:12:06,1673.25,2333,1493,False,0.0,True,IT AUG,STOP_CONFIRMED_CALL_CANDIDATE,A,True,False
AU-039,538002630,STAR HELENA,2026-04-08 22:49:57.500,LEVANTE,2026-04-08 22:49:27,2026-04-08 22:50:28,61.0,A,37.19699164724878,15.23166666670956,IT AUG,4.4,272.5,augusta_research_geometry_v1,0,2026-04-09 19:27:25.500,LEVANTE,2026-04-09 19:26:55,2026-04-09 19:27:56,A,True,False,False,2026-04-10 18:04:02,False,1237.4666666666667,1059,1059,2026-04-08 22:50:28,359.15,0,1019,False,0.0,True,IT AUG,STOP_CONFIRMED_CALL_CANDIDATE,A,True,False
AU-040,247381300,MACISTONE,2026-04-09 04:22:24.000,LEVANTE,2026-04-09 04:21:54,2026-04-09 04:22:54,60.0,A,37.1967338274229,15.231666666709557,AUGUSTA,7.0,277.4,augusta_research_geometry_v1,0,,,,,,False,True,False,2026-04-16 12:43:53,True,10581.483333333334,7156,7156,2026-04-09 04:22:54,719.55,7120,0,False,0.0,True,AUGUSTA,STOP_CONFIRMED_CALL_CANDIDATE,A,True,False
AU-041,215867000,IVYAN,2026-04-09 07:40:17.500,LEVANTE,2026-04-09 07:39:47,2026-04-09 07:40:48,61.0,A,37.19660697157664,15.231666666709556,ITAUG>ITAUG,7.4,276.5,augusta_research_geometry_v1,0,2026-04-09 22:57:15.500,LEVANTE,2026-04-09 22:56:45,2026-04-09 22:57:46,A,True,False,False,2026-04-10 01:10:48,False,916.9666666666667,237,214,2026-04-09 07:40:48,93.3,0,151,False,0.0,True,ITAUG>ITAUG,STOP_CONFIRMED_CALL_CANDIDATE,A,True,False
AU-042,211687760,SASQUATCH,2026-04-09 08:43:13.500,LEVANTE,2026-04-09 08:42:43,2026-04-09 08:43:44,61.0,A,37.19726422629699,15.231666666709557,,4.0,293.5,augusta_research_geometry_v1,0,,,,,,False,False,True,2026-04-09 09:36:30,True,53.275,53,46,2026-04-09 08:43:44,16.233333333333334,0,0,False,0.0,False,,ENTRY_WITHOUT_CONFIRMED_STOP,C,True,False
AU-043,247408700,MERSEY SPIRIT,2026-04-09 09:19:45.500,LEVANTE,2026-04-09 09:19:15,2026-04-09 09:20:16,61.0,A,37.1973257706632,15.231666666709557,AUGUSTA,9.2,317.4,augusta_research_geometry_v1,0,2026-04-10 11:58:10.500,LEVANTE,2026-04-10 11:57:40,2026-04-10 11:58:41,A,True,False,False,2026-04-16 12:43:53,True,1598.4166666666667,1410,1406,2026-04-09 09:20:16,418.48333333333335,200,1154,False,0.0,True,OPL AUGUSTA,STOP_CONFIRMED_CALL_CANDIDATE,A,True,False
AU-044,605076190,RAS TOMB,2026-04-09 09:27:52.500,LEVANTE,2026-04-09 09:27:22,2026-04-09 09:28:23,61.0,A,37.19690662656953,15.231666666709561,ITAUG,11.1,285.7,augusta_research_geometry_v1,0,,,,,,False,True,False,2026-04-16 12:43:53,True,10276.008333333333,6631,6631,2026-04-09 09:28:23,528.05,0,6597,False,0.0,True,ITAUG,STOP_CONFIRMED_CALL_CANDIDATE,A,True,False
AU-045,247243700,IEVOLI FAST,2026-04-09 11:11:24.500,LEVANTE,2026-04-09 11:10:54,2026-04-09 11:11:55,61.0,A,37.19729132503627,15.23166666670956,ITAUG,9.9,314.7,augusta_research_geometry_v1,0,2026-04-15 20:08:40.000,LEVANTE,2026-04-15 20:08:10,2026-04-15 20:09:10,A,True,False,False,2026-04-15 22:58:25,False,9177.258333333333,7294,6334,2026-04-09 11:11:55,790.8166666666667,0,6255,False,0.0,True,ITAUG,STOP_CONFIRMED_CALL_CANDIDATE,A,True,False
AU-046,219031822,C-INSTALLER,2026-04-09 11:44:53.500,LEVANTE,2026-04-09 11:44:23,2026-04-09 11:45:24,61.0,A,37.19697218285847,15.231666666709557,AUGUSTA,7.3,287.0,augusta_research_geometry_v1,0,2026-04-10 16:51:13.500,LEVANTE,2026-04-10 16:50:43,2026-04-10 16:51:44,A,True,False,False,2026-04-10 20:53:45,False,1746.3333333333333,1719,1719,2026-04-09 11:45:24,466.55,0,1684,False,0.0,True,AUGUSTA,STOP_CONFIRMED_CALL_CANDIDATE,A,True,False
AU-047,314001155,TALUREX,2026-04-09 13:23:19.500,LEVANTE,2026-04-09 13:22:49,2026-04-09 13:23:50,61.0,A,37.19672149575922,15.231666666709557,IT AUG,7.2,273.3,augusta_research_geometry_v1,0,2026-04-11 00:59:05.500,LEVANTE,2026-04-11 00:58:35,2026-04-11 00:59:36,A,True,False,False,2026-04-11 05:01:08,False,2135.766666666667,1593,1593,2026-04-09 13:23:50,364.76666666666665,1505,0,False,0.0,True,IT AUG,STOP_CONFIRMED_CALL_CANDIDATE,A,True,False
AU-048,210515000,SOLVIK,2026-04-09 17:07:38.500,LEVANTE,2026-04-09 17:07:08,2026-04-09 17:08:09,61.0,A,37.19661535826204,15.23166666670956,AUGUSTA IT,9.6,264.9,augusta_research_geometry_v1,0,2026-04-11 09:53:13.500,LEVANTE,2026-04-11 09:52:43,2026-04-11 09:53:44,A,True,False,False,2026-04-16 12:43:53,False,2445.5833333333335,2202,2202,2026-04-09 17:08:09,1243.9666666666667,2165,0,False,0.0,True,AUGUSTA IT,STOP_CONFIRMED_CALL_CANDIDATE,A,True,False
AU-049,538010449,,2026-04-10 02:39:47.500,LEVANTE,2026-04-10 02:39:17,2026-04-10 02:40:18,61.0,A,37.196640793361716,15.23166666670956,,7.5,274.0,augusta_research_geometry_v1,0,,,,,,False,False,True,2026-04-12 21:49:59,False,4030.1916666666666,311,300,2026-04-10 02:40:18,53.9,0,233,False,0.0,False,,STOP_CONFIRMED_CALL_CANDIDATE,C,True,False
AU-050,538003678,STRENGTH,2026-04-10 06:21:33.500,LEVANTE,2026-04-10 06:21:03,2026-04-10 06:22:04,61.0,A,37.19703581158476,15.23166666670956,ITSPA>ITAUG,6.7,275.0,augusta_research_geometry_v1,0,2026-04-10 20:11:33.500,LEVANTE,2026-04-10 20:11:03,2026-04-10 20:12:04,A,True,False,False,2026-04-16 12:43:53,False,830.0,815,815,2026-04-10 06:22:04,246.43333333333334,0,660,False,0.0,True,FRFOS>ITSPA,STOP_CONFIRMED_CALL_CANDIDATE,A,True,False
AU-051,249689000,BC MIKLAGARD,2026-04-10 07:47:02.500,LEVANTE,2026-04-10 07:46:32,2026-04-10 07:47:33,61.0,A,37.19688653732331,15.231666666709557,ITAUG,6.1,284.0,augusta_research_geometry_v1,0,2026-04-12 03:30:10.500,LEVANTE,2026-04-12 03:29:40,2026-04-12 03:30:41,A,True,False,False,2026-04-12 06:36:38,False,2623.133333333333,2158,2155,2026-04-10 07:47:33,546.35,2087,0,False,0.0,True,ITAUG,STOP_CONFIRMED_CALL_CANDIDATE,A,True,False
AU-052,215909000,SB AVANTEA,2026-04-10 07:59:15.500,LEVANTE,2026-04-10 07:58:45,2026-04-10 07:59:46,61.0,A,37.19710983727714,15.231666666709557,IT AUG,10.6,274.0,augusta_research_geometry_v1,0,2026-04-15 01:49:59.500,LEVANTE,2026-04-15 01:49:29,2026-04-15 01:50:30,A,True,False,False,2026-04-15 06:23:12,False,6830.733333333334,4878,4878,2026-04-10 07:59:46,796.3166666666667,0,4744,False,0.0,True,IT AUG,STOP_CONFIRMED_CALL_CANDIDATE,A,True,False
AU-053,215232000,SEA BUFFALO,2026-04-10 14:07:15.500,LEVANTE,2026-04-10 14:06:45,2026-04-10 14:07:46,61.0,A,37.19672567247449,15.231666666709557,"AUGUSTA,SICILY",2.7,274.5,augusta_research_geometry_v1,0,,,,,,False,False,True,2026-04-16 12:43:53,False,8556.625,5790,122,2026-04-10 14:07:46,5.083333333333333,0,0,False,12.183333333333334,True,"MELILI ,SICILY",ENTRY_WITHOUT_CONFIRMED_STOP,C,True,False
AU-054,311000232,ALDEBARAN,2026-04-10 19:31:55.500,LEVANTE,2026-04-10 19:31:25,2026-04-10 19:32:26,61.0,A,37.19678358286166,15.231666666709557,ITAUG,5.8,273.8,augusta_research_geometry_v1,0,2026-04-13 10:17:39.500,LEVANTE,2026-04-13 10:17:09,2026-04-13 10:18:10,A,True,False,False,2026-04-13 15:35:07,False,3765.733333333333,3445,3445,2026-04-10 19:32:26,1271.4666666666667,3159,169,False,0.0,True,ITAUG,STOP_CONFIRMED_CALL_CANDIDATE,A,True,False
AU-055,247100900,SEBASTIANO,2026-04-10 21:23:43.500,LEVANTE,2026-04-10 21:23:13,2026-04-10 21:24:14,61.0,A,37.19713195774902,15.23166666670956,AUGUSTA,10.8,303.0,augusta_research_geometry_v1,0,,,,,,False,True,False,2026-04-16 12:43:53,True,8120.158333333334,3122,3122,2026-04-10 21:24:14,477.73333333333335,0,0,False,0.0,True,AUGUSTA,STOP_CONFIRMED_CALL_CANDIDATE,A,True,False
AU-056,256251000,CHEMICAL MARINER,2026-04-11 01:22:25.500,LEVANTE,2026-04-11 01:21:55,2026-04-11 01:22:56,61.0,A,37.19686940996129,15.231666666709557,ITAUG,9.1,284.0,augusta_research_geometry_v1,0,2026-04-12 07:51:54.500,LEVANTE,2026-04-12 07:51:24,2026-04-12 07:52:25,A,True,False,False,2026-04-12 18:17:16,False,1829.4833333333333,1483,1483,2026-04-11 01:22:56,240.8,264,1108,False,0.0,True,ITAUG,STOP_CONFIRMED_CALL_CANDIDATE,A,True,False
AU-057,255970000,SIDER UNICORN,2026-04-11 05:35:09.500,LEVANTE,2026-04-11 05:34:39,2026-04-11 05:35:40,61.0,A,37.19690429635167,15.23166666670956,ITAUG,6.8,281.5,augusta_research_geometry_v1,0,,,,,,False,False,True,2026-04-15 00:16:13,False,5441.058333333333,3612,3563,2026-04-11 05:35:40,1166.85,3485,0,False,5.083333333333333,True,ITAUG,STOP_CONFIRMED_CALL_CANDIDATE,C,True,False
AU-058,311000279,PEAK SPIRIT,2026-04-11 06:30:04.500,LEVANTE,2026-04-11 06:29:34,2026-04-11 06:30:35,61.0,A,37.19647594022373,15.23166666670956,LYESI>ITAUG,5.7,273.0,augusta_research_geometry_v1,0,2026-04-12 16:00:49.000,LEVANTE,2026-04-12 16:00:19,2026-04-12 16:01:19,A,True,False,False,2026-04-13 23:16:54,False,2010.7416666666666,150,150,2026-04-11 06:30:35,85.33333333333333,25,0,False,0.0,True,FOR ORDERS,STOP_CONFIRMED_CALL_CANDIDATE,A,True,False
AU-059,247355500,DOMENICO IEVOLI,2026-04-11 07:19:53.500,LEVANTE,2026-04-11 07:19:23,2026-04-11 07:20:24,61.0,A,37.19671380555399,15.231666666709557,ITAUG,12.0,276.0,augusta_research_geometry_v1,0,2026-04-13 16:05:06.500,LEVANTE,2026-04-13 16:04:36,2026-04-13 16:05:37,A,True,False,False,2026-04-13 19:24:07,False,3405.2166666666667,2139,2139,2026-04-11 07:20:24,913.35,120,1938,False,0.0,True,ITAUG,STOP_CONFIRMED_CALL_CANDIDATE,A,True,False
AU-060,271051219,MED URLA,2026-04-11 12:44:20.500,LEVANTE,2026-04-11 12:43:50,2026-04-11 12:44:51,61.0,A,37.19700942779174,15.23166666670956,ITAUG,8.5,273.5,augusta_research_geometry_v1,0,2026-04-13 19:18:32.500,LEVANTE,2026-04-13 19:18:02,2026-04-13 19:19:03,A,True,False,False,2026-04-13 23:16:54,False,3274.2,2960,2958,2026-04-11 12:44:51,661.9166666666666,2891,0,False,0.0,True,ITAUG,STOP_CONFIRMED_CALL_CANDIDATE,A,True,False
AU-061,247408700,MERSEY SPIRIT,2026-04-11 13:55:26.500,LEVANTE,2026-04-11 13:54:56,2026-04-11 13:55:57,61.0,A,37.19737764004566,15.231666666709557,AUGUSTA,9.2,286.7,augusta_research_geometry_v1,0,,,,,,False,True,False,2026-04-16 12:43:53,True,7128.441666666667,5188,5188,2026-04-11 13:55:57,340.26666666666665,0,5163,False,0.0,True,CATANIA,STOP_CONFIRMED_CALL_CANDIDATE,A,True,False
AU-062,248507000,YM MERCURY,2026-04-11 18:20:08.500,LEVANTE,2026-04-11 18:19:38,2026-04-11 18:20:39,61.0,A,37.196916588618514,15.23166666670956,TRDRC>ITAUG,9.5,286.6,augusta_research_geometry_v1,0,2026-04-12 18:38:02.500,LEVANTE,2026-04-12 18:37:32,2026-04-12 18:38:33,A,True,False,False,2026-04-12 21:15:33,False,1457.9,415,372,2026-04-11 18:20:39,76.08333333333333,0,305,False,0.0,True,TRDRC>ITAUG,STOP_CONFIRMED_CALL_CANDIDATE,A,True,False
AU-063,247190400,DANTE A,2026-04-11 21:34:46.000,LEVANTE,2026-04-11 21:34:15,2026-04-11 21:35:17,62.0,A,37.196423444422585,15.23166666670956,ITAUG,11.6,275.0,augusta_research_geometry_v1,0,,,,,,False,True,False,2026-04-16 12:43:53,True,6669.116666666667,4333,4333,2026-04-11 21:35:17,150.71666666666667,30,4230,False,0.0,True,ITAUG,STOP_CONFIRMED_CALL_CANDIDATE,A,True,False
AU-064,255916020,JAGUAR,2026-04-12 08:42:09.000,LEVANTE,2026-04-12 08:41:38,2026-04-12 08:42:40,62.0,A,37.19717882047249,15.23166666670956,ITAUG,3.7,299.7,augusta_research_geometry_v1,0,,,,,,False,True,False,2026-04-16 12:43:53,True,6001.733333333334,4262,4256,2026-04-12 08:42:40,2236.3333333333335,2205,2012,False,0.0,True,CATANIA,STOP_CONFIRMED_CALL_CANDIDATE,A,True,False
AU-065,248333000,SILENDI,2026-04-12 18:51:12.500,LEVANTE,2026-04-12 18:50:42,2026-04-12 18:51:43,61.0,A,37.196377743974686,15.231666666709557,ITAUG,7.8,294.6,augusta_research_geometry_v1,0,,,,,,False,False,True,2026-04-13 23:27:14,True,1716.025,238,238,2026-04-12 18:51:43,44.56666666666667,28,182,False,0.0,True,ITAUG,STOP_CONFIRMED_CALL_CANDIDATE,C,True,False
AU-066,210515000,SOLVIK,2026-04-13 05:25:39.500,LEVANTE,2026-04-13 05:25:09,2026-04-13 05:26:10,61.0,A,37.19694001868128,15.23166666670956,AUGUSTA IT,8.4,284.0,augusta_research_geometry_v1,0,2026-04-16 11:38:23.500,LEVANTE,2026-04-16 11:37:53,2026-04-16 11:38:54,A,True,False,False,2026-04-16 12:43:53,False,4692.733333333334,3089,3089,2026-04-13 05:26:10,1107.9833333333333,2586,418,False,5.066666666666666,True,AUGUSTA IT,STOP_CONFIRMED_CALL_CANDIDATE,A,True,False
AU-067,636021231,MSC LILA F,2026-04-13 06:55:50.000,LEVANTE,2026-04-13 06:55:20,2026-04-13 06:56:20,60.0,A,37.19675700721017,15.23166666670956,ITAUG,8.4,297.1,augusta_research_geometry_v1,0,2026-04-15 19:01:51.500,LEVANTE,2026-04-15 19:01:21,2026-04-15 19:02:22,A,True,False,False,2026-04-16 02:00:57,False,3606.025,1360,1360,2026-04-13 06:56:20,588.95,397,874,False,0.0,True,ITAUG,STOP_CONFIRMED_CALL_CANDIDATE,A,True,False
AU-068,219432000,TASING SWAN,2026-04-13 06:57:51.500,LEVANTE,2026-04-13 06:57:21,2026-04-13 06:58:22,61.0,A,37.196621134765614,15.23166666670956,ITAUG,9.5,270.9,augusta_research_geometry_v1,0,,,,,,False,True,False,2026-04-16 12:43:53,True,4666.025,3116,3116,2026-04-13 06:58:22,1003.8166666666667,981,2084,False,0.0,True,ITAUG,STOP_CONFIRMED_CALL_CANDIDATE,A,True,False
AU-069,249087000,CMA CGM SALAMANQUE,2026-04-13 07:04:57.500,LEVANTE,2026-04-13 07:04:27,2026-04-13 07:05:28,61.0,A,37.19667820092484,15.231666666709557,ITAUG,8.2,270.6,augusta_research_geometry_v1,0,,,,,,False,False,True,2026-04-13 23:27:14,True,982.275,908,908,2026-04-13 07:05:28,623.4,0,887,False,0.0,True,ITAUG,STOP_CONFIRMED_CALL_CANDIDATE,C,True,False
AU-070,256227000,NQ ROSA,2026-04-13 08:15:55.500,LEVANTE,2026-04-13 08:15:25,2026-04-13 08:16:26,61.0,A,37.1967412587906,15.231666666709556,IT AUG,9.0,276.0,augusta_research_geometry_v1,0,,,,,,False,False,True,2026-04-16 12:43:53,False,4587.958333333333,2919,800,2026-04-13 08:16:26,150.16666666666666,0,767,False,0.0,True,IT AUG,STOP_CONFIRMED_CALL_CANDIDATE,C,True,False
AU-071,215910000,CLOTILDE,2026-04-13 15:45:48.500,LEVANTE,2026-04-13 15:45:18,2026-04-13 15:46:19,61.0,A,37.19645710174159,15.23166666670956,DZ ALG - IT AUG,9.7,272.0,augusta_research_geometry_v1,0,2026-04-16 00:44:23.500,LEVANTE,2026-04-16 00:43:53,2026-04-16 00:44:54,A,True,False,False,2026-04-16 04:58:25,False,3418.5833333333335,1492,1492,2026-04-13 15:46:19,231.5,937,469,False,0.0,True,DZ ALG - IT AUG,STOP_CONFIRMED_CALL_CANDIDATE,A,True,False
AU-072,373026000,ORIENTAL COSMOS,2026-04-15 00:03:32.500,LEVANTE,2026-04-15 00:03:02,2026-04-15 00:04:03,61.0,A,37.196626209762215,15.23166666670956,ITAUG,9.0,275.2,augusta_research_geometry_v1,0,,,,,,False,False,True,2026-04-16 12:43:53,False,2200.3416666666667,2163,2152,2026-04-15 00:04:03,369.73333333333335,0,2080,False,0.0,True,ITAUG,STOP_CONFIRMED_CALL_CANDIDATE,C,True,False
AU-073,538012456,ANGERONA,2026-04-15 06:21:40.500,LEVANTE,2026-04-15 06:21:10,2026-04-15 06:22:11,61.0,A,37.19656889006674,15.231666666709557,ITAUG,7.1,268.5,augusta_research_geometry_v1,0,,,,,,False,True,False,2026-04-16 12:43:53,True,1822.2083333333333,1644,1644,2026-04-15 06:22:11,613.2666666666667,1578,0,False,0.0,True,ITAUG,STOP_CONFIRMED_CALL_CANDIDATE,A,True,False
AU-074,271051063,ULUC KA,2026-04-15 11:32:11.500,LEVANTE,2026-04-15 11:31:41,2026-04-15 11:32:42,61.0,A,37.19656838867042,15.23166666670956,MTMAR,6.9,277.7,augusta_research_geometry_v1,0,2026-04-15 16:28:50.500,LEVANTE,2026-04-15 16:28:20,2026-04-15 16:29:21,A,True,False,False,2026-04-15 18:16:49,False,296.65,292,292,2026-04-15 11:32:42,207.33333333333334,0,242,False,0.0,False,MTMAR,STOP_CONFIRMED_CALL_CANDIDATE,A,True,False
AU-075,249475000,EMEK-S,2026-04-15 12:26:59.500,LEVANTE,2026-04-15 12:26:29,2026-04-15 12:27:30,61.0,A,37.19673848777428,15.23166666670956,ITAUG,9.3,278.8,augusta_research_geometry_v1,0,,,,,,False,False,True,2026-04-16 08:02:05,True,1175.0916666666667,417,417,2026-04-15 12:27:30,55.85,381,0,False,0.0,True,ITAUG,STOP_CONFIRMED_CALL_CANDIDATE,C,True,False
AU-076,210688000,AMAZONITH,2026-04-15 15:01:20.500,LEVANTE,2026-04-15 15:00:50,2026-04-15 15:01:51,61.0,A,37.196679519241364,15.23166666670956,IT AUG,9.8,289.0,augusta_research_geometry_v1,0,,,,,,False,True,False,2026-04-16 12:43:53,True,1302.5416666666667,407,407,2026-04-15 15:01:51,44.6,345,0,False,0.0,True,IT AUG,STOP_CONFIRMED_CALL_CANDIDATE,A,True,False
AU-077,210627000,MOLVIK,2026-04-15 19:25:07.500,LEVANTE,2026-04-15 19:24:37,2026-04-15 19:25:38,61.0,A,37.1965010590544,15.231666666709557,ITAUG,9.5,286.7,augusta_research_geometry_v1,0,,,,,,False,True,False,2026-04-16 12:43:53,True,1038.7583333333334,1019,1019,2026-04-15 19:25:38,582.0666666666667,17,968,False,0.0,True,ITAUG,STOP_CONFIRMED_CALL_CANDIDATE,A,True,False
AU-078,249891000,CGAS NEPTUNE,2026-04-15 22:03:09.500,LEVANTE,2026-04-15 22:02:39,2026-04-15 22:03:40,61.0,A,37.196784591689116,15.231666666709557,IT AUG,9.0,279.3,augusta_research_geometry_v1,0,,,,,,False,False,True,2026-04-16 11:30:47,False,807.625,368,30,2026-04-15 22:03:40,5.066666666666666,0,0,False,0.0,True,IT AUG,ENTRY_WITHOUT_CONFIRMED_STOP,C,True,False
AU-079,247282600,ODOARDO AMORETTI,2026-04-16 10:55:44.500,LEVANTE,2026-04-16 10:55:14,2026-04-16 10:56:15,61.0,A,37.19649898903486,15.23166666670956,IT AUG,8.0,289.2,augusta_research_geometry_v1,0,,,,,,False,True,False,2026-04-16 12:43:53,True,108.14166666666667,107,107,2026-04-16 10:56:15,60.916666666666664,0,76,False,0.0,True,IT AUG,STOP_CONFIRMED_CALL_CANDIDATE,A,True,False
