session_id,coverage,max_gap_min,gaps_gt_10m,inner_fraction,time_to_confirmed_stop_min,pre_obs_6h,pre_max_dist_km,high_stale_fraction
AU-001,0.9217247664409065,110.4,22,1.0,76.525,255,61.230995753274094,0.0
AU-002,0.09132102709422159,1732.1,4,1.0,51.175,232,71.11278995274392,0.008928571428571428
AU-003,0.9748232902295454,9.1,0,0.9940828402366864,55.225,308,29.058066302739505,0.04437869822485207
AU-004,0.9284283366490789,128.65,19,1.0,69.39166666666667,168,59.40867335977781,0.0
AU-005,0.812714890240677,98.26666666666667,5,1.0,67.4,279,71.17934767486837,0.0
AU-006,0.3440151794655563,208.76666666666668,1,0.9532710280373832,,352,17.741724454437357,0.0
AU-007,0.8950825669318027,436.53333333333336,7,0.9767186067827681,109.94166666666666,278,61.49187172478627,0.0
AU-008,0.09106072104679382,1262.6333333333334,6,1.0,43.075,177,52.126119653978435,0.03910614525139665
AU-009,1.0030163094252997,1.0166666666666666,0,1.0,37.0,352,32.30539690926522,0.0
AU-010,0.7745676461216096,302.2,26,0.9716096324461343,209.275,248,53.989548276666504,0.0
AU-011,0.04856350550607244,1526.1,9,1.0,,250,29.505879425815248,0.24161073825503357
AU-012,0.07462784138665271,3266.25,3,1.0,3452.1583333333333,91,30.539531134323926,0.015267175572519083
AU-013,0.81962764692862,164.03333333333333,44,0.8717205613178768,183.89166666666668,202,60.52270688792838,0.0004575960951799878
AU-014,0.9217467408301498,38.516666666666666,9,0.9997255009607466,130.14166666666668,95,28.279199168218184,0.0
AU-015,0.3074895070972096,543.9333333333333,1,0.891213389121339,676.1583333333333,106,27.14524386369876,0.0502092050209205
AU-016,0.44813142316776994,1448.5166666666667,16,0.9880918627728948,42.016666666666666,234,3.5336002469083763,0.004961723844627162
AU-017,0.7376408649540733,788.8333333333334,10,0.6327044025157232,77.48333333333333,166,39.773215388876125,0.0
AU-018,0.11152408888174549,1451.3666666666666,2,1.0,1527.9583333333333,353,90.26110655211015,0.0
AU-019,0.48839719947423726,1903.45,56,0.6025215660252157,2753.95,69,5.496396860694437,0.08626410086264101
AU-020,0.8169923926439964,171.45,11,1.0,59.30833333333333,302,72.1324926986493,0.0022665457842248413
AU-021,0.1833097404134639,1410.6333333333334,1,1.0,51.18333333333333,261,89.56995979842148,0.006430868167202572
AU-022,0.9762666109620298,92.01666666666667,9,1.0,33.93333333333333,175,61.30928717972665,0.0002113718030014796
AU-023,0.5156411635136869,745.6,6,0.973845657087504,41.041666666666664,345,4.709883392118355,0.010332579916047788
AU-024,0.9772727272727273,10.15,1,1.0,65.35833333333333,9,1.1020746592675792,0.0
AU-025,0.46115655853314524,1463.1833333333334,19,0.18771526980482203,3576.4583333333335,154,34.16453856733132,0.001148105625717566
AU-026,0.029905014809518946,1584.1333333333334,1,1.0,,257,94.80309049071519,0.3125
AU-027,0.19062500000000002,707.8166666666667,5,1.0,764.125,295,30.994359364789148,0.03932584269662921
AU-028,0.27742718446601944,3723.7,51,1.0,386.5416666666667,44,16.453715374954577,0.008311461067366578
AU-029,0.1550591780632843,724.7833333333333,7,0.995475113122172,469.4583333333333,244,47.92047201829806,0.00904977375565611
AU-030,0.8441339273660051,41.68333333333333,7,1.0,125.19166666666666,327,42.13028880861774,0.01951219512195122
AU-031,0.038335646390321824,1218.1666666666667,1,0.8958333333333334,,280,8.77464050704093,0.2708333333333333
AU-032,0.7904940841923527,109.4,8,0.9992163009404389,65.49166666666666,354,39.3990578969192,0.0
AU-033,0.9904801967382864,18.183333333333334,1,1.0,47.208333333333336,354,128.75193697785448,0.00039856516540454366
AU-034,0.8466713017216957,1443.4833333333333,7,1.0,113.275,344,30.791013157443007,0.0
AU-035,1.0131658902167309,1.0333333333333334,0,0.8780487804878049,,174,44.952925894242775,0.0975609756097561
AU-036,0.9990499027281364,1.0333333333333334,0,1.0,69.71666666666667,137,39.21398383551672,0.0
AU-037,0.12320569667819029,658.4166666666666,6,0.9953488372093023,698.525,348,61.759079779059974,0.03255813953488372
AU-038,0.9729764390456992,50.516666666666666,3,1.0,68.44166666666666,310,105.80951501287109,0.0
AU-039,0.8700436375390583,148.15,2,1.0,53.24166666666667,214,73.30976815656457,0.0
AU-040,0.6875469570271339,1440.3166666666666,40,1.0,54.266666666666666,300,32.824864006877746,0.0
AU-041,0.26276854847504455,673.5666666666667,1,0.9029535864978903,824.1416666666667,243,55.74854079357185,0.012658227848101266
AU-042,1.0114187392460503,1.0166666666666666,0,0.8679245283018868,,198,15.404273068084077,0.20754716981132076
AU-043,0.8968249830561493,32.56666666666667,7,0.9971631205673759,62.40833333333333,151,37.23323478524325,0.004964539007092199
AU-044,0.6560442973560583,1440.3166666666666,48,1.0,45.15833333333333,280,108.74243012587065,0.0003016136329362087
AU-045,0.8080372587673696,1443.4833333333333,5,0.8683849739511927,68.475,194,60.63209840226153,0.0
AU-046,1.000753960679519,1.0333333333333334,0,1.0,41.075,258,61.84299567418472,0.0
AU-047,0.7582991275576295,212.68333333333334,14,1.0,61.425,197,79.94269631969394,0.0
AU-048,0.9154053225201895,87.06666666666666,4,1.0,164.59166666666667,216,51.287294928832836,0.00045413260672116256
AU-049,0.07845367155821786,2747.0666666666666,11,0.9646302250803859,132.775,85,28.315467573260314,0.06752411575562701
AU-050,0.998293172690763,2.033333333333333,0,1.0,40.19166666666667,354,7.106634824353789,0.0
AU-051,0.8363915927516711,116.36666666666666,10,0.9986098239110287,59.541666666666664,352,104.98103138885928,0.0
AU-052,0.7260274641082949,1440.3166666666666,5,1.0,99.225,238,62.3074113933821,0.0
AU-053,0.6879464742231896,1440.3166666666666,10,0.021070811744386873,,348,5.871114287396384,0.0029360967184801382
AU-054,0.9300755939524838,158.05,3,1.0,33.025,267,93.01949842477558,0.0
AU-055,0.3908831826965607,2902.9,6,1.0,37.108333333333334,131,39.378929021371825,0.0019218449711723255
AU-056,0.8241215643760988,71.25,11,1.0,47.175,354,77.2111937853306,0.0
AU-057,0.6749054641636814,1443.4833333333333,4,0.9864341085271318,86.94166666666666,319,60.89271818385036,0.004152823920265781
AU-058,0.07584266170442913,1390.3,2,1.0,61.49166666666667,355,103.73346783511029,0.0
AU-059,0.6386230929994665,590.6666666666666,7,1.0,105.10833333333333,204,64.18324885131604,0.0
AU-060,0.9191049213039317,161.08333333333334,3,0.9993243243243243,76.69166666666666,186,61.02885472294072,0.00033783783783783786
AU-061,0.7399186124129514,1440.3166666666666,7,1.0,146.10833333333332,268,34.93259186967821,0.0
AU-062,0.2894002789400279,656.0333333333333,4,0.8963855421686747,61.525,329,111.68538581226873,0.0
AU-063,0.6605397516412719,1440.3166666666666,10,1.0,76.01666666666667,206,63.004246483762245,0.0
AU-064,0.7219636549441273,1440.3166666666666,3,0.998592210229939,82.48333333333333,352,18.565839542976924,0.0
AU-065,0.14100416174978025,1404.3666666666666,4,1.0,114.975,177,40.305009544016684,0.05042016806722689
AU-066,0.6692226278927704,1443.4833333333333,4,1.0,128.19166666666666,196,44.10007313580215,0.0
AU-067,0.3834323574203359,1778.0166666666667,13,1.0,70.46666666666667,216,32.61057499681302,0.0
AU-068,0.6789362108718521,1443.4833333333333,2,1.0,58.30833333333333,220,45.71402497416897,0.0
AU-069,0.9397911311326597,39.266666666666666,1,1.0,56.275,227,35.06111678252905,0.0
AU-070,0.6468345578552552,1443.4833333333333,6,0.2740664611168208,50.208333333333336,151,21.929700269150445,0.0
AU-071,0.4437120639641177,1447.4166666666667,14,1.0,50.25833333333333,201,34.49723925202615,0.0
AU-072,0.9994129699554236,7.083333333333333,0,0.994914470642626,74.50833333333334,36,9.836272290834831,0.0
AU-073,0.9172386984656896,103.25,2,1.0,67.475,199,51.587046957846205,0.0
AU-074,1.0007303781111299,1.0833333333333333,0,1.0,78.65833333333333,270,83.37817937786261,0.0
AU-075,0.360780364652403,278.95,13,1.0,99.99166666666666,355,55.67559331064942,0.0
AU-076,0.31767377882985187,298.9166666666667,17,1.0,49.40833333333333,195,58.70077126814448,0.022113022113022112
AU-077,0.9973285412872741,6.083333333333333,0,1.0,50.125,283,62.76452254874381,0.004906771344455349
AU-078,0.4632513026879224,104.56666666666666,12,0.08152173913043478,,85,24.474106368401788,0.0
AU-079,1.0059335747861602,1.0333333333333334,0,1.0,67.525,294,90.9107025811753,0.0
