session_id,session_observation_coverage,session_sparse,max_session_observation_gap_min,session_gaps_gt_10m,time_to_confirmed_stop_min,pre_entry_observations_3h,pre_entry_start_distance_km,pre_entry_end_distance_km,pre_entry_max_distance_km,post_session_observations_6h,session_port_side_fraction,session_inner_harbour_fraction,entry_window_high_stale_fraction
CT-001,1.0010076291924572,False,4.05,0,29.908333333333335,52,9.520228674917158,0.09593296033247115,9.520228674917158,142,1.0,1.0,0.0
CT-002,1.0006280710828683,False,6.083333333333333,0,28.891666666666666,72,13.386685580408455,0.21939884265008064,13.386685580408455,196,1.0,1.0,0.05
CT-003,1.0034300080811709,False,1.0166666666666666,0,30.966666666666665,88,23.81955083211733,0.08607309853132768,23.81955083211733,193,1.0,1.0,0.0
CT-004,0.045987768657346925,True,3070.8,4,35.958333333333336,35,7.063565994793101,0.20295645253064773,7.063565994793101,208,1.0,1.0,0.0
CT-005,0.021008078082097623,True,3115.5833333333335,6,5719.658333333334,3,0.5724153247730053,0.08559956549936444,0.5724153247730053,0,0.8739495798319328,0.7773109243697479,0.0
CT-006,1.0037230985892693,False,1.0333333333333334,0,39.025,57,23.48691575021104,0.03557562780270392,23.48691575021104,144,1.0,1.0,0.0
CT-007,1.002399327769128,False,4.05,0,22.808333333333334,178,1.4375972262130055,0.12903831818069492,1.6540701866799647,355,0.996684519255292,0.996684519255292,0.0
CT-008,0.14661859499617613,True,978.0666666666667,1,34.94166666666667,98,23.228347444926275,0.18658003770729575,23.228347444926275,125,1.0,1.0,0.0
CT-009,1.0039269325803035,False,1.0166666666666666,0,30.891666666666666,156,71.959027130501,0.08456903192741125,71.959027130501,202,0.04289544235924933,1.0,0.0
CT-010,1.0041385724250174,False,1.0166666666666666,0,29.866666666666667,155,88.5205614232479,0.1365843840290911,88.5205614232479,73,1.0,1.0,0.0
CT-011,1.0029020614229693,False,1.0166666666666666,0,27.808333333333334,62,22.974172506290312,0.05555406242496406,22.974172506290312,64,0.0040116703136396795,1.0,0.0
CT-012,1.002045866877115,False,1.0333333333333334,0,39.06666666666667,177,85.32196978419971,0.07654551052754233,85.32196978419971,70,1.0,1.0,0.0
CT-013,0.006389135659283566,True,11678.9,3,,177,5.4736523846294105,0.4161990383709652,14.972978653387003,0,1.0,1.0,0.3
CT-014,1.002021666324628,False,1.0333333333333334,0,38.075,177,42.24274751005482,0.03473822356085455,42.24274751005482,151,1.0,1.0,0.0
CT-015,0.014618716284524009,True,7233.8,3,26.891666666666666,142,34.15954673523943,0.022337713111657397,34.15954673523943,222,1.0,1.0,0.0
CT-016,1.0141117340034798,False,1.0166666666666666,0,,177,0.7369821322454568,0.12020742075518875,11.187524941352942,0,1.0,1.0,0.0
CT-017,1.0014269446187456,False,1.0333333333333334,0,28.883333333333333,135,70.26492898974779,0.06812672640477574,70.26492898974779,354,1.0,1.0,0.0
CT-018,1.0017384792318598,False,1.0333333333333334,0,30.95,178,54.85572669151573,0.07106721484503882,54.85572669151573,101,1.0,1.0,0.0
CT-019,1.001248074000942,False,1.0333333333333334,0,34.99166666666667,177,42.67699425573986,0.08308189910048144,42.67699425573986,354,1.0,1.0,0.0
CT-020,1.0012296658234157,False,1.0333333333333334,0,50.21666666666667,178,1.4401154161437464,0.08906857539604056,1.7420554067489409,354,1.0,1.0,0.0
CT-021,0.9995052502066883,False,5.066666666666666,0,24.975,177,32.03669767468901,0.10181369610218713,32.03669767468901,80,1.0,1.0,0.05
CT-022,0.9986902423051736,False,1.0333333333333334,0,,104,19.647530240305898,0.05218200007191395,19.647530240305898,17,1.0,1.0,0.05
CT-023,1.0007483056222697,False,1.0333333333333334,0,34.95,178,62.529704509964425,0.03870119139868653,62.529704509964425,168,0.016507384882710686,1.0,0.0
CT-024,1.000442597555878,False,1.0333333333333334,0,39.09166666666667,63,23.454170617597242,0.10133575745140437,23.454170617597242,67,1.0,1.0,0.0
CT-025,1.001155690890158,False,1.0333333333333334,0,22.858333333333334,177,1.4396149797977595,0.2061140250617321,2.1382997480554176,355,0.9985580389329488,0.9985580389329488,0.0
CT-026,0.9938286842754875,False,4.05,0,89.925,168,23.794075354870245,0.06339788128104805,23.804992352585703,343,1.0,1.0,0.1
CT-027,0.04471307351132425,True,1282.5666666666666,1,39.141666666666666,10,0.4930639315977811,0.16785496095570804,0.4930639315977811,111,1.0,1.0,0.05
CT-028,1.001680350824465,False,1.0333333333333334,0,29.925,59,21.964134428313667,0.040152505422936594,21.964134428313667,71,0.018302828618968387,1.0,0.0
CT-029,1.000952658695441,False,1.0333333333333334,0,26.891666666666666,178,31.94701449091945,0.17955738478795621,31.94701449091945,353,1.0,1.0,0.0
CT-030,1.0016420361247946,False,1.0333333333333334,0,22.841666666666665,150,34.04344966227375,0.13500044440714545,34.04344966227375,55,1.0,1.0,0.0
CT-031,0.8413147895047532,False,1443.4833333333333,3,38.09166666666667,172,25.315511353407008,0.028486472895385386,25.315511353407008,0,1.0,1.0,0.0
CT-032,0.04137225161234632,True,2592.4666666666667,1,23.841666666666665,92,1.6911753911206218,0.1373743689368302,3.449765200711191,256,1.0,1.0,0.0
CT-033,0.5656726010776922,False,1317.1,3,43.15833333333333,177,36.090687833194295,0.4173901459102913,36.090687833194295,0,0.9981903727832067,0.9981903727832067,0.3
CT-034,1.0024564074176585,False,1.0333333333333334,0,30.941666666666666,51,23.404392891569167,0.05028448858084549,23.404392891569167,168,1.0,1.0,0.0
CT-035,0.09209495653931675,True,1040.05,4,35.00833333333333,92,12.360671574813114,0.17980173940098115,12.360671574813114,185,1.0,1.0,0.05
CT-036,0.9993790352078531,False,1.0333333333333334,0,22.916666666666668,48,9.50755349409547,0.05648137861013856,9.510562470558643,354,1.0,1.0,0.0
CT-037,0.999465980532563,False,1.0333333333333334,0,40.15833333333333,80,24.897139085641392,0.07496879110255858,24.897139085641392,70,1.0,1.0,0.0
CT-038,1.000048360576458,False,1.0333333333333334,0,38.175,177,1.5274297508697268,0.01999381104942957,2.1172457716507567,73,1.0,1.0,0.0
CT-039,0.9996740161213845,False,1.0333333333333334,0,30.991666666666667,177,77.67115709914982,0.08150438261201691,77.67115709914982,162,1.0,1.0,0.0
CT-040,0.9994338805821039,False,1.0333333333333334,0,27.925,64,26.501913418013633,0.09985335062514153,26.501913418013633,223,0.024390243902439025,1.0,0.0
CT-041,0.9215248512144121,False,55.56666666666667,3,32.05833333333333,176,29.372943317337047,0.13092704529813706,34.72693942126962,313,0.022146507666098807,0.379045996592845,0.0
CT-042,0.5572705877352827,False,1440.3166666666666,6,22.858333333333334,177,3.6005014245780806,0.10350862687069279,7.307060814239248,0,1.0,1.0,0.0
CT-043,1.0016336447032212,False,1.0333333333333334,0,22.841666666666665,177,1.4404464880485928,0.029311080133672843,2.005399191651475,353,1.0,1.0,0.0
CT-044,1.0185833557769997,False,1.0166666666666666,0,,161,10.257897077289591,0.1394021041798326,10.541821195284225,0,1.0,1.0,0.0
CT-045,0.9977391745680209,False,1.0333333333333334,0,21.875,177,1.435278681435322,0.20422172866514587,2.191039264843599,352,1.0,1.0,0.0
CT-046,0.9976697018081389,False,1.0333333333333334,0,26.958333333333332,175,89.6172137945176,0.11700228235833456,89.6172137945176,78,0.026385224274406333,1.0,0.0
CT-047,0.9945652173913044,False,1.0333333333333334,0,,71,23.68130736620374,0.02402802909968524,23.68130736620374,352,1.0,1.0,0.0
CT-048,0.7241990558986883,False,1440.3166666666666,3,30.266666666666666,176,1.0769261563720505,0.04511673339144494,1.1007906650702286,0,1.0,1.0,0.0
CT-049,0.7236906081646148,False,1440.3166666666666,3,41.55,176,0.34662130783812695,0.04358258097604491,1.4389254753917888,0,1.0,1.0,0.0
CT-050,1.0056200824278756,False,1.0333333333333334,0,29.15,131,29.91739158328805,0.2676509678888408,29.91739158328805,0,1.0,1.0,0.0
CT-051,1.013094857872884,False,1.0333333333333334,0,,127,31.604893073053077,0.11908526344654714,31.69576657556216,0,1.0,1.0,0.0
CT-052,1.001446070091868,False,1.0333333333333334,0,43.25833333333333,53,22.813428192938506,0.03297868464929733,22.813428192938506,74,0.9974093264248705,1.0,0.0
CT-053,1.0,False,1.0166666666666666,0,,177,0.34687323777105616,0.3457749994193014,0.3520651498731235,144,1.0,1.0,0.0
CT-054,0.9449809987171108,False,39.266666666666666,1,42.05833333333333,160,82.33495796441026,0.04991296675540742,82.33495796441026,0,1.0,1.0,0.0
CT-055,1.0010046885465504,False,1.0333333333333334,0,26.891666666666666,169,92.17574464181081,0.027280037082726333,92.17574464181081,60,0.02040816326530612,1.0,0.0
CT-056,1.0024421975212836,False,1.0333333333333334,0,26.875,178,32.391745669898874,0.030436175508956165,32.391745669898874,0,1.0,1.0,0.0
CT-057,0.8151447661469933,False,3.6,0,41.80833333333333,161,88.480282386451,0.03869339295412899,88.480282386451,0,0.24444444444444444,1.0,0.0
CT-058,1.016409997475385,False,1.0333333333333334,0,30.975,73,12.63605248675553,0.03399631103034372,12.63605248675553,0,1.0,1.0,0.0
CT-059,0.07238000459312563,True,808.9333333333333,1,852.0916666666667,153,29.649022450219384,0.048909664304466985,29.649022450219384,104,1.0,1.0,0.0
CT-060,1.001424287856072,False,1.6666666666666667,0,43.11666666666667,70,22.211798211337882,0.020065186040949083,22.211798211337882,0,1.0,1.0,0.0
CT-061,1.0047298425240665,False,1.0333333333333334,0,32.99166666666667,162,69.4554109367837,0.1852094867442474,69.4554109367837,0,1.0,1.0,0.0
