mmsi,name,crossing_direction,event_name,crossing_last_before,crossing_first_after,crossing_time_proxy,crossing_uncertainty_s,crossing_quality,crossing_lat,crossing_lon,sog_clean,cog_clean,destination_clean,stale_risk_level,geometry_version
205481000,BELLE L'ADRIATIQUE,INBOUND,CATANIA_RESEARCH_GATE_INBOUND,2026-04-06 09:48:47,2026-04-06 09:49:48,2026-04-06 09:49:17.500,61.0,A,37.486166333295095,15.097166999994549,5.8,359.0,IT CTA,LOW,catania_research_geometry_v1
205481000,BELLE L'ADRIATIQUE,OUTBOUND,CATANIA_RESEARCH_GATE_OUTBOUND,2026-04-07 17:37:17,2026-04-07 17:38:17,2026-04-07 17:37:47.000,60.0,A,37.48633333328242,15.097000000007224,7.6,185.0,MT MLA,LOW,catania_research_geometry_v1
211505880,BODAN,INBOUND,CATANIA_RESEARCH_GATE_INBOUND,2026-04-09 09:48:40,2026-04-09 09:49:41,2026-04-09 09:49:10.500,61.0,C,37.485243277320635,15.098090055969013,3.9,169.9,,LOW,catania_research_geometry_v1
211505880,BODAN,OUTBOUND,CATANIA_RESEARCH_GATE_OUTBOUND,2026-04-09 09:49:41,2026-04-09 09:50:42,2026-04-09 09:50:11.500,61.0,A,37.485538015966505,15.097795317323143,4.0,173.8,,LOW,catania_research_geometry_v1
211505880,BODAN,INBOUND,CATANIA_RESEARCH_GATE_INBOUND,2026-04-09 09:54:46,2026-04-09 09:55:47,2026-04-09 09:55:16.500,61.0,A,37.48637101152777,15.096962321761865,4.9,3.8,,LOW,catania_research_geometry_v1
215232000,SEA BUFFALO,INBOUND,CATANIA_RESEARCH_GATE_INBOUND,2026-04-12 08:44:43,2026-04-12 08:45:45,2026-04-12 08:45:14.000,62.0,A,37.48622866878355,15.097104664506093,3.2,338.7,"CATANIA,SICILY",LOW,catania_research_geometry_v1
227584860,TY RANDO,INBOUND,CATANIA_RESEARCH_GATE_INBOUND,2026-04-13 09:11:12,2026-04-13 09:12:13,2026-04-13 09:11:42.500,61.0,A,37.4863572827807,15.09697605050896,4.9,342.1,,LOW,catania_research_geometry_v1
227851960,TEVARA,INBOUND,CATANIA_RESEARCH_GATE_INBOUND,2026-04-15 15:54:49,2026-04-15 15:55:50,2026-04-15 15:55:19.500,61.0,A,37.48587585784523,15.097457475444406,4.9,10.8,,LOW,catania_research_geometry_v1
227851960,TEVARA,OUTBOUND,CATANIA_RESEARCH_GATE_OUTBOUND,2026-04-16 06:25:41,2026-04-16 06:26:42,2026-04-16 06:26:11.500,61.0,A,37.48714647757385,15.096186855715793,4.8,155.5,,LOW,catania_research_geometry_v1
227904460,VIRILUS 2,INBOUND,CATANIA_RESEARCH_GATE_INBOUND,2026-04-08 08:21:23,2026-04-08 08:22:24,2026-04-08 08:21:53.500,61.0,A,37.485887068645916,15.097446264643729,5.3,348.1,,LOW,catania_research_geometry_v1
227904460,VIRILUS 2,OUTBOUND,CATANIA_RESEARCH_GATE_OUTBOUND,2026-04-08 16:14:00,2026-04-08 16:15:01,2026-04-08 16:14:30.500,61.0,A,37.48632072486314,15.097012608426521,5.5,176.4,,LOW,catania_research_geometry_v1
228118550,MER NOIRE,INBOUND,CATANIA_RESEARCH_GATE_INBOUND,2026-04-15 15:32:28,2026-04-15 15:33:29,2026-04-15 15:32:58.500,61.0,A,37.48562577796679,15.097707555322849,3.0,354.1,,LOW,catania_research_geometry_v1
228146520,KERYLOS,INBOUND,CATANIA_RESEARCH_GATE_INBOUND,2026-04-07 14:49:29,2026-04-07 14:50:30,2026-04-07 14:49:59.500,61.0,A,37.48556784118794,15.097765492101697,3.8,357.5,,LOW,catania_research_geometry_v1
228146520,KERYLOS,OUTBOUND,CATANIA_RESEARCH_GATE_OUTBOUND,2026-04-07 15:14:56,2026-04-07 15:15:57,2026-04-07 15:15:26.500,61.0,A,37.487047766696364,15.096285566593277,4.8,192.4,,LOW,catania_research_geometry_v1
228146520,KERYLOS,INBOUND,CATANIA_RESEARCH_GATE_INBOUND,2026-04-08 08:50:51,2026-04-08 08:51:52,2026-04-08 08:51:21.500,61.0,A,37.48715774263162,15.096175590658033,3.6,352.7,,LOW,catania_research_geometry_v1
228146520,KERYLOS,OUTBOUND,CATANIA_RESEARCH_GATE_OUTBOUND,2026-04-09 07:12:22,2026-04-09 07:13:23,2026-04-09 07:12:52.500,61.0,A,37.4853712221587,15.097962111130954,3.2,188.4,,LOW,catania_research_geometry_v1
235098095,MOONDANCE,INBOUND,CATANIA_RESEARCH_GATE_INBOUND,2026-04-03 11:34:19,2026-04-03 11:35:20,2026-04-03 11:34:49.500,61.0,A,37.48539509668917,15.09793823660048,5.8,359.1,,LOW,catania_research_geometry_v1
235098095,MOONDANCE,OUTBOUND,CATANIA_RESEARCH_GATE_OUTBOUND,2026-04-04 09:45:50,2026-04-04 09:46:50,2026-04-04 09:46:20.000,60.0,A,37.486572825983366,15.096760507306286,7.0,171.0,,LOW,catania_research_geometry_v1
246518000,DEO VOLENTE,INBOUND,CATANIA_RESEARCH_GATE_INBOUND,2026-04-07 04:19:53,2026-04-07 04:20:53,2026-04-07 04:20:23.000,60.0,A,37.48590025331854,15.097433079971099,6.1,352.9,CATANIA,LOW,catania_research_geometry_v1
246518000,DEO VOLENTE,OUTBOUND,CATANIA_RESEARCH_GATE_OUTBOUND,2026-04-07 09:31:27,2026-04-07 09:32:28,2026-04-07 09:31:57.500,61.0,A,37.48615311300402,15.097180220285617,6.5,176.0,NAPLES,LOW,catania_research_geometry_v1
247047710,CARMELO PADRE I,OUTBOUND,CATANIA_RESEARCH_GATE_OUTBOUND,2026-04-03 15:09:20,2026-04-03 15:10:21,2026-04-03 15:09:50.500,61.0,A,37.48606964066422,15.097263692625436,7.5,169.9,,LOW,catania_research_geometry_v1
247047710,CARMELO PADRE I,INBOUND,CATANIA_RESEARCH_GATE_INBOUND,2026-04-04 00:10:16,2026-04-04 00:11:17,2026-04-04 00:10:46.500,61.0,A,37.485521224261824,15.097812109027831,6.7,354.2,,LOW,catania_research_geometry_v1
247047710,CARMELO PADRE I,OUTBOUND,CATANIA_RESEARCH_GATE_OUTBOUND,2026-04-07 13:39:10,2026-04-07 13:40:11,2026-04-07 13:39:40.500,61.0,A,37.48582410852444,15.097509224765213,7.5,169.7,,LOW,catania_research_geometry_v1
247144130,VALERIA,OUTBOUND,CATANIA_RESEARCH_GATE_OUTBOUND,2026-04-06 20:15:19,2026-04-06 20:16:20,2026-04-06 20:15:49.500,61.0,A,37.48638682229692,15.096946510992712,8.1,164.1,,LOW,catania_research_geometry_v1
247144130,VALERIA,INBOUND,CATANIA_RESEARCH_GATE_INBOUND,2026-04-09 06:45:58,2026-04-09 06:46:59,2026-04-09 06:46:28.500,61.0,A,37.48543837343531,15.097894959854324,7.9,348.6,,LOW,catania_research_geometry_v1
247144130,VALERIA,OUTBOUND,CATANIA_RESEARCH_GATE_OUTBOUND,2026-04-09 15:43:55,2026-04-09 15:44:56,2026-04-09 15:44:25.500,61.0,A,37.484740412001536,15.098592921288121,8.6,175.3,,LOW,catania_research_geometry_v1
247144130,VALERIA,INBOUND,CATANIA_RESEARCH_GATE_INBOUND,2026-04-10 02:20:57,2026-04-10 02:21:59,2026-04-10 02:21:28.000,62.0,A,37.4863201682683,15.097013165021346,7.6,345.0,,LOW,catania_research_geometry_v1
247144130,VALERIA,OUTBOUND,CATANIA_RESEARCH_GATE_OUTBOUND,2026-04-10 18:40:37,2026-04-10 18:41:38,2026-04-10 18:41:07.500,61.0,A,37.48503176404227,15.098301569247367,7.9,170.1,,LOW,catania_research_geometry_v1
247144130,VALERIA,INBOUND,CATANIA_RESEARCH_GATE_INBOUND,2026-04-10 22:13:02,2026-04-10 22:14:03,2026-04-10 22:13:32.500,61.0,A,37.486893392774384,15.096439940515266,7.9,1.0,,LOW,catania_research_geometry_v1
247144750,MARIA LUCIA,INBOUND,CATANIA_RESEARCH_GATE_INBOUND,2026-04-04 01:45:31,2026-04-04 01:46:32,2026-04-04 01:46:01.500,61.0,A,37.485650424410906,15.097682908878745,8.1,345.9,,LOW,catania_research_geometry_v1
247144750,MARIA LUCIA,INBOUND,CATANIA_RESEARCH_GATE_INBOUND,2026-04-05 20:10:14,2026-04-05 20:11:15,2026-04-05 20:10:44.500,61.0,A,37.48633389235909,15.096999440930556,8.0,355.1,,LOW,catania_research_geometry_v1
247144750,MARIA LUCIA,INBOUND,CATANIA_RESEARCH_GATE_INBOUND,2026-04-08 00:40:18,2026-04-08 00:41:19,2026-04-08 00:40:48.500,61.0,A,37.485985806453606,15.097347526836039,7.8,348.3,,LOW,catania_research_geometry_v1
247144750,MARIA LUCIA,INBOUND,CATANIA_RESEARCH_GATE_INBOUND,2026-04-09 00:41:02,2026-04-09 00:42:02,2026-04-09 00:41:32.000,60.0,A,37.4855908933877,15.097742439901943,7.8,351.2,,LOW,catania_research_geometry_v1
247144750,MARIA LUCIA,INBOUND,CATANIA_RESEARCH_GATE_INBOUND,2026-04-10 01:48:24,2026-04-10 01:49:25,2026-04-10 01:48:54.500,61.0,A,37.48577175086579,15.097561582423847,8.1,356.7,,LOW,catania_research_geometry_v1
247144750,MARIA LUCIA,INBOUND,CATANIA_RESEARCH_GATE_INBOUND,2026-04-11 01:42:13,2026-04-11 01:43:14,2026-04-11 01:42:43.500,61.0,A,37.48581444218482,15.09751889110483,7.9,354.5,,LOW,catania_research_geometry_v1
247144750,MARIA LUCIA,INBOUND,CATANIA_RESEARCH_GATE_INBOUND,2026-04-12 01:23:29,2026-04-12 01:24:30,2026-04-12 01:23:59.500,61.0,A,37.484927935216,15.098405398073643,8.0,352.6,,LOW,catania_research_geometry_v1
247164230,STUBBORN,OUTBOUND,CATANIA_RESEARCH_GATE_OUTBOUND,2026-04-09 07:23:32,2026-04-09 07:24:33,2026-04-09 07:24:02.500,61.0,A,37.486980798103474,15.09635253518617,6.8,174.1,,LOW,catania_research_geometry_v1
247164230,STUBBORN,INBOUND,CATANIA_RESEARCH_GATE_INBOUND,2026-04-09 08:39:41,2026-04-09 08:40:42,2026-04-09 08:40:11.500,61.0,A,37.48671015412541,15.09662317916423,7.1,9.5,,LOW,catania_research_geometry_v1
247164230,STUBBORN,OUTBOUND,CATANIA_RESEARCH_GATE_OUTBOUND,2026-04-11 05:42:47,2026-04-11 05:43:48,2026-04-11 05:43:17.500,61.0,A,37.48674158168828,15.096591751601371,5.1,184.5,,LOW,catania_research_geometry_v1
247164230,STUBBORN,OUTBOUND,CATANIA_RESEARCH_GATE_OUTBOUND,2026-04-11 09:45:37,2026-04-11 09:46:38,2026-04-11 09:46:07.500,61.0,A,37.48355753289469,15.099775800394953,5.0,302.6,,LOW,catania_research_geometry_v1
247164230,STUBBORN,INBOUND,CATANIA_RESEARCH_GATE_INBOUND,2026-04-11 09:47:39,2026-04-11 09:48:40,2026-04-11 09:48:09.500,61.0,A,37.484863666643584,15.098469666646054,5.3,354.5,,LOW,catania_research_geometry_v1
247223640,TETTA,OUTBOUND,CATANIA_RESEARCH_GATE_OUTBOUND,2026-04-11 08:40:38,2026-04-11 08:41:39,2026-04-11 08:41:08.500,61.0,A,37.48624502858098,15.097088304708665,4.8,171.8,,LOW,catania_research_geometry_v1
247223640,TETTA,INBOUND,CATANIA_RESEARCH_GATE_INBOUND,2026-04-12 11:20:21,2026-04-12 11:21:23,2026-04-12 11:20:52.000,62.0,A,37.48462180831921,15.098711524970446,5.3,345.3,,LOW,catania_research_geometry_v1
247241800,EUROCARGO PALERMO,OUTBOUND,CATANIA_RESEARCH_GATE_OUTBOUND,2026-04-03 17:01:49,2026-04-03 17:02:50,2026-04-03 17:02:19.500,61.0,A,37.486089081204476,15.097244252085162,7.1,172.2,ITCTA>ITSAL,LOW,catania_research_geometry_v1
247241800,EUROCARGO PALERMO,INBOUND,CATANIA_RESEARCH_GATE_INBOUND,2026-04-08 05:44:59,2026-04-08 05:46:00,2026-04-08 05:45:29.500,61.0,A,37.48573053796957,15.097602795320082,6.6,350.5,ITSAL>ITCTA,LOW,catania_research_geometry_v1
247241800,EUROCARGO PALERMO,OUTBOUND,CATANIA_RESEARCH_GATE_OUTBOUND,2026-04-08 17:02:48,2026-04-08 17:03:49,2026-04-08 17:03:18.500,61.0,A,37.48604618624706,15.097287147042593,8.1,171.5,ITCTA>ITSAL,LOW,catania_research_geometry_v1
247241800,EUROCARGO PALERMO,INBOUND,CATANIA_RESEARCH_GATE_INBOUND,2026-04-10 05:32:15,2026-04-10 05:33:16,2026-04-10 05:32:45.500,61.0,A,37.48587122162457,15.09746211166508,5.9,348.6,ITSAL>ITCTA,LOW,catania_research_geometry_v1
247241800,EUROCARGO PALERMO,OUTBOUND,CATANIA_RESEARCH_GATE_OUTBOUND,2026-04-10 16:58:52,2026-04-10 16:59:53,2026-04-10 16:59:22.500,61.0,A,37.48616381469961,15.097169518590047,6.8,172.1,ITCTA>ITSAL,LOW,catania_research_geometry_v1
247241800,EUROCARGO PALERMO,INBOUND,CATANIA_RESEARCH_GATE_INBOUND,2026-04-12 05:28:06,2026-04-12 05:29:07,2026-04-12 05:28:36.500,61.0,A,37.48622628197476,15.097107051314891,3.6,342.6,ITSAL>ITCTA,LOW,catania_research_geometry_v1
247241800,EUROCARGO PALERMO,OUTBOUND,CATANIA_RESEARCH_GATE_OUTBOUND,2026-04-12 05:40:22,2026-04-12 05:41:23,2026-04-12 05:40:52.500,61.0,A,37.48808134132152,15.09525199196812,0.4,254.9,ITSAL>ITCTA,LOW,catania_research_geometry_v1
247241800,EUROCARGO PALERMO,INBOUND,CATANIA_RESEARCH_GATE_INBOUND,2026-04-12 16:41:54,2026-04-12 16:42:55,2026-04-12 16:42:24.500,61.0,A,37.48823944153946,15.09509389175018,1.9,79.7,ITCTA>MTMLA,LOW,catania_research_geometry_v1
247241800,EUROCARGO PALERMO,OUTBOUND,CATANIA_RESEARCH_GATE_OUTBOUND,2026-04-12 16:44:57,2026-04-12 16:45:58,2026-04-12 16:45:27.500,61.0,A,37.48591245457248,15.097420878717163,7.0,167.1,ITCTA>MTMLA,LOW,catania_research_geometry_v1
247241800,EUROCARGO PALERMO,INBOUND,CATANIA_RESEARCH_GATE_INBOUND,2026-04-13 08:45:50,2026-04-13 08:46:51,2026-04-13 08:46:20.500,61.0,A,37.486068366198154,15.09726496709149,5.6,354.4,MTMLA>ITCTA,LOW,catania_research_geometry_v1
247241800,EUROCARGO PALERMO,OUTBOUND,CATANIA_RESEARCH_GATE_OUTBOUND,2026-04-13 17:03:30,2026-04-13 17:04:31,2026-04-13 17:04:00.500,61.0,A,37.48598377588995,15.097349557399703,8.3,166.7,ITCTA>ITSAL,LOW,catania_research_geometry_v1
247241800,EUROCARGO PALERMO,INBOUND,CATANIA_RESEARCH_GATE_INBOUND,2026-04-16 05:18:43,2026-04-16 05:19:43,2026-04-16 05:19:13.000,60.0,A,37.48608849731745,15.09724483597219,6.3,353.5,ITSAL>ITCTA,LOW,catania_research_geometry_v1
247296500,EUROCARGO ALEXANDRIA,INBOUND,CATANIA_RESEARCH_GATE_INBOUND,2026-04-05 05:45:02,2026-04-05 05:46:03,2026-04-05 05:45:32.500,61.0,A,37.48645810304198,15.096875230247658,4.3,348.5,ITCTA,LOW,catania_research_geometry_v1
247296500,EUROCARGO ALEXANDRIA,OUTBOUND,CATANIA_RESEARCH_GATE_OUTBOUND,2026-04-07 04:04:40,2026-04-07 04:05:41,2026-04-07 04:05:10.500,61.0,A,37.48607063885464,15.097262694435011,4.9,169.5,ITCTA,LOW,catania_research_geometry_v1
247296500,EUROCARGO ALEXANDRIA,INBOUND,CATANIA_RESEARCH_GATE_INBOUND,2026-04-10 11:52:36,2026-04-10 11:53:37,2026-04-10 11:53:06.500,61.0,A,37.48689662562732,15.096436707662335,3.4,351.9,ITCTA,LOW,catania_research_geometry_v1
247296500,EUROCARGO ALEXANDRIA,OUTBOUND,CATANIA_RESEARCH_GATE_OUTBOUND,2026-04-10 20:13:05,2026-04-10 20:14:06,2026-04-10 20:13:35.500,61.0,A,37.485998628301544,15.0973347049881,5.1,174.1,MTMLA,LOW,catania_research_geometry_v1
247296500,EUROCARGO ALEXANDRIA,INBOUND,CATANIA_RESEARCH_GATE_INBOUND,2026-04-11 19:00:19,2026-04-11 19:01:20,2026-04-11 19:00:49.500,61.0,A,37.486981697768755,15.096351635520886,3.6,349.0,ITCTA,LOW,catania_research_geometry_v1
247296500,EUROCARGO ALEXANDRIA,OUTBOUND,CATANIA_RESEARCH_GATE_OUTBOUND,2026-04-12 01:26:32,2026-04-12 01:27:33,2026-04-12 01:27:02.500,61.0,A,37.48631018270412,15.097023150585528,5.8,164.6,ITLIV,LOW,catania_research_geometry_v1
247308610,BLUETTE,INBOUND,CATANIA_RESEARCH_GATE_INBOUND,2026-04-12 11:25:28,2026-04-12 11:26:29,2026-04-12 11:25:58.500,61.0,A,37.48522405939095,15.098109273898702,1.4,357.8,,LOW,catania_research_geometry_v1
247319800,EUROCARGO LIVORNO,INBOUND,CATANIA_RESEARCH_GATE_INBOUND,2026-04-04 05:24:21,2026-04-04 05:25:22,2026-04-04 05:24:51.500,61.0,A,37.48572497164545,15.097608361644191,5.6,350.2,ITSAL>ITCTA,LOW,catania_research_geometry_v1
247319800,EUROCARGO LIVORNO,OUTBOUND,CATANIA_RESEARCH_GATE_OUTBOUND,2026-04-05 15:43:34,2026-04-05 15:44:35,2026-04-05 15:44:04.500,61.0,A,37.485784551394346,15.097548781895298,7.7,173.8,ITCAT>MTMLA,LOW,catania_research_geometry_v1
247319800,EUROCARGO LIVORNO,INBOUND,CATANIA_RESEARCH_GATE_INBOUND,2026-04-06 08:52:59,2026-04-06 08:53:59,2026-04-06 08:53:29.000,60.0,A,37.485979246522035,15.097354086767613,5.3,348.1,MTMLA>ITCTA,LOW,catania_research_geometry_v1
247319800,EUROCARGO LIVORNO,OUTBOUND,CATANIA_RESEARCH_GATE_OUTBOUND,2026-04-07 17:15:55,2026-04-07 17:16:56,2026-04-07 17:16:25.500,61.0,A,37.486307287217414,15.097026046072237,10.2,174.2,ITCTA>ITSAL,LOW,catania_research_geometry_v1
247319800,EUROCARGO LIVORNO,INBOUND,CATANIA_RESEARCH_GATE_INBOUND,2026-04-09 05:37:59,2026-04-09 05:39:00,2026-04-09 05:38:29.500,61.0,A,37.486397782411935,15.096935550877713,4.1,341.8,ITSAL>ITCTA,LOW,catania_research_geometry_v1
247319800,EUROCARGO LIVORNO,OUTBOUND,CATANIA_RESEARCH_GATE_OUTBOUND,2026-04-09 15:47:59,2026-04-09 15:48:59,2026-04-09 15:48:29.000,60.0,A,37.486020464430084,15.097312868859559,6.8,168.8,ITCAT>ITLIV,LOW,catania_research_geometry_v1
247319800,EUROCARGO LIVORNO,INBOUND,CATANIA_RESEARCH_GATE_INBOUND,2026-04-12 12:55:18,2026-04-12 12:56:19,2026-04-12 12:55:48.500,61.0,A,37.48613397049419,15.097199362795457,5.1,349.0,ITLIV>ITCTA,LOW,catania_research_geometry_v1
247319800,EUROCARGO LIVORNO,OUTBOUND,CATANIA_RESEARCH_GATE_OUTBOUND,2026-04-12 19:27:10,2026-04-12 19:28:11,2026-04-12 19:27:40.500,61.0,A,37.485699877648706,15.097633455640938,8.3,174.4,ITCTA>ITSAL,LOW,catania_research_geometry_v1
247319800,EUROCARGO LIVORNO,OUTBOUND,CATANIA_RESEARCH_GATE_OUTBOUND,2026-04-15 16:49:39,2026-04-15 16:50:39,2026-04-15 16:50:09.000,60.0,A,37.486006171998575,15.097327161291066,8.6,174.9,ITCTA>ITSAL,LOW,catania_research_geometry_v1
247326280,ENGI,OUTBOUND,CATANIA_RESEARCH_GATE_OUTBOUND,2026-04-06 08:20:29,2026-04-06 08:21:30,2026-04-06 08:20:59.500,61.0,A,37.48621559328405,15.097117740005581,2.0,157.0,,LOW,catania_research_geometry_v1
247326280,ENGI,INBOUND,CATANIA_RESEARCH_GATE_INBOUND,2026-04-06 12:18:54,2026-04-06 12:19:55,2026-04-06 12:19:24.500,61.0,A,37.48683712593375,15.096496207355898,2.7,343.9,,LOW,catania_research_geometry_v1
247327630,DOUBLE TROUBLE,OUTBOUND,CATANIA_RESEARCH_GATE_OUTBOUND,2026-04-04 15:25:22,2026-04-04 15:26:22,2026-04-04 15:25:52.000,60.0,A,37.48567741758151,15.097655915708133,6.7,165.7,,LOW,catania_research_geometry_v1
247327940,SKIN SOLO SAILOR,OUTBOUND,CATANIA_RESEARCH_GATE_OUTBOUND,2026-04-07 13:25:56,2026-04-07 13:26:57,2026-04-07 13:26:26.500,61.0,A,37.486030032397665,15.097303300891982,7.3,182.9,,LOW,catania_research_geometry_v1
247383400,ECO BARCELONA,INBOUND,CATANIA_RESEARCH_GATE_INBOUND,2026-04-07 01:00:09,2026-04-07 01:01:09,2026-04-07 01:00:39.000,60.0,A,37.486683814729524,15.096649518560117,4.0,353.2,MTMLA>ITCTA,LOW,catania_research_geometry_v1
247383400,ECO BARCELONA,OUTBOUND,CATANIA_RESEARCH_GATE_OUTBOUND,2026-04-08 06:53:01,2026-04-08 06:54:02,2026-04-08 06:53:31.500,61.0,A,37.48604642472149,15.097286908568146,6.6,174.8,MTMLA>ITCTA,LOW,catania_research_geometry_v1
247383400,ECO BARCELONA,INBOUND,CATANIA_RESEARCH_GATE_INBOUND,2026-04-10 06:42:25,2026-04-10 06:43:26,2026-04-10 06:42:55.500,61.0,A,37.48607033071309,15.097263002576554,4.3,358.6,MTMLA>ITCTA,LOW,catania_research_geometry_v1
247383400,ECO BARCELONA,OUTBOUND,CATANIA_RESEARCH_GATE_OUTBOUND,2026-04-11 22:54:51,2026-04-11 22:55:52,2026-04-11 22:55:21.500,61.0,A,37.48598201960965,15.097351313679995,4.9,180.0,ITCTA>ITGOA,LOW,catania_research_geometry_v1
247408700,MERSEY SPIRIT,OUTBOUND,CATANIA_RESEARCH_GATE_OUTBOUND,2026-04-03 20:18:19,2026-04-03 20:19:20,2026-04-03 20:18:49.500,61.0,A,37.48673773262584,15.0965956006638,6.9,187.5,AUGUSTA,LOW,catania_research_geometry_v1
247408700,MERSEY SPIRIT,INBOUND,CATANIA_RESEARCH_GATE_INBOUND,2026-04-10 14:17:56,2026-04-10 14:18:57,2026-04-10 14:18:26.500,61.0,A,37.487043626944356,15.096289706345289,2.1,343.9,CATANIA,LOW,catania_research_geometry_v1
247408700,MERSEY SPIRIT,OUTBOUND,CATANIA_RESEARCH_GATE_OUTBOUND,2026-04-11 11:53:09,2026-04-11 11:54:09,2026-04-11 11:53:39.000,60.0,A,37.487106698815765,15.096226634473878,5.0,181.0,AUGUSTA,LOW,catania_research_geometry_v1
247415100,URBANO MONTI,INBOUND,CATANIA_RESEARCH_GATE_INBOUND,2026-04-09 06:51:02,2026-04-09 06:52:03,2026-04-09 06:51:32.500,61.0,A,37.486129877236905,15.097203456052732,3.6,358.0,ITCTA,LOW,catania_research_geometry_v1
247427400,BEPPE,OUTBOUND,CATANIA_RESEARCH_GATE_OUTBOUND,2026-04-04 09:33:40,2026-04-04 09:34:41,2026-04-04 09:34:10.500,61.0,A,37.48654831398623,15.096785019303404,8.0,170.7,IT CTA,LOW,catania_research_geometry_v1
247427400,BEPPE,INBOUND,CATANIA_RESEARCH_GATE_INBOUND,2026-04-04 10:26:24,2026-04-04 10:27:25,2026-04-04 10:26:54.500,61.0,A,37.48552914069759,15.097804192592063,8.9,359.5,IT CTA,LOW,catania_research_geometry_v1
247427400,BEPPE,OUTBOUND,CATANIA_RESEARCH_GATE_OUTBOUND,2026-04-05 14:26:32,2026-04-05 14:27:32,2026-04-05 14:27:02.000,60.0,A,37.4865603510779,15.096772982211743,9.5,184.0,IT CTA,LOW,catania_research_geometry_v1
247427400,BEPPE,INBOUND,CATANIA_RESEARCH_GATE_INBOUND,2026-04-05 14:39:42,2026-04-05 14:40:43,2026-04-05 14:40:12.500,61.0,A,37.48600357944818,15.097329753841466,4.8,355.4,IT CTA,LOW,catania_research_geometry_v1
247427400,BEPPE,OUTBOUND,CATANIA_RESEARCH_GATE_OUTBOUND,2026-04-07 04:43:13,2026-04-07 04:44:13,2026-04-07 04:43:43.000,60.0,A,37.48656496862968,15.096768364659965,5.7,175.7,IT CTA,LOW,catania_research_geometry_v1
247427400,BEPPE,INBOUND,CATANIA_RESEARCH_GATE_INBOUND,2026-04-07 05:16:42,2026-04-07 05:17:42,2026-04-07 05:17:12.000,60.0,A,37.486543752040674,15.096789581248965,3.3,356.8,IT CTA,LOW,catania_research_geometry_v1
247427400,BEPPE,OUTBOUND,CATANIA_RESEARCH_GATE_OUTBOUND,2026-04-08 06:55:03,2026-04-08 06:56:04,2026-04-08 06:55:33.500,61.0,A,37.48590519090633,15.097428142383308,6.0,176.1,IT CTA,LOW,catania_research_geometry_v1
247427400,BEPPE,INBOUND,CATANIA_RESEARCH_GATE_INBOUND,2026-04-08 08:12:14,2026-04-08 08:13:15,2026-04-08 08:12:44.500,61.0,A,37.4858915064176,15.097441826872046,8.7,1.1,IT CTA,LOW,catania_research_geometry_v1
247427400,BEPPE,OUTBOUND,CATANIA_RESEARCH_GATE_OUTBOUND,2026-04-10 08:46:35,2026-04-10 08:47:36,2026-04-10 08:47:05.500,61.0,A,37.486563983398035,15.096769349891616,8.6,180.3,IT CTA,LOW,catania_research_geometry_v1
247427400,BEPPE,INBOUND,CATANIA_RESEARCH_GATE_INBOUND,2026-04-10 08:52:41,2026-04-10 08:53:42,2026-04-10 08:53:11.500,61.0,A,37.4861931110562,15.097140222233442,8.3,7.6,IT CTA,LOW,catania_research_geometry_v1
247427400,BEPPE,OUTBOUND,CATANIA_RESEARCH_GATE_OUTBOUND,2026-04-11 06:37:42,2026-04-11 06:38:43,2026-04-11 06:38:12.500,61.0,A,37.48615905021066,15.09717428307899,8.1,173.8,IT CTA,LOW,catania_research_geometry_v1
247427400,BEPPE,INBOUND,CATANIA_RESEARCH_GATE_INBOUND,2026-04-11 09:19:13,2026-04-11 09:20:14,2026-04-11 09:19:43.500,61.0,A,37.48605882466163,15.097274508628017,8.6,6.7,IT CTA,LOW,catania_research_geometry_v1
247427400,BEPPE,OUTBOUND,CATANIA_RESEARCH_GATE_OUTBOUND,2026-04-11 15:57:06,2026-04-11 15:58:07,2026-04-11 15:57:36.500,61.0,A,37.486510780967386,15.096822552322267,9.3,185.7,IT CTA,LOW,catania_research_geometry_v1
247427400,BEPPE,INBOUND,CATANIA_RESEARCH_GATE_INBOUND,2026-04-11 17:40:59,2026-04-11 17:42:00,2026-04-11 17:41:29.500,61.0,A,37.48601997721882,15.09731335607083,10.9,350.1,IT CTA,LOW,catania_research_geometry_v1
247427400,BEPPE,OUTBOUND,CATANIA_RESEARCH_GATE_OUTBOUND,2026-04-12 05:43:26,2026-04-12 05:44:27,2026-04-12 05:43:56.500,61.0,A,37.488258380104156,15.095074953185488,0.1,230.5,IT CTA,LOW,catania_research_geometry_v1
247427400,BEPPE,OUTBOUND,CATANIA_RESEARCH_GATE_OUTBOUND,2026-04-12 07:42:10,2026-04-12 07:43:12,2026-04-12 07:42:41.000,62.0,A,37.486413961435424,15.09691937185422,9.2,185.2,IT CTA,LOW,catania_research_geometry_v1
247427400,BEPPE,INBOUND,CATANIA_RESEARCH_GATE_INBOUND,2026-04-12 08:44:43,2026-04-12 08:45:45,2026-04-12 08:45:14.000,62.0,A,37.486212666631175,15.09712066665846,3.2,0.7,IT CTA,LOW,catania_research_geometry_v1
247432850,TONNADO,OUTBOUND,CATANIA_RESEARCH_GATE_OUTBOUND,2026-04-08 07:00:08,2026-04-08 07:01:08,2026-04-08 07:00:38.000,60.0,A,37.485824304878506,15.09750902841114,4.2,179.8,,LOW,catania_research_geometry_v1
247453600,ECO NAPOLI,INBOUND,CATANIA_RESEARCH_GATE_INBOUND,2026-04-03 14:32:48,2026-04-03 14:33:48,2026-04-03 14:33:18.000,60.0,A,37.48613905615365,15.097194277136005,5.4,350.4,ITGOA>ITCTA,LOW,catania_research_geometry_v1
247453600,ECO NAPOLI,OUTBOUND,CATANIA_RESEARCH_GATE_OUTBOUND,2026-04-03 22:16:50,2026-04-03 22:17:51,2026-04-03 22:17:20.500,61.0,A,37.48655060558823,15.096782727701411,5.5,177.8,ITGOA>ITCTA,LOW,catania_research_geometry_v1
247453600,ECO NAPOLI,INBOUND,CATANIA_RESEARCH_GATE_INBOUND,2026-04-04 22:10:29,2026-04-04 22:11:29,2026-04-04 22:10:59.000,60.0,A,37.48602015119776,15.097313182091876,5.7,349.2,MTMLA>ITCTA,LOW,catania_research_geometry_v1
247453600,ECO NAPOLI,OUTBOUND,CATANIA_RESEARCH_GATE_OUTBOUND,2026-04-05 04:08:54,2026-04-05 04:09:54,2026-04-05 04:09:24.000,60.0,A,37.48632669362032,15.097006639669313,5.3,172.5,MTMLA>ITCTA,LOW,catania_research_geometry_v1
247453600,ECO NAPOLI,INBOUND,CATANIA_RESEARCH_GATE_INBOUND,2026-04-09 12:05:41,2026-04-09 12:06:42,2026-04-09 12:06:11.500,61.0,A,37.48618406710329,15.097149266186358,4.8,351.5,ITLIV>ITCTA,LOW,catania_research_geometry_v1
247453600,ECO NAPOLI,OUTBOUND,CATANIA_RESEARCH_GATE_OUTBOUND,2026-04-09 20:07:25,2026-04-09 20:08:26,2026-04-09 20:07:55.500,61.0,A,37.48648664229016,15.096846690999488,8.2,172.3,ITLIV>ITCTA,LOW,catania_research_geometry_v1
247453600,ECO NAPOLI,INBOUND,CATANIA_RESEARCH_GATE_INBOUND,2026-04-13 22:27:26,2026-04-13 22:28:27,2026-04-13 22:27:56.500,61.0,A,37.48623440473003,15.097098928559626,3.5,358.6,MTMLA>ITCTA,LOW,catania_research_geometry_v1
249146000,EUROCARGO TRIESTE,OUTBOUND,CATANIA_RESEARCH_GATE_OUTBOUND,2026-04-03 12:47:20,2026-04-03 12:48:21,2026-04-03 12:47:50.500,61.0,A,37.48606139687052,15.097271936419139,5.8,173.3,ITBDS,LOW,catania_research_geometry_v1
249146000,EUROCARGO TRIESTE,INBOUND,CATANIA_RESEARCH_GATE_INBOUND,2026-04-10 10:13:05,2026-04-10 10:14:06,2026-04-10 10:13:35.500,61.0,A,37.486804773741675,15.096528559547975,5.1,357.3,ITCTA,LOW,catania_research_geometry_v1
249146000,EUROCARGO TRIESTE,OUTBOUND,CATANIA_RESEARCH_GATE_OUTBOUND,2026-04-10 19:35:29,2026-04-10 19:36:30,2026-04-10 19:35:59.500,61.0,A,37.485847539009264,15.09748579428038,4.2,172.4,ITBDS,LOW,catania_research_geometry_v1
249146000,EUROCARGO TRIESTE,INBOUND,CATANIA_RESEARCH_GATE_INBOUND,2026-04-16 10:13:37,2026-04-16 10:14:38,2026-04-16 10:14:07.500,61.0,A,37.48617144562012,15.097161887669522,7.1,359.7,ITCTA,LOW,catania_research_geometry_v1
249281000,EUROCARGO VALENCIA,INBOUND,CATANIA_RESEARCH_GATE_INBOUND,2026-04-04 18:09:28,2026-04-04 18:10:29,2026-04-04 18:09:58.500,61.0,A,37.48657779577841,15.096755537511237,3.6,5.2,IT CTA,LOW,catania_research_geometry_v1
249281000,EUROCARGO VALENCIA,OUTBOUND,CATANIA_RESEARCH_GATE_OUTBOUND,2026-04-05 00:27:12,2026-04-05 00:28:13,2026-04-05 00:27:42.500,61.0,A,37.4858487171766,15.097484616113054,4.4,174.7,MTMLA OPL,LOW,catania_research_geometry_v1
249281000,EUROCARGO VALENCIA,INBOUND,CATANIA_RESEARCH_GATE_INBOUND,2026-04-07 21:42:39,2026-04-07 21:43:39,2026-04-07 21:43:09.000,60.0,A,37.48620382654402,15.09712950674563,2.5,347.9,IT CTA,LOW,catania_research_geometry_v1
249281000,EUROCARGO VALENCIA,OUTBOUND,CATANIA_RESEARCH_GATE_OUTBOUND,2026-04-08 17:11:57,2026-04-08 17:12:58,2026-04-08 17:12:27.500,61.0,A,37.486107201063525,15.097226132226123,3.4,170.8,ITBDS,LOW,catania_research_geometry_v1
249281000,EUROCARGO VALENCIA,INBOUND,CATANIA_RESEARCH_GATE_INBOUND,2026-04-13 06:10:44,2026-04-13 06:11:45,2026-04-13 06:11:14.500,61.0,A,37.48627043949584,15.097062893793806,5.1,358.0,ITCTA,LOW,catania_research_geometry_v1
253000169,BRITOIL CONFIDENCE,INBOUND,CATANIA_RESEARCH_GATE_INBOUND,2026-04-09 06:14:30,2026-04-09 06:15:31,2026-04-09 06:15:00.500,61.0,A,37.48587370719982,15.097459626089812,6.0,350.6,CATANIA,LOW,catania_research_geometry_v1
253000169,BRITOIL CONFIDENCE,OUTBOUND,CATANIA_RESEARCH_GATE_OUTBOUND,2026-04-11 15:23:30,2026-04-11 15:24:31,2026-04-11 15:24:00.500,61.0,A,37.48631550221221,15.09701783107743,5.4,185.3,MRNDB,LOW,catania_research_geometry_v1
261004120,,OUTBOUND,CATANIA_RESEARCH_GATE_OUTBOUND,2026-04-06 06:13:31,2026-04-06 06:14:32,2026-04-06 06:14:01.500,61.0,C,37.48536723587935,15.097966097410303,17.7,147.0,,LOW,catania_research_geometry_v1
261004120,SU TRODDIU,INBOUND,CATANIA_RESEARCH_GATE_INBOUND,2026-04-06 09:35:36,2026-04-06 09:36:37,2026-04-06 09:36:06.500,61.0,C,37.48335799781553,15.099975335474127,6.3,346.9,,LOW,catania_research_geometry_v1
261006055,BLUE MARINE,OUTBOUND,CATANIA_RESEARCH_GATE_OUTBOUND,2026-04-10 08:24:12,2026-04-10 08:25:13,2026-04-10 08:24:42.500,61.0,A,37.486003179095704,15.097330154193937,3.4,172.3,,LOW,catania_research_geometry_v1
263960030,BELUGA V,INBOUND,CATANIA_RESEARCH_GATE_INBOUND,2026-04-09 12:14:49,2026-04-09 12:15:50,2026-04-09 12:15:19.500,61.0,A,37.485326129006765,15.098007204282887,3.8,5.7,,LOW,catania_research_geometry_v1
263960030,BELUGA V,OUTBOUND,CATANIA_RESEARCH_GATE_OUTBOUND,2026-04-11 08:13:13,2026-04-11 08:14:14,2026-04-11 08:13:43.500,61.0,A,37.4872657801362,15.096067553153445,5.0,176.3,,LOW,catania_research_geometry_v1
269119320,KIND OF MAGIC,INBOUND,CATANIA_RESEARCH_GATE_INBOUND,2026-04-04 15:04:05,2026-04-04 15:05:06,2026-04-04 15:04:35.500,61.0,A,37.48471675042708,15.098616582862558,6.2,352.1,,LOW,catania_research_geometry_v1
269119320,KIND OF MAGIC,OUTBOUND,CATANIA_RESEARCH_GATE_OUTBOUND,2026-04-05 10:08:13,2026-04-05 10:09:13,2026-04-05 10:08:43.000,60.0,A,37.486304264408055,15.097029068881602,6.5,150.4,,LOW,catania_research_geometry_v1
278002033,VITAMINE,INBOUND,CATANIA_RESEARCH_GATE_INBOUND,2026-04-03 12:42:16,2026-04-03 12:43:17,2026-04-03 12:42:46.500,61.0,A,37.48528297693478,15.098050356354857,4.8,358.3,,LOW,catania_research_geometry_v1
278002033,VITAMINE,OUTBOUND,CATANIA_RESEARCH_GATE_OUTBOUND,2026-04-05 09:48:58,2026-04-05 09:49:59,2026-04-05 09:49:28.500,61.0,A,37.48705545517232,15.096277878117322,6.4,169.0,,LOW,catania_research_geometry_v1
278002033,VITAMINE,INBOUND,CATANIA_RESEARCH_GATE_INBOUND,2026-04-07 13:37:08,2026-04-07 13:38:09,2026-04-07 13:37:38.500,61.0,A,37.48687299923351,15.096460334056136,4.2,7.1,,LOW,catania_research_geometry_v1
278002033,VITAMINE,OUTBOUND,CATANIA_RESEARCH_GATE_OUTBOUND,2026-04-09 08:17:21,2026-04-09 08:18:22,2026-04-09 08:17:51.500,61.0,A,37.4867200065979,15.096613326691747,5.0,174.8,,LOW,catania_research_geometry_v1
310867000,SAPPHIRE PRINCESS,OUTBOUND,CATANIA_RESEARCH_GATE_OUTBOUND,2026-04-03 14:22:39,2026-04-03 14:23:40,2026-04-03 14:23:09.500,61.0,A,37.48552657452089,15.097806758768748,8.0,176.3,ITNAP,LOW,catania_research_geometry_v1
311085000,STAR LEGEND,OUTBOUND,CATANIA_RESEARCH_GATE_OUTBOUND,2026-04-03 15:26:34,2026-04-03 15:27:35,2026-04-03 15:27:04.500,61.0,A,37.486135711354024,15.09719762193563,5.9,180.7,IT CRV,LOW,catania_research_geometry_v1
314900000,GOLDEN EMAN,INBOUND,CATANIA_RESEARCH_GATE_INBOUND,2026-04-07 05:15:41,2026-04-07 05:16:42,2026-04-07 05:16:11.500,61.0,A,37.48660673740886,15.09672659588077,3.1,356.4,ITCTA,LOW,catania_research_geometry_v1
314900000,GOLDEN EMAN,OUTBOUND,CATANIA_RESEARCH_GATE_OUTBOUND,2026-04-11 13:38:40,2026-04-11 13:39:41,2026-04-11 13:39:10.500,61.0,A,37.48606908877996,15.097264244509674,6.6,175.3,ROCND,LOW,catania_research_geometry_v1
316037322,MILLIWAYS,INBOUND,CATANIA_RESEARCH_GATE_INBOUND,2026-04-06 10:10:07,2026-04-06 10:11:08,2026-04-06 10:10:37.500,61.0,A,37.48602121715045,15.09731211613919,3.2,342.2,,LOW,catania_research_geometry_v1
316037322,MILLIWAYS,OUTBOUND,CATANIA_RESEARCH_GATE_OUTBOUND,2026-04-16 08:56:30,2026-04-16 08:57:31,2026-04-16 08:57:00.500,61.0,A,37.486157823261586,15.097175510028068,5.6,173.1,,LOW,catania_research_geometry_v1
