session_id,mmsi,name,inbound_time,inbound_last_outside,inbound_first_inside,inbound_uncertainty_s,inbound_quality,inbound_lat,inbound_lon,inbound_destination,inbound_sog,inbound_cog,geometry_version,hysteresis_merges,outbound_time,outbound_last_before,outbound_first_after,outbound_quality,session_closed,right_censored,unresolved_missing_outbound,last_observed_at,last_observed_port_side,session_duration_min,observations_in_session,inner_harbour_rows,first_inner_harbour_time,max_inner_stop_duration_min,inner_moored_rows,inner_anchor_rows,roadstead_wait_before_entry,max_pre_entry_wait_min,destination_support_catania,destination_mode,candidate_class,m0d_candidate_quality,requires_manual_audit,final_ground_truth,keep_for_port_call_truth,ground_truth_confidence,audited_event_type,audit_reason_code,audit_note,audited_vessel_role,role_confidence,role_source,eta_primary_scope,session_observation_coverage,session_sparse,max_session_observation_gap_min,session_gaps_gt_10m,time_to_confirmed_stop_min,pre_entry_observations_3h,pre_entry_start_distance_km,pre_entry_end_distance_km,pre_entry_max_distance_km,post_session_observations_6h,session_port_side_fraction,session_inner_harbour_fraction,entry_window_high_stale_fraction,ground_truth_event_name,ground_truth_time,ground_truth_last_outside,ground_truth_first_inside,ground_truth_uncertainty_s,eta_primary_eligible,eta_primary_exclusion_reason
CT-003,247453600,ECO NAPOLI,2026-04-03 14:33:18.000,2026-04-03 14:32:48,2026-04-03 14:33:48,60.0,A,37.48613905615365,15.097194277136005,ITGOA>ITCTA,5.4,350.4,catania_research_geometry_v1,0,2026-04-03 22:17:20.500,2026-04-03 22:16:50,2026-04-03 22:17:51,A,True,False,False,2026-04-13 23:24:04,False,464.0416666666667,458,458,2026-04-03 14:33:48,442.73333333333335,422,0,False,0.0,True,ITGOA>ITCTA,STOP_CONFIRMED_CALL_CANDIDATE,A,True,True,True,A,VALIDATED_PORT_ENTRANCE,coherent_entry_stop_exit,"Commercial cargo approach, clean crossing, sustained stop, clean exit and Catania destination support.",CARGO,A,ais_static_ship_type_71,True,1.0034300080811709,False,1.0166666666666666,0,30.966666666666665,88,23.81955083211733,0.08607309853132768,23.81955083211733,193,1.0,1.0,0.0,ACTUAL_VALIDATED_CATANIA_RESEARCH_GATE_ENTRANCE,2026-04-03 14:33:18.000,2026-04-03 14:32:48,2026-04-03 14:33:48,60.0,True,
CT-006,247319800,EUROCARGO LIVORNO,2026-04-04 05:24:51.500,2026-04-04 05:24:21,2026-04-04 05:25:22,61.0,A,37.48572497164545,15.097608361644191,ITSAL>ITCTA,5.6,350.2,catania_research_geometry_v1,0,2026-04-05 15:44:04.500,2026-04-05 15:43:34,2026-04-05 15:44:35,A,True,False,False,2026-04-15 18:10:44,True,2059.2166666666667,2033,2033,2026-04-04 05:25:22,2018.6666666666667,1269,0,False,0.0,True,ITSAL>ITCTA,STOP_CONFIRMED_CALL_CANDIDATE,A,True,True,True,A,VALIDATED_PORT_ENTRANCE,coherent_entry_stop_exit,"Commercial cargo call with continuous coverage, sustained stop and observed outbound.",CARGO,A,ais_static_ship_type_71,True,1.0037230985892693,False,1.0333333333333334,0,39.025,57,23.48691575021104,0.03557562780270392,23.48691575021104,144,1.0,1.0,0.0,ACTUAL_VALIDATED_CATANIA_RESEARCH_GATE_ENTRANCE,2026-04-04 05:24:51.500,2026-04-04 05:24:21,2026-04-04 05:25:22,61.0,True,
CT-009,249281000,EUROCARGO VALENCIA,2026-04-04 18:09:58.500,2026-04-04 18:09:28,2026-04-04 18:10:29,61.0,A,37.48657779577841,15.096755537511235,IT CTA,3.6,5.2,catania_research_geometry_v1,0,2026-04-05 00:27:42.500,2026-04-05 00:27:12,2026-04-05 00:28:13,A,True,False,False,2026-04-13 23:24:04,True,377.73333333333335,373,373,2026-04-04 18:10:29,354.45,350,0,False,0.0,True,IT CTA,STOP_CONFIRMED_CALL_CANDIDATE,A,True,True,True,A,VALIDATED_PORT_ENTRANCE,coherent_entry_stop_exit,"Clean cargo entry, sustained inner stop and clean outbound with destination support.",CARGO,A,ais_static_ship_type_70,True,1.0039269325803035,False,1.0166666666666666,0,30.891666666666666,156,71.959027130501,0.08456903192741125,71.959027130501,202,0.04289544235924933,1.0,0.0,ACTUAL_VALIDATED_CATANIA_RESEARCH_GATE_ENTRANCE,2026-04-04 18:09:58.500,2026-04-04 18:09:28,2026-04-04 18:10:29,61.0,True,
CT-010,247453600,ECO NAPOLI,2026-04-04 22:10:59.000,2026-04-04 22:10:29,2026-04-04 22:11:29,60.0,A,37.48602015119776,15.097313182091876,MTMLA>ITCTA,5.7,349.2,catania_research_geometry_v1,0,2026-04-05 04:09:24.000,2026-04-05 04:08:54,2026-04-05 04:09:54,A,True,False,False,2026-04-13 23:24:04,False,358.4166666666667,354,354,2026-04-04 22:11:29,338.1666666666667,324,0,False,0.0,True,MTMLA>ITCTA,STOP_CONFIRMED_CALL_CANDIDATE,A,True,True,True,A,VALIDATED_PORT_ENTRANCE,coherent_entry_stop_exit,"Clean cargo entry, stop and exit with Catania destination support.",CARGO,A,ais_static_ship_type_71,True,1.0041385724250174,False,1.0166666666666666,0,29.866666666666667,155,88.5205614232479,0.1365843840290911,88.5205614232479,73,1.0,1.0,0.0,ACTUAL_VALIDATED_CATANIA_RESEARCH_GATE_ENTRANCE,2026-04-04 22:10:59.000,2026-04-04 22:10:29,2026-04-04 22:11:29,60.0,True,
CT-011,247296500,EUROCARGO ALEXANDRIA,2026-04-05 05:45:32.500,2026-04-05 05:45:02,2026-04-05 05:46:03,61.0,A,37.48645810304198,15.096875230247658,ITCTA,4.3,348.5,catania_research_geometry_v1,0,2026-04-07 04:05:10.500,2026-04-07 04:04:40,2026-04-07 04:05:41,A,True,False,False,2026-04-12 02:45:51,True,2779.633333333333,2742,2742,2026-04-05 05:46:03,2761.4166666666665,2725,0,False,0.0,True,ITCTA,STOP_CONFIRMED_CALL_CANDIDATE,A,True,True,True,A,VALIDATED_PORT_ENTRANCE,coherent_entry_stop_exit,Long but continuously observed cargo port stay with clean entry/exit.,CARGO,A,ais_static_ship_type_73,True,1.0029020614229693,False,1.0166666666666666,0,27.808333333333334,62,22.974172506290312,0.05555406242496406,22.974172506290312,64,0.0040116703136396795,1.0,0.0,ACTUAL_VALIDATED_CATANIA_RESEARCH_GATE_ENTRANCE,2026-04-05 05:45:32.500,2026-04-05 05:45:02,2026-04-05 05:46:03,61.0,True,
CT-012,247319800,EUROCARGO LIVORNO,2026-04-06 08:53:29.000,2026-04-06 08:52:59,2026-04-06 08:53:59,60.0,A,37.48597924652204,15.097354086767613,MTMLA>ITCTA,5.3,348.1,catania_research_geometry_v1,0,2026-04-07 17:16:25.500,2026-04-07 17:15:55,2026-04-07 17:16:56,A,True,False,False,2026-04-15 18:10:44,True,1942.9416666666664,1915,1915,2026-04-06 08:53:59,1904.35,1809,0,False,0.0,True,MTMLA>ITCTA,STOP_CONFIRMED_CALL_CANDIDATE,A,True,True,True,A,VALIDATED_PORT_ENTRANCE,coherent_entry_stop_exit,"Continuous cargo approach, port dwell and outbound with Catania destination support.",CARGO,A,ais_static_ship_type_71,True,1.002045866877115,False,1.0333333333333334,0,39.06666666666667,177,85.32196978419971,0.07654551052754233,85.32196978419971,70,1.0,1.0,0.0,ACTUAL_VALIDATED_CATANIA_RESEARCH_GATE_ENTRANCE,2026-04-06 08:53:29.000,2026-04-06 08:52:59,2026-04-06 08:53:59,60.0,True,
CT-014,205481000,BELLE L'ADRIATIQUE,2026-04-06 09:49:17.500,2026-04-06 09:48:47,2026-04-06 09:49:48,61.0,A,37.486166333295095,15.097166999994547,IT CTA,5.8,359.0,catania_research_geometry_v1,0,2026-04-07 17:37:47.000,2026-04-07 17:37:17,2026-04-07 17:38:17,A,True,False,False,2026-04-12 11:26:29,True,1908.4916666666663,1881,1881,2026-04-06 09:49:48,522.1333333333333,1848,0,False,0.0,True,IT CTA,STOP_CONFIRMED_CALL_CANDIDATE,A,True,True,True,A,VALIDATED_PORT_ENTRANCE,coherent_entry_stop_exit,"Passenger vessel call with clean approach, prompt port stop, outbound and Catania destination support.",PASSENGER,A,web_verified_passenger_cruise,True,1.002021666324628,False,1.0333333333333334,0,38.075,177,42.24274751005482,0.03473822356085455,42.24274751005482,151,1.0,1.0,0.0,ACTUAL_VALIDATED_CATANIA_RESEARCH_GATE_ENTRANCE,2026-04-06 09:49:17.500,2026-04-06 09:48:47,2026-04-06 09:49:48,61.0,True,
CT-017,247383400,ECO BARCELONA,2026-04-07 01:00:39.000,2026-04-07 01:00:09,2026-04-07 01:01:09,60.0,A,37.48668381472952,15.096649518560117,MTMLA>ITCTA,4.0,353.2,catania_research_geometry_v1,0,2026-04-08 06:53:31.500,2026-04-08 06:53:01,2026-04-08 06:54:02,A,True,False,False,2026-04-12 00:09:14,True,1792.875,1766,1766,2026-04-07 01:01:09,1773.6,1750,0,False,0.0,True,MTMLA>ITCTA,STOP_CONFIRMED_CALL_CANDIDATE,A,True,True,True,A,VALIDATED_PORT_ENTRANCE,coherent_entry_stop_exit,"Commercial cargo call with continuous observations, sustained stop and outbound.",CARGO,A,ais_static_ship_type_70,True,1.0014269446187456,False,1.0333333333333334,0,28.883333333333333,135,70.26492898974779,0.06812672640477574,70.26492898974779,354,1.0,1.0,0.0,ACTUAL_VALIDATED_CATANIA_RESEARCH_GATE_ENTRANCE,2026-04-07 01:00:39.000,2026-04-07 01:00:09,2026-04-07 01:01:09,60.0,True,
CT-018,246518000,DEO VOLENTE,2026-04-07 04:20:23.000,2026-04-07 04:19:53,2026-04-07 04:20:53,60.0,A,37.48590025331854,15.0974330799711,CATANIA,6.1,352.9,catania_research_geometry_v1,0,2026-04-07 09:31:57.500,2026-04-07 09:31:27,2026-04-07 09:32:28,A,True,False,False,2026-04-07 11:13:57,True,311.575,307,307,2026-04-07 04:20:53,287.2,0,0,False,0.0,True,CATANIA,STOP_CONFIRMED_CALL_CANDIDATE,A,True,True,True,A,VALIDATED_PORT_ENTRANCE,coherent_entry_stop_exit,Commercial cargo approach and short port stay are continuously observed and destination says Catania.,CARGO,A,ais_static_ship_type_70,True,1.0017384792318598,False,1.0333333333333334,0,30.95,178,54.85572669151573,0.07106721484503882,54.85572669151573,101,1.0,1.0,0.0,ACTUAL_VALIDATED_CATANIA_RESEARCH_GATE_ENTRANCE,2026-04-07 04:20:23.000,2026-04-07 04:19:53,2026-04-07 04:20:53,60.0,True,
CT-019,314900000,GOLDEN EMAN,2026-04-07 05:16:11.500,2026-04-07 05:15:41,2026-04-07 05:16:42,61.0,A,37.48660673740886,15.09672659588077,ITCTA,3.1,356.4,catania_research_geometry_v1,0,2026-04-11 13:39:10.500,2026-04-11 13:38:40,2026-04-11 13:39:41,A,True,False,False,2026-04-12 10:01:34,True,6262.983333333334,6168,6168,2026-04-07 05:16:42,6231.533333333334,6107,0,False,0.0,True,ITCTA,STOP_CONFIRMED_CALL_CANDIDATE,A,True,True,True,A,VALIDATED_PORT_ENTRANCE,coherent_entry_stop_exit,Commercial cargo entry followed by a long continuous inner-harbour dwell and observed outbound.,CARGO,A,ais_static_ship_type_70,True,1.001248074000942,False,1.0333333333333334,0,34.99166666666667,177,42.67699425573986,0.08308189910048144,42.67699425573986,354,1.0,1.0,0.0,ACTUAL_VALIDATED_CATANIA_RESEARCH_GATE_ENTRANCE,2026-04-07 05:16:11.500,2026-04-07 05:15:41,2026-04-07 05:16:42,61.0,True,
CT-023,249281000,EUROCARGO VALENCIA,2026-04-07 21:43:09.000,2026-04-07 21:42:39,2026-04-07 21:43:39,60.0,A,37.48620382654402,15.09712950674563,IT CTA,2.5,347.9,catania_research_geometry_v1,0,2026-04-08 17:12:27.500,2026-04-08 17:11:57,2026-04-08 17:12:58,A,True,False,False,2026-04-13 23:24:04,True,1169.3083333333334,1151,1151,2026-04-07 21:43:39,1143.9833333333331,1124,0,False,0.0,True,IT CTA,STOP_CONFIRMED_CALL_CANDIDATE,A,True,True,True,A,VALIDATED_PORT_ENTRANCE,coherent_entry_stop_exit,"Commercial cargo call with continuous approach, sustained stop and outbound.",CARGO,A,ais_static_ship_type_70,True,1.0007483056222697,False,1.0333333333333334,0,34.95,178,62.529704509964425,0.03870119139868653,62.529704509964425,168,0.016507384882710686,1.0,0.0,ACTUAL_VALIDATED_CATANIA_RESEARCH_GATE_ENTRANCE,2026-04-07 21:43:09.000,2026-04-07 21:42:39,2026-04-07 21:43:39,60.0,True,
CT-024,247241800,EUROCARGO PALERMO,2026-04-08 05:45:29.500,2026-04-08 05:44:59,2026-04-08 05:46:00,61.0,A,37.48573053796957,15.097602795320082,ITSAL>ITCTA,6.6,350.5,catania_research_geometry_v1,0,2026-04-08 17:03:18.500,2026-04-08 17:02:48,2026-04-08 17:03:49,A,True,False,False,2026-04-16 12:43:53,True,677.8166666666667,667,667,2026-04-08 05:46:00,635.15,609,0,False,0.0,True,ITSAL>ITCTA,STOP_CONFIRMED_CALL_CANDIDATE,A,True,True,True,A,VALIDATED_PORT_ENTRANCE,coherent_entry_stop_exit,Commercial cargo call with continuous coverage and destination support.,CARGO,A,ais_static_ship_type_70,True,1.000442597555878,False,1.0333333333333334,0,39.09166666666667,63,23.454170617597242,0.10133575745140437,23.454170617597242,67,1.0,1.0,0.0,ACTUAL_VALIDATED_CATANIA_RESEARCH_GATE_ENTRANCE,2026-04-08 05:45:29.500,2026-04-08 05:44:59,2026-04-08 05:46:00,61.0,True,
CT-028,247319800,EUROCARGO LIVORNO,2026-04-09 05:38:29.500,2026-04-09 05:37:59,2026-04-09 05:39:00,61.0,A,37.486397782411935,15.096935550877712,ITSAL>ITCTA,4.1,341.8,catania_research_geometry_v1,0,2026-04-09 15:48:29.000,2026-04-09 15:47:59,2026-04-09 15:48:59,A,True,False,False,2026-04-15 18:10:44,True,609.9916666666667,601,601,2026-04-09 05:39:00,588.6833333333333,179,0,False,0.0,True,ITSAL>ITCTA,STOP_CONFIRMED_CALL_CANDIDATE,A,True,True,True,A,VALIDATED_PORT_ENTRANCE,coherent_entry_stop_exit,"Commercial cargo call with continuous observations, sustained stop and outbound.",CARGO,A,ais_static_ship_type_71,True,1.001680350824465,False,1.0333333333333334,0,29.925,59,21.964134428313667,0.040152505422936594,21.964134428313667,71,0.018302828618968387,1.0,0.0,ACTUAL_VALIDATED_CATANIA_RESEARCH_GATE_ENTRANCE,2026-04-09 05:38:29.500,2026-04-09 05:37:59,2026-04-09 05:39:00,61.0,True,
CT-029,253000169,BRITOIL CONFIDENCE,2026-04-09 06:15:00.500,2026-04-09 06:14:30,2026-04-09 06:15:31,61.0,A,37.48587370719982,15.097459626089812,CATANIA,6.0,350.6,catania_research_geometry_v1,0,2026-04-11 15:24:00.500,2026-04-11 15:23:30,2026-04-11 15:24:31,A,True,False,False,2026-04-11 22:19:11,False,3429.0,3376,3376,2026-04-09 06:15:31,2452.083333333333,3349,0,False,0.0,True,CATANIA,STOP_CONFIRMED_CALL_CANDIDATE,A,True,True,True,A,VALIDATED_PORT_ENTRANCE,coherent_entry_stop_exit,"Offshore supply vessel has coherent long-range approach, continuous port-side dwell, outbound and Catania destination support.",OFFSHORE_SUPPLY,A,web_verified_offshore_tug_supply,True,1.000952658695441,False,1.0333333333333334,0,26.891666666666666,178,31.94701449091945,0.17955738478795621,31.94701449091945,353,1.0,1.0,0.0,ACTUAL_VALIDATED_CATANIA_RESEARCH_GATE_ENTRANCE,2026-04-09 06:15:00.500,2026-04-09 06:14:30,2026-04-09 06:15:31,61.0,True,
CT-031,247415100,URBANO MONTI,2026-04-09 06:51:32.500,2026-04-09 06:51:02,2026-04-09 06:52:03,61.0,A,37.486129877236905,15.097203456052732,ITCTA,3.6,358.0,catania_research_geometry_v1,0,,,,,False,True,False,2026-04-16 12:43:53,True,10432.341666666667,8633,8633,2026-04-09 06:52:03,5357.65,8367,0,False,0.0,True,ITCTA,STOP_CONFIRMED_CALL_CANDIDATE,A,True,True,True,A,VALIDATED_PORT_ENTRANCE,coherent_entry_stop_right_censored,"Survey/offshore vessel has clean entry and multi-day confirmed port stay; dataset ends before outbound, but entry label is well supported.",SURVEY_OFFSHORE,A,official_operator_web_verified_survey_vessel,True,0.8413147895047532,False,1443.4833333333333,3,38.09166666666667,172,25.315511353407008,0.028486472895385386,25.315511353407008,0,1.0,1.0,0.0,ACTUAL_VALIDATED_CATANIA_RESEARCH_GATE_ENTRANCE,2026-04-09 06:51:32.500,2026-04-09 06:51:02,2026-04-09 06:52:03,61.0,True,
CT-034,247453600,ECO NAPOLI,2026-04-09 12:06:11.500,2026-04-09 12:05:41,2026-04-09 12:06:42,61.0,A,37.48618406710329,15.097149266186358,ITLIV>ITCTA,4.8,351.5,catania_research_geometry_v1,0,2026-04-09 20:07:55.500,2026-04-09 20:07:25,2026-04-09 20:08:26,A,True,False,False,2026-04-13 23:24:04,False,481.73333333333335,475,475,2026-04-09 12:06:42,460.45,426,0,False,0.0,True,ITLIV>ITCTA,STOP_CONFIRMED_CALL_CANDIDATE,A,True,True,True,A,VALIDATED_PORT_ENTRANCE,coherent_entry_stop_exit,"Commercial cargo call with continuous observations, sustained stop and outbound.",CARGO,A,ais_static_ship_type_71,True,1.0024564074176585,False,1.0333333333333334,0,30.941666666666666,51,23.404392891569167,0.05028448858084549,23.404392891569167,168,1.0,1.0,0.0,ACTUAL_VALIDATED_CATANIA_RESEARCH_GATE_ENTRANCE,2026-04-09 12:06:11.500,2026-04-09 12:05:41,2026-04-09 12:06:42,61.0,True,
CT-037,247241800,EUROCARGO PALERMO,2026-04-10 05:32:45.500,2026-04-10 05:32:15,2026-04-10 05:33:16,61.0,A,37.48587122162457,15.09746211166508,ITSAL>ITCTA,5.9,348.6,catania_research_geometry_v1,0,2026-04-10 16:59:22.500,2026-04-10 16:58:52,2026-04-10 16:59:53,A,True,False,False,2026-04-16 12:43:53,True,686.6166666666667,675,675,2026-04-10 05:33:16,643.8833333333333,639,0,False,0.0,True,ITSAL>ITCTA,STOP_CONFIRMED_CALL_CANDIDATE,A,True,True,True,A,VALIDATED_PORT_ENTRANCE,coherent_entry_stop_exit,"Commercial cargo call with continuous coverage, destination support and clean outbound.",CARGO,A,ais_static_ship_type_70,True,0.999465980532563,False,1.0333333333333334,0,40.15833333333333,80,24.897139085641392,0.07496879110255858,24.897139085641392,70,1.0,1.0,0.0,ACTUAL_VALIDATED_CATANIA_RESEARCH_GATE_ENTRANCE,2026-04-10 05:32:45.500,2026-04-10 05:32:15,2026-04-10 05:33:16,61.0,True,
CT-038,247383400,ECO BARCELONA,2026-04-10 06:42:55.500,2026-04-10 06:42:25,2026-04-10 06:43:26,61.0,A,37.48607033071309,15.097263002576554,MTMLA>ITCTA,4.3,358.6,catania_research_geometry_v1,0,2026-04-11 22:55:21.500,2026-04-11 22:54:51,2026-04-11 22:55:52,A,True,False,False,2026-04-12 00:09:14,True,2412.4333333333334,2373,2373,2026-04-10 06:43:26,1321.4,2321,0,False,0.0,True,MTMLA>ITCTA,STOP_CONFIRMED_CALL_CANDIDATE,A,True,True,True,A,VALIDATED_PORT_ENTRANCE,coherent_entry_stop_exit,Commercial cargo call with sustained port stay and observed outbound; approach includes local manoeuvring but crossing is coherent.,CARGO,A,ais_static_ship_type_70,True,1.000048360576458,False,1.0333333333333334,0,38.175,177,1.5274297508697268,0.01999381104942957,2.1172457716507567,73,1.0,1.0,0.0,ACTUAL_VALIDATED_CATANIA_RESEARCH_GATE_ENTRANCE,2026-04-10 06:42:55.500,2026-04-10 06:42:25,2026-04-10 06:43:26,61.0,True,
CT-039,249146000,EUROCARGO TRIESTE,2026-04-10 10:13:35.500,2026-04-10 10:13:05,2026-04-10 10:14:06,61.0,A,37.48680477374168,15.096528559547975,ITCTA,5.1,357.3,catania_research_geometry_v1,0,2026-04-10 19:35:59.500,2026-04-10 19:35:29,2026-04-10 19:36:30,A,True,False,False,2026-04-16 12:43:53,True,562.4,553,553,2026-04-10 10:14:06,538.0,512,0,False,0.0,True,ITCTA,STOP_CONFIRMED_CALL_CANDIDATE,A,True,True,True,A,VALIDATED_PORT_ENTRANCE,coherent_entry_stop_exit,"Commercial cargo approach, sustained stop, outbound and Catania destination support.",CARGO,A,ais_static_ship_type_71,True,0.9996740161213845,False,1.0333333333333334,0,30.991666666666667,177,77.67115709914982,0.08150438261201691,77.67115709914982,162,1.0,1.0,0.0,ACTUAL_VALIDATED_CATANIA_RESEARCH_GATE_ENTRANCE,2026-04-10 10:13:35.500,2026-04-10 10:13:05,2026-04-10 10:14:06,61.0,True,
CT-040,247296500,EUROCARGO ALEXANDRIA,2026-04-10 11:53:06.500,2026-04-10 11:52:36,2026-04-10 11:53:37,61.0,A,37.48689662562732,15.096436707662336,ITCTA,3.4,351.9,catania_research_geometry_v1,0,2026-04-10 20:13:35.500,2026-04-10 20:13:05,2026-04-10 20:14:06,A,True,False,False,2026-04-12 02:45:51,True,500.48333333333335,492,492,2026-04-10 11:53:37,481.2,474,0,False,0.0,True,ITCTA,STOP_CONFIRMED_CALL_CANDIDATE,A,True,True,True,A,VALIDATED_PORT_ENTRANCE,coherent_entry_stop_exit,"Commercial cargo call with clean crossing, continuous dwell and outbound.",CARGO,A,ais_static_ship_type_73,True,0.9994338805821039,False,1.0333333333333334,0,27.925,64,26.501913418013633,0.09985335062514153,26.501913418013633,223,0.024390243902439025,1.0,0.0,ACTUAL_VALIDATED_CATANIA_RESEARCH_GATE_ENTRANCE,2026-04-10 11:53:06.500,2026-04-10 11:52:36,2026-04-10 11:53:37,61.0,True,
CT-041,247408700,MERSEY SPIRIT,2026-04-10 14:18:26.500,2026-04-10 14:17:56,2026-04-10 14:18:57,61.0,A,37.48704362694436,15.096289706345289,CATANIA,2.1,343.9,catania_research_geometry_v1,0,2026-04-11 11:53:39.000,2026-04-11 11:53:09,2026-04-11 11:54:09,A,True,False,False,2026-04-16 12:43:53,False,1295.2083333333333,1174,445,2026-04-10 14:18:57,123.88333333333334,398,0,False,0.0,True,CATANIA,STOP_CONFIRMED_CALL_CANDIDATE,A,True,True,True,A,VALIDATED_PORT_ENTRANCE,coherent_entry_stop_exit,"Oil-products tanker has coherent approach, prompt stop and outbound; a few later gaps do not affect entry confirmation.",TANKER,A,ais_static_ship_type_89,True,0.9215248512144121,False,55.56666666666667,3,32.05833333333333,176,29.372943317337047,0.13092704529813706,34.72693942126962,313,0.022146507666098807,0.379045996592845,0.0,ACTUAL_VALIDATED_CATANIA_RESEARCH_GATE_ENTRANCE,2026-04-10 14:18:26.500,2026-04-10 14:17:56,2026-04-10 14:18:57,61.0,True,
CT-046,247296500,EUROCARGO ALEXANDRIA,2026-04-11 19:00:49.500,2026-04-11 19:00:19,2026-04-11 19:01:20,61.0,A,37.48698169776876,15.096351635520886,ITCTA,3.6,349.0,catania_research_geometry_v1,0,2026-04-12 01:27:02.500,2026-04-12 01:26:32,2026-04-12 01:27:33,A,True,False,False,2026-04-12 02:45:51,True,386.2166666666666,379,379,2026-04-11 19:01:20,367.9333333333333,121,0,True,481.2,True,ITCTA,STOP_CONFIRMED_CALL_CANDIDATE,A,True,True,True,A,VALIDATED_PORT_ENTRANCE,coherent_entry_stop_exit,"Commercial cargo call with continuous approach, stop, exit and destination support.",CARGO,A,ais_static_ship_type_73,True,0.9976697018081389,False,1.0333333333333334,0,26.958333333333332,175,89.6172137945176,0.11700228235833456,89.6172137945176,78,0.026385224274406333,1.0,0.0,ACTUAL_VALIDATED_CATANIA_RESEARCH_GATE_ENTRANCE,2026-04-11 19:00:49.500,2026-04-11 19:00:19,2026-04-11 19:01:20,61.0,True,
CT-052,247319800,EUROCARGO LIVORNO,2026-04-12 12:55:48.500,2026-04-12 12:55:18,2026-04-12 12:56:19,61.0,A,37.48613397049419,15.097199362795456,ITLIV>ITCTA,5.1,349.0,catania_research_geometry_v1,0,2026-04-12 19:27:40.500,2026-04-12 19:27:10,2026-04-12 19:28:11,A,True,False,False,2026-04-15 18:10:44,True,391.8666666666667,386,386,2026-04-12 12:56:19,360.3333333333333,127,0,False,0.0,True,ITLIV>ITCTA,STOP_CONFIRMED_CALL_CANDIDATE,A,True,True,True,A,VALIDATED_PORT_ENTRANCE,coherent_entry_stop_exit,"Commercial cargo call with continuous coverage, sustained stop and observed outbound.",CARGO,A,ais_static_ship_type_71,True,1.001446070091868,False,1.0333333333333334,0,43.25833333333333,53,22.813428192938506,0.03297868464929733,22.813428192938506,74,0.9974093264248705,1.0,0.0,ACTUAL_VALIDATED_CATANIA_RESEARCH_GATE_ENTRANCE,2026-04-12 12:55:48.500,2026-04-12 12:55:18,2026-04-12 12:56:19,61.0,True,
CT-054,249281000,EUROCARGO VALENCIA,2026-04-13 06:11:14.500,2026-04-13 06:10:44,2026-04-13 06:11:45,61.0,A,37.48627043949584,15.097062893793806,ITCTA,5.1,358.0,catania_research_geometry_v1,0,,,,,False,False,True,2026-04-13 23:24:04,True,1032.825,960,960,2026-04-13 06:11:45,686.25,941,0,False,0.0,True,ITCTA,STOP_CONFIRMED_CALL_CANDIDATE,C,True,True,True,B,VALIDATED_PORT_ENTRANCE,coherent_entry_missing_outbound,Commercial cargo entry and >11 h confirmed stop are strong; outbound is missing and one moderate gap lowers confidence.,CARGO,A,ais_static_ship_type_70,True,0.9449809987171108,False,39.266666666666666,1,42.05833333333333,160,82.33495796441026,0.04991296675540742,82.33495796441026,0,1.0,1.0,0.0,ACTUAL_VALIDATED_CATANIA_RESEARCH_GATE_ENTRANCE,2026-04-13 06:11:14.500,2026-04-13 06:10:44,2026-04-13 06:11:45,61.0,True,
CT-055,247241800,EUROCARGO PALERMO,2026-04-13 08:46:20.500,2026-04-13 08:45:50,2026-04-13 08:46:51,61.0,A,37.48606836619816,15.09726496709149,MTMLA>ITCTA,5.6,354.4,catania_research_geometry_v1,0,2026-04-13 17:04:00.500,2026-04-13 17:03:30,2026-04-13 17:04:31,A,True,False,False,2026-04-16 12:43:53,True,497.6666666666667,490,490,2026-04-13 08:46:51,479.3833333333333,469,0,True,657.45,True,ITSAL>ITCTA,STOP_CONFIRMED_CALL_CANDIDATE,A,True,True,True,A,VALIDATED_PORT_ENTRANCE,coherent_entry_stop_exit,"Commercial cargo call with continuous observations, sustained stop and outbound.",CARGO,A,ais_static_ship_type_70,True,1.0010046885465504,False,1.0333333333333334,0,26.891666666666666,169,92.17574464181081,0.027280037082726333,92.17574464181081,60,0.02040816326530612,1.0,0.0,ACTUAL_VALIDATED_CATANIA_RESEARCH_GATE_ENTRANCE,2026-04-13 08:46:20.500,2026-04-13 08:45:50,2026-04-13 08:46:51,61.0,True,
CT-057,247453600,ECO NAPOLI,2026-04-13 22:27:56.500,2026-04-13 22:27:26,2026-04-13 22:28:27,61.0,A,37.48623440473003,15.097098928559626,MTMLA>ITCTA,3.5,358.6,catania_research_geometry_v1,0,,,,,False,False,True,2026-04-13 23:24:04,False,56.125,45,45,2026-04-13 22:28:27,30.216666666666665,22,0,False,0.0,True,MTMLA>ITCTA,STOP_CONFIRMED_CALL_CANDIDATE,C,True,True,True,B,VALIDATED_PORT_ENTRANCE,coherent_entry_missing_outbound,"Commercial cargo entry, Catania destination support and ~30 min confirmed stop are coherent, but observation ends before outbound.",CARGO,A,ais_static_ship_type_71,True,0.8151447661469933,False,3.6,0,41.80833333333333,161,88.480282386451,0.03869339295412899,88.480282386451,0,0.24444444444444444,1.0,0.0,ACTUAL_VALIDATED_CATANIA_RESEARCH_GATE_ENTRANCE,2026-04-13 22:27:56.500,2026-04-13 22:27:26,2026-04-13 22:28:27,61.0,True,
CT-060,247241800,EUROCARGO PALERMO,2026-04-16 05:19:13.000,2026-04-16 05:18:43,2026-04-16 05:19:43,60.0,A,37.48608849731745,15.09724483597219,ITSAL>ITCTA,6.3,353.5,catania_research_geometry_v1,0,,,,,False,True,False,2026-04-16 12:43:53,True,444.6666666666667,438,438,2026-04-16 05:19:43,416.76666666666665,403,0,False,0.0,True,ITSAL>ITCTA,STOP_CONFIRMED_CALL_CANDIDATE,A,True,True,True,A,VALIDATED_PORT_ENTRANCE,coherent_entry_stop_right_censored,Commercial cargo entry and multi-hour stop are continuously observed; dataset end censors outbound but not the entry label.,CARGO,A,ais_static_ship_type_70,True,1.001424287856072,False,1.6666666666666667,0,43.11666666666667,70,22.211798211337882,0.020065186040949083,22.211798211337882,0,1.0,1.0,0.0,ACTUAL_VALIDATED_CATANIA_RESEARCH_GATE_ENTRANCE,2026-04-16 05:19:13.000,2026-04-16 05:18:43,2026-04-16 05:19:43,60.0,True,
CT-061,249146000,EUROCARGO TRIESTE,2026-04-16 10:14:07.500,2026-04-16 10:13:37,2026-04-16 10:14:38,61.0,A,37.48617144562012,15.097161887669522,ITCTA,7.1,359.7,catania_research_geometry_v1,0,,,,,False,True,False,2026-04-16 12:43:53,True,149.75833333333333,148,148,2026-04-16 10:14:38,132.0,121,0,False,0.0,True,ITCTA,STOP_CONFIRMED_CALL_CANDIDATE,A,True,True,True,A,VALIDATED_PORT_ENTRANCE,coherent_entry_stop_right_censored,Commercial cargo entry and >2 h stop are continuously observed before dataset end.,CARGO,A,ais_static_ship_type_71,True,1.0047298425240665,False,1.0333333333333334,0,32.99166666666667,162,69.4554109367837,0.1852094867442474,69.4554109367837,0,1.0,1.0,0.0,ACTUAL_VALIDATED_CATANIA_RESEARCH_GATE_ENTRANCE,2026-04-16 10:14:07.500,2026-04-16 10:13:37,2026-04-16 10:14:38,61.0,True,
