mmsi,name,last_update,eta_reference_dt,target_tte_h,reference_eta_status,destination_norm,selected_model,prediction_tte_h,prediction_eta_dt,abs_error_h,global_median_prediction_h,destination_median_prediction_h,task
219278000,HULDA MAERSK,2026-04-11 06:59:36,2026-04-13 05:30:00,46.50666666666667,FUTURE_0_7D,DZALG,catboost_current_snapshot,61.26623904267658,2026-04-13 20:15:34.460553637,14.759572376009913,47.757222222222225,47.757222222222225,strict_all_parseable
220530000,KIRSTEN MAERSK,2026-04-07 13:43:16,2026-04-08 08:00:00,18.27888888888889,FUTURE_0_7D,SANTA PANAGIA,catboost_current_snapshot,25.319931265502216,2026-04-08 15:02:27.752555807,7.041042376613326,47.757222222222225,-2010.4322222222222,strict_all_parseable
228391700,LNG ADVENTURE,2026-04-05 12:24:32,2026-04-07 05:30:00,41.09111111111111,FUTURE_0_7D,FOR ORDERS,catboost_current_snapshot,56.89994482779375,2026-04-07 21:18:31.801380058,15.808833716682642,47.757222222222225,316.13916666666665,strict_all_parseable
229603000,KIRAN ISTANBUL,2026-04-07 17:28:34,2026-04-10 08:00:00,62.52388888888889,FUTURE_0_7D,EG DAM,catboost_current_snapshot,65.38386118426978,2026-04-10 10:51:35.900263372,2.859972295380885,47.757222222222225,65.57388888888889,strict_all_parseable
229705000,CMA CGM MARLIN,2026-04-09 06:51:21,2026-04-09 21:00:00,14.144166666666667,FUTURE_0_7D,MTMAR ITSAL,catboost_current_snapshot,32.446072350393585,2026-04-10 15:18:06.860461418,18.30190568372692,47.757222222222225,47.757222222222225,strict_all_parseable
232051710,OCEAN BAY,2026-04-09 11:55:55,2026-04-11 09:00:00,45.06805555555555,FUTURE_0_7D,GR KLL,catboost_current_snapshot,62.39153495592667,2026-04-12 02:19:24.525841337,17.32347940037112,47.757222222222225,47.757222222222225,strict_all_parseable
247141630,GIUSEPPE PADRE I,2026-04-10 10:46:36,2026-01-01 00:00:00,-2386.7766666666666,PAST_GT24H,PESCA,catboost_current_snapshot,-87.85123141091049,2026-04-06 18:55:31.566920724,2298.9254352557564,47.757222222222225,47.757222222222225,strict_all_parseable
247164180,GIOVANNI E TOMMASO,2026-04-15 18:51:19,2026-01-01 00:00:00,-2514.8552777777777,PAST_GT24H,LICATA,catboost_current_snapshot,6.361629978617856,2026-04-16 01:13:00.867923024,2521.2169077563954,47.757222222222225,47.757222222222225,strict_all_parseable
247187200,CAPO MOLINI,2026-04-16 10:09:49,2026-01-31 18:48:00,-1791.3636111111111,PAST_GT24H,AUGUSTA,catboost_current_snapshot,-109.5367382082203,2026-04-11 20:37:36.742450409,1681.826872902891,47.757222222222225,-136.65222222222224,strict_all_parseable
247190400,DANTE A,2026-04-16 15:39:05,2026-04-17 05:00:00,13.348611111111111,FUTURE_0_7D,ITPMO,catboost_current_snapshot,27.59433798677215,2026-04-17 19:14:44.616752379,14.245726875661038,47.757222222222225,47.757222222222225,strict_all_parseable
247209600,DURO,2026-04-16 15:31:53,2025-12-10 08:30:00,-3055.031388888889,PAST_GT24H,ITSP,catboost_current_snapshot,8.16109817436616,2026-04-16 23:41:32.953427717,3063.192487063255,47.757222222222225,47.757222222222225,strict_all_parseable
247243700,IEVOLI FAST,2026-04-15 22:48:56,2026-04-17 20:00:00,45.184444444444445,FUTURE_0_7D,ITVDL,catboost_current_snapshot,44.42288406612733,2026-04-17 19:14:18.382638057,0.7615603783171139,47.757222222222225,47.757222222222225,strict_all_parseable
247427400,BEPPE,2026-04-16 15:39:14,2026-03-25 15:00:00,-528.6538888888889,PAST_GT24H,IT CTA,catboost_current_snapshot,51.51994800859554,2026-04-18 19:10:25.812830945,580.1738368974844,47.757222222222225,47.757222222222225,strict_all_parseable
247484800,JOLLY VERDE,2026-04-15 16:29:39,2026-04-15 18:00:00,1.5058333333333334,FUTURE_0_7D,ITGIT,catboost_current_snapshot,18.142270357495956,2026-04-16 10:38:11.173286985,16.636437024162625,47.757222222222225,5.891666666666667,strict_all_parseable
248912000,TOSCANA,2026-04-10 14:38:07,2026-04-14 04:00:00,85.36472222222223,FUTURE_0_7D,PT SET,catboost_current_snapshot,90.00802702954098,2026-04-14 08:38:35.897306347,4.643304807318756,47.757222222222225,47.757222222222225,strict_all_parseable
249157000,CMA CGM ALTAMIRA,2026-04-09 00:45:29,2026-04-09 10:00:00,9.241944444444444,FUTURE_0_7D,HRRJK>MTMAR,catboost_current_snapshot,52.76840192829413,2026-04-11 05:31:35.246941858,43.52645748384969,47.757222222222225,47.757222222222225,strict_all_parseable
249689000,BC MIKLAGARD,2026-04-12 06:26:25,2026-04-12 13:00:00,6.559722222222222,FUTURE_0_7D,MTMAR,catboost_current_snapshot,36.2614437324355,2026-04-13 18:42:06.197436769,29.701721510213282,47.757222222222225,10.716249999999999,strict_all_parseable
255915616,MSC LAGOS X,2026-04-03 18:17:36,2026-04-04 10:00:00,15.706666666666667,FUTURE_0_7D,ITNAP,catboost_current_snapshot,35.05408419094542,2026-04-05 05:20:50.703087402,19.34741752427875,47.757222222222225,15.916666666666666,strict_all_parseable
255916020,JAGUAR,2026-04-16 15:38:19,2026-04-14 10:00:00,-53.63861111111111,PAST_GT24H,ITAUG,catboost_current_snapshot,-6.413818334690291,2026-04-16 09:13:29.253995116,47.22479277642082,47.757222222222225,-27.9525,strict_all_parseable
255916596,LODUR,2026-04-09 22:58:46,2026-04-12 02:00:00,51.02055555555555,FUTURE_0_7D,FRFOS,catboost_current_snapshot,68.64362627164114,2026-04-12 19:37:23.054577907,17.623070716085586,47.757222222222225,47.757222222222225,strict_all_parseable
256389000,EXPLORA I,2026-04-07 23:10:30,2026-04-09 05:00:00,29.825,FUTURE_0_7D,GRCFU,catboost_current_snapshot,39.078431732478506,2026-04-09 14:15:12.354236924,9.253431732478507,47.757222222222225,47.757222222222225,strict_all_parseable
273277650,STRATEG,2026-04-09 21:28:17,2026-04-26 12:00:00,398.5286111111111,FUTURE_14_30D,EG SUZ > RU MMK,catboost_current_snapshot,93.82774410283885,2026-04-13 19:17:56.878770220,304.70086700827227,47.757222222222225,47.757222222222225,strict_all_parseable
305032300,REK BRAVE,2026-04-07 14:47:35,2026-04-12 03:00:00,108.20694444444445,FUTURE_0_7D,TRISK,catboost_current_snapshot,58.20390329867566,2026-04-10 00:59:49.051875233,50.00304114576878,47.757222222222225,47.757222222222225,strict_all_parseable
305177000,RMS FRATERNITY,2026-04-12 07:22:18,2026-04-14 12:00:00,52.62833333333333,FUTURE_0_7D,ROCND,catboost_current_snapshot,61.35054385598772,2026-04-14 20:43:19.957881556,8.722210522654393,47.757222222222225,92.95722222222221,strict_all_parseable
305559000,BBC SHANGHAI,2026-04-10 07:03:31,2026-04-17 04:00:00,164.9413888888889,FUTURE_0_7D,NLEEM,catboost_current_snapshot,47.181703634012884,2026-04-12 06:14:25.133082446,117.75968525487602,47.757222222222225,47.757222222222225,strict_all_parseable
311001819,WILSON NANJING,2026-04-06 07:30:10,2026-04-08 15:00:00,55.49722222222222,FUTURE_0_7D,SIKOP,catboost_current_snapshot,-12.55526541057069,2026-04-05 18:56:51.044521945,68.05248763279292,47.757222222222225,40.24569444444444,strict_all_parseable
314778000,JANET,2026-04-06 08:41:47,2026-04-09 12:00:00,75.30361111111111,FUTURE_0_7D,GRSKG,catboost_current_snapshot,54.72342105449289,2026-04-08 15:25:11.315796174,20.58019005661822,47.757222222222225,47.757222222222225,strict_all_parseable
341559000,PRINCESS BANA,2026-04-03 17:43:08,2026-03-31 00:00:00,-89.71888888888888,PAST_GT24H,LY TIP,catboost_current_snapshot,37.29368716471346,2026-04-05 07:00:45.273792966,127.01257605360234,47.757222222222225,47.757222222222225,strict_all_parseable
341945001,MERCY,2026-04-05 21:21:24,2026-04-07 12:00:00,38.64333333333333,FUTURE_0_7D,ITBLT,catboost_current_snapshot,-22.971618413504018,2026-04-04 22:23:06.173711386,61.61495174683735,47.757222222222225,47.757222222222225,strict_all_parseable
374608000,STEFANY,2026-04-12 04:00:16,2026-04-15 12:00:00,79.99555555555555,FUTURE_0_7D,MALTA,catboost_current_snapshot,42.34072542406237,2026-04-13 22:20:42.611526623,37.654830131493185,47.757222222222225,5.451666666666667,strict_all_parseable
374676000,CHALLENGER 1,2026-04-11 04:26:57,2026-04-12 20:00:00,39.55083333333334,FUTURE_0_7D,ME BAR,catboost_current_snapshot,-32.5301693773107,2026-04-09 19:55:08.390241681,72.08100271064404,47.757222222222225,47.757222222222225,strict_all_parseable
414665000,COSCOSHIPPINGFANRONG,2026-04-08 02:57:55,2026-04-10 23:00:00,68.03472222222223,FUTURE_0_7D,MARTAS,catboost_current_snapshot,57.94646602446038,2026-04-10 12:54:42.277688056,10.08825619776185,47.757222222222225,47.757222222222225,strict_all_parseable
477712800,CSCL PACIFIC OCEAN,2026-04-09 09:37:29,2026-04-10 16:00:00,30.37527777777778,FUTURE_0_7D,ITSPE,catboost_current_snapshot,47.6642647610148,2026-04-11 09:17:20.353139654,17.28898698323702,47.757222222222225,52.2075,strict_all_parseable
538005400,STI FULHAM,2026-04-11 17:51:11,2026-04-12 16:00:00,22.146944444444443,FUTURE_0_7D,IT FCO,catboost_current_snapshot,47.47716517351693,2026-04-13 17:19:48.794624661,25.330220729072487,47.757222222222225,47.757222222222225,strict_all_parseable
538005410,STI HAMMERSMITH,2026-04-05 17:45:57,2026-04-06 01:00:00,7.234166666666667,FUTURE_0_7D,ITMLZ,catboost_current_snapshot,35.52736310459356,2026-04-07 05:17:35.507176538,28.293196437926895,47.757222222222225,6.3725,strict_all_parseable
538006702,GH HOLIDAY,2026-04-08 17:26:02,2026-04-12 07:00:00,85.56611111111111,FUTURE_0_7D,GIGIB,catboost_current_snapshot,72.81619799571536,2026-04-11 18:15:00.312784574,12.749913115395756,47.757222222222225,97.54638888888888,strict_all_parseable
538010036,REACHY SUMMER,2026-04-06 17:10:07,2026-04-07 02:00:00,8.831388888888888,FUTURE_0_7D,MALTA,catboost_current_snapshot,58.799426986525816,2026-04-09 03:58:04.937151493,49.96803809763693,47.757222222222225,5.451666666666667,strict_all_parseable
538010765,EXELIXSEA,2026-04-10 17:59:59,2026-04-12 12:00:00,42.000277777777775,FUTURE_0_7D,TR ALI,catboost_current_snapshot,59.93790474934838,2026-04-13 05:56:15.457097652,17.9376269715706,47.757222222222225,47.757222222222225,strict_all_parseable
538012016,MIDEA,2026-04-09 09:43:54,2026-09-04 11:00:00,3553.2683333333334,FUTURE_GT30D,MALTA,catboost_current_snapshot,34.82990961001765,2026-04-10 20:33:41.674596064,3518.4384237233157,47.757222222222225,5.451666666666667,strict_all_parseable
538090448,AVIVA,2026-04-10 03:57:34,2026-04-12 07:00:00,51.04055555555556,FUTURE_0_7D,TRIST,catboost_current_snapshot,63.04545125507048,2026-04-12 19:00:17.624518252,12.004895699514925,47.757222222222225,74.08666666666667,strict_all_parseable
563039700,MAERSK HANOI,2026-04-10 21:02:03,2026-05-04 10:30:00,565.4658333333333,FUTURE_14_30D,EGPSD>>OMSLL,catboost_current_snapshot,83.98911499087188,2026-04-14 09:01:23.813967139,481.4767183424614,47.757222222222225,47.757222222222225,strict_all_parseable
563281900,YM WINDOW,2026-04-06 15:20:46,2026-04-08 23:00:00,55.653888888888886,FUTURE_0_7D,DAMIETTA,catboost_current_snapshot,60.08663142138547,2026-04-09 03:25:57.873116986,4.432742532496583,47.757222222222225,81.04722222222222,strict_all_parseable
563947000,STRATEGIC UNITY,2026-04-11 22:42:27,2026-05-03 06:00:00,511.2925,FUTURE_14_30D,US BRO,catboost_current_snapshot,84.07816751075654,2026-04-15 10:47:08.403038725,427.2143324892435,47.757222222222225,47.757222222222225,strict_all_parseable
566598000,HAFNIA TORRES,2026-04-06 03:58:14,2026-04-06 09:20:00,5.362777777777778,FUTURE_0_7D,MALTA FOR ORDERS,catboost_current_snapshot,62.103981891421355,2026-04-08 18:04:28.334809115,56.741204113643576,47.757222222222225,47.757222222222225,strict_all_parseable
566619000,SV ADELAIDE,2026-04-08 16:13:01,2026-04-12 15:00:00,94.78305555555555,FUTURE_0_7D,ALGECIRAS,catboost_current_snapshot,69.99346132584868,2026-04-11 14:12:37.460773056,24.789594229706864,47.757222222222225,81.29305555555555,strict_all_parseable
566716000,THOR BRAVE,2026-04-10 08:53:49,2026-04-14 06:00:00,93.10305555555556,FUTURE_0_7D,GIBRALTAR,catboost_current_snapshot,79.89493931462499,2026-04-13 16:47:30.781532650,13.208116240930565,47.757222222222225,83.80083333333333,strict_all_parseable
636016017,HISTRIA  AMBRA,2026-04-12 15:18:05,2026-04-13 06:00:00,14.698611111111111,FUTURE_0_7D,ITGAE,catboost_current_snapshot,39.283536779366834,2026-04-14 06:35:05.732405721,24.58492566825572,47.757222222222225,47.757222222222225,strict_all_parseable
636016125,TRAIGUEN,2026-04-09 21:53:11,2026-04-15 21:00:00,143.1136111111111,FUTURE_0_7D,TRALI>GBFXT,catboost_current_snapshot,63.14143476625799,2026-04-12 13:01:40.165158528,79.97217634485312,47.757222222222225,47.757222222222225,strict_all_parseable
636018088,ASL TIA,2026-04-08 15:33:27,2026-04-11 06:00:00,62.4425,FUTURE_0_7D,EG ALY,catboost_current_snapshot,65.02432042404041,2026-04-11 08:34:54.553526544,2.5818204240404086,47.757222222222225,65.57138888888889,strict_all_parseable
636021231,MSC LILA F,2026-04-16 01:50:57,2026-04-18 08:00:00,54.15083333333333,FUTURE_0_7D,ITGIT,catboost_current_snapshot,-16.010455946154615,2026-04-15 09:50:19.358593842,70.16128927948795,47.757222222222225,5.891666666666667,strict_all_parseable
636021767,HONG G,2026-04-12 02:00:31,2026-04-25 12:00:00,321.9913888888889,FUTURE_7_14D,FOR ORDERS,catboost_current_snapshot,79.37193407443061,2026-04-15 09:22:49.962667951,242.61945481445827,47.757222222222225,316.13916666666665,strict_all_parseable
636022969,HAN WU KOU,2026-04-09 06:11:24,2026-04-11 08:00:00,49.81,FUTURE_0_7D,ALEXANDRIA,catboost_current_snapshot,25.46918049800488,2026-04-10 07:39:33.049792818,24.34081950199512,47.757222222222225,43.87972222222222,strict_all_parseable
636024011,POPI SAZAKLIS,2026-04-10 02:35:51,2026-04-17 18:00:00,183.4025,FUTURE_7_14D,FRLEH,catboost_current_snapshot,83.20372798443195,2026-04-13 13:48:04.420743955,100.19877201556805,47.757222222222225,47.757222222222225,strict_all_parseable
219278000,HULDA MAERSK,2026-04-11 06:59:36,2026-04-13 05:30:00,46.50666666666667,FUTURE_0_7D,DZALG,train_destination_median_with_global_fallback,57.43638888888889,2026-04-13 16:25:47.000000000,10.929722222222225,57.43638888888889,57.43638888888889,future_reference
220530000,KIRSTEN MAERSK,2026-04-07 13:43:16,2026-04-08 08:00:00,18.27888888888889,FUTURE_0_7D,SANTA PANAGIA,train_destination_median_with_global_fallback,57.43638888888889,2026-04-09 23:09:27.000000000,39.1575,57.43638888888889,57.43638888888889,future_reference
228391700,LNG ADVENTURE,2026-04-05 12:24:32,2026-04-07 05:30:00,41.09111111111111,FUTURE_0_7D,FOR ORDERS,train_destination_median_with_global_fallback,316.13916666666665,2026-04-18 16:32:53.000000001,275.04805555555555,57.43638888888889,316.13916666666665,future_reference
229603000,KIRAN ISTANBUL,2026-04-07 17:28:34,2026-04-10 08:00:00,62.52388888888889,FUTURE_0_7D,EG DAM,train_destination_median_with_global_fallback,65.57388888888889,2026-04-10 11:03:00.000000000,3.049999999999997,57.43638888888889,65.57388888888889,future_reference
229705000,CMA CGM MARLIN,2026-04-09 06:51:21,2026-04-09 21:00:00,14.144166666666667,FUTURE_0_7D,MTMAR ITSAL,train_destination_median_with_global_fallback,57.43638888888889,2026-04-11 16:17:32.000000000,43.29222222222222,57.43638888888889,57.43638888888889,future_reference
232051710,OCEAN BAY,2026-04-09 11:55:55,2026-04-11 09:00:00,45.06805555555555,FUTURE_0_7D,GR KLL,train_destination_median_with_global_fallback,57.43638888888889,2026-04-11 21:22:06.000000000,12.36833333333334,57.43638888888889,57.43638888888889,future_reference
247190400,DANTE A,2026-04-16 15:39:05,2026-04-17 05:00:00,13.348611111111111,FUTURE_0_7D,ITPMO,train_destination_median_with_global_fallback,57.43638888888889,2026-04-19 01:05:16.000000000,44.08777777777778,57.43638888888889,57.43638888888889,future_reference
247243700,IEVOLI FAST,2026-04-15 22:48:56,2026-04-17 20:00:00,45.184444444444445,FUTURE_0_7D,ITVDL,train_destination_median_with_global_fallback,57.43638888888889,2026-04-18 08:15:07.000000000,12.251944444444447,57.43638888888889,57.43638888888889,future_reference
247484800,JOLLY VERDE,2026-04-15 16:29:39,2026-04-15 18:00:00,1.5058333333333334,FUTURE_0_7D,ITGIT,train_destination_median_with_global_fallback,5.891666666666667,2026-04-15 22:23:09.000000001,4.385833333333333,57.43638888888889,5.891666666666667,future_reference
248912000,TOSCANA,2026-04-10 14:38:07,2026-04-14 04:00:00,85.36472222222223,FUTURE_0_7D,PT SET,train_destination_median_with_global_fallback,57.43638888888889,2026-04-13 00:04:18.000000000,27.928333333333335,57.43638888888889,57.43638888888889,future_reference
249157000,CMA CGM ALTAMIRA,2026-04-09 00:45:29,2026-04-09 10:00:00,9.241944444444444,FUTURE_0_7D,HRRJK>MTMAR,train_destination_median_with_global_fallback,57.43638888888889,2026-04-11 10:11:40.000000000,48.19444444444445,57.43638888888889,57.43638888888889,future_reference
249689000,BC MIKLAGARD,2026-04-12 06:26:25,2026-04-12 13:00:00,6.559722222222222,FUTURE_0_7D,MTMAR,train_destination_median_with_global_fallback,10.716249999999999,2026-04-12 17:09:23.500000000,4.156527777777777,57.43638888888889,10.716249999999999,future_reference
255915616,MSC LAGOS X,2026-04-03 18:17:36,2026-04-04 10:00:00,15.706666666666667,FUTURE_0_7D,ITNAP,train_destination_median_with_global_fallback,15.916666666666666,2026-04-04 10:12:36.000000001,0.20999999999999908,57.43638888888889,15.916666666666666,future_reference
255916596,LODUR,2026-04-09 22:58:46,2026-04-12 02:00:00,51.02055555555555,FUTURE_0_7D,FRFOS,train_destination_median_with_global_fallback,57.43638888888889,2026-04-12 08:24:57.000000000,6.415833333333339,57.43638888888889,57.43638888888889,future_reference
256389000,EXPLORA I,2026-04-07 23:10:30,2026-04-09 05:00:00,29.825,FUTURE_0_7D,GRCFU,train_destination_median_with_global_fallback,57.43638888888889,2026-04-10 08:36:41.000000000,27.611388888888893,57.43638888888889,57.43638888888889,future_reference
273277650,STRATEG,2026-04-09 21:28:17,2026-04-26 12:00:00,398.5286111111111,FUTURE_14_30D,EG SUZ > RU MMK,train_destination_median_with_global_fallback,57.43638888888889,2026-04-12 06:54:28.000000000,341.09222222222223,57.43638888888889,57.43638888888889,future_reference
305032300,REK BRAVE,2026-04-07 14:47:35,2026-04-12 03:00:00,108.20694444444445,FUTURE_0_7D,TRISK,train_destination_median_with_global_fallback,57.43638888888889,2026-04-10 00:13:46.000000000,50.77055555555555,57.43638888888889,57.43638888888889,future_reference
305177000,RMS FRATERNITY,2026-04-12 07:22:18,2026-04-14 12:00:00,52.62833333333333,FUTURE_0_7D,ROCND,train_destination_median_with_global_fallback,92.95722222222221,2026-04-16 04:19:43.999999999,40.32888888888888,57.43638888888889,92.95722222222221,future_reference
305559000,BBC SHANGHAI,2026-04-10 07:03:31,2026-04-17 04:00:00,164.9413888888889,FUTURE_0_7D,NLEEM,train_destination_median_with_global_fallback,57.43638888888889,2026-04-12 16:29:42.000000000,107.505,57.43638888888889,57.43638888888889,future_reference
311001819,WILSON NANJING,2026-04-06 07:30:10,2026-04-08 15:00:00,55.49722222222222,FUTURE_0_7D,SIKOP,train_destination_median_with_global_fallback,40.24569444444444,2026-04-07 23:44:54.499999998,15.251527777777781,57.43638888888889,40.24569444444444,future_reference
314778000,JANET,2026-04-06 08:41:47,2026-04-09 12:00:00,75.30361111111111,FUTURE_0_7D,GRSKG,train_destination_median_with_global_fallback,57.43638888888889,2026-04-08 18:07:58.000000000,17.867222222222217,57.43638888888889,57.43638888888889,future_reference
341945001,MERCY,2026-04-05 21:21:24,2026-04-07 12:00:00,38.64333333333333,FUTURE_0_7D,ITBLT,train_destination_median_with_global_fallback,57.43638888888889,2026-04-08 06:47:35.000000000,18.79305555555556,57.43638888888889,57.43638888888889,future_reference
374608000,STEFANY,2026-04-12 04:00:16,2026-04-15 12:00:00,79.99555555555555,FUTURE_0_7D,MALTA,train_destination_median_with_global_fallback,5.451666666666667,2026-04-12 09:27:22.000000001,74.54388888888889,57.43638888888889,5.451666666666667,future_reference
374676000,CHALLENGER 1,2026-04-11 04:26:57,2026-04-12 20:00:00,39.55083333333334,FUTURE_0_7D,ME BAR,train_destination_median_with_global_fallback,57.43638888888889,2026-04-13 13:53:08.000000000,17.885555555555555,57.43638888888889,57.43638888888889,future_reference
414665000,COSCOSHIPPINGFANRONG,2026-04-08 02:57:55,2026-04-10 23:00:00,68.03472222222223,FUTURE_0_7D,MARTAS,train_destination_median_with_global_fallback,57.43638888888889,2026-04-10 12:24:06.000000000,10.598333333333336,57.43638888888889,57.43638888888889,future_reference
477712800,CSCL PACIFIC OCEAN,2026-04-09 09:37:29,2026-04-10 16:00:00,30.37527777777778,FUTURE_0_7D,ITSPE,train_destination_median_with_global_fallback,52.2075,2026-04-11 13:49:56.000000000,21.832222222222224,57.43638888888889,52.2075,future_reference
538005400,STI FULHAM,2026-04-11 17:51:11,2026-04-12 16:00:00,22.146944444444443,FUTURE_0_7D,IT FCO,train_destination_median_with_global_fallback,57.43638888888889,2026-04-14 03:17:22.000000000,35.28944444444445,57.43638888888889,57.43638888888889,future_reference
538005410,STI HAMMERSMITH,2026-04-05 17:45:57,2026-04-06 01:00:00,7.234166666666667,FUTURE_0_7D,ITMLZ,train_destination_median_with_global_fallback,6.3725,2026-04-06 00:08:18.000000000,0.8616666666666672,57.43638888888889,6.3725,future_reference
538006702,GH HOLIDAY,2026-04-08 17:26:02,2026-04-12 07:00:00,85.56611111111111,FUTURE_0_7D,GIGIB,train_destination_median_with_global_fallback,97.54638888888888,2026-04-12 18:58:49.000000000,11.980277777777772,57.43638888888889,97.54638888888888,future_reference
538010036,REACHY SUMMER,2026-04-06 17:10:07,2026-04-07 02:00:00,8.831388888888888,FUTURE_0_7D,MALTA,train_destination_median_with_global_fallback,5.451666666666667,2026-04-06 22:37:13.000000001,3.379722222222221,57.43638888888889,5.451666666666667,future_reference
538010765,EXELIXSEA,2026-04-10 17:59:59,2026-04-12 12:00:00,42.000277777777775,FUTURE_0_7D,TR ALI,train_destination_median_with_global_fallback,57.43638888888889,2026-04-13 03:26:10.000000000,15.436111111111117,57.43638888888889,57.43638888888889,future_reference
538012016,MIDEA,2026-04-09 09:43:54,2026-09-04 11:00:00,3553.2683333333334,FUTURE_GT30D,MALTA,train_destination_median_with_global_fallback,5.451666666666667,2026-04-09 15:11:00.000000001,3547.8166666666666,57.43638888888889,5.451666666666667,future_reference
538090448,AVIVA,2026-04-10 03:57:34,2026-04-12 07:00:00,51.04055555555556,FUTURE_0_7D,TRIST,train_destination_median_with_global_fallback,74.08666666666667,2026-04-13 06:02:46.000000001,23.046111111111117,57.43638888888889,74.08666666666667,future_reference
563039700,MAERSK HANOI,2026-04-10 21:02:03,2026-05-04 10:30:00,565.4658333333333,FUTURE_14_30D,EGPSD>>OMSLL,train_destination_median_with_global_fallback,57.43638888888889,2026-04-13 06:28:14.000000000,508.02944444444444,57.43638888888889,57.43638888888889,future_reference
563281900,YM WINDOW,2026-04-06 15:20:46,2026-04-08 23:00:00,55.653888888888886,FUTURE_0_7D,DAMIETTA,train_destination_median_with_global_fallback,81.04722222222222,2026-04-10 00:23:35.999999999,25.39333333333333,57.43638888888889,81.04722222222222,future_reference
563947000,STRATEGIC UNITY,2026-04-11 22:42:27,2026-05-03 06:00:00,511.2925,FUTURE_14_30D,US BRO,train_destination_median_with_global_fallback,57.43638888888889,2026-04-14 08:08:38.000000000,453.85611111111115,57.43638888888889,57.43638888888889,future_reference
566598000,HAFNIA TORRES,2026-04-06 03:58:14,2026-04-06 09:20:00,5.362777777777778,FUTURE_0_7D,MALTA FOR ORDERS,train_destination_median_with_global_fallback,57.43638888888889,2026-04-08 13:24:25.000000000,52.07361111111111,57.43638888888889,57.43638888888889,future_reference
566619000,SV ADELAIDE,2026-04-08 16:13:01,2026-04-12 15:00:00,94.78305555555555,FUTURE_0_7D,ALGECIRAS,train_destination_median_with_global_fallback,81.29305555555555,2026-04-12 01:30:36.000000001,13.489999999999995,57.43638888888889,81.29305555555555,future_reference
566716000,THOR BRAVE,2026-04-10 08:53:49,2026-04-14 06:00:00,93.10305555555556,FUTURE_0_7D,GIBRALTAR,train_destination_median_with_global_fallback,83.80083333333333,2026-04-13 20:41:51.999999998,9.302222222222227,57.43638888888889,83.80083333333333,future_reference
636016017,HISTRIA  AMBRA,2026-04-12 15:18:05,2026-04-13 06:00:00,14.698611111111111,FUTURE_0_7D,ITGAE,train_destination_median_with_global_fallback,57.43638888888889,2026-04-15 00:44:16.000000000,42.73777777777778,57.43638888888889,57.43638888888889,future_reference
636016125,TRAIGUEN,2026-04-09 21:53:11,2026-04-15 21:00:00,143.1136111111111,FUTURE_0_7D,TRALI>GBFXT,train_destination_median_with_global_fallback,57.43638888888889,2026-04-12 07:19:22.000000000,85.67722222222221,57.43638888888889,57.43638888888889,future_reference
636018088,ASL TIA,2026-04-08 15:33:27,2026-04-11 06:00:00,62.4425,FUTURE_0_7D,EG ALY,train_destination_median_with_global_fallback,65.57138888888889,2026-04-11 09:07:44.000000000,3.1288888888888877,57.43638888888889,65.57138888888889,future_reference
636021231,MSC LILA F,2026-04-16 01:50:57,2026-04-18 08:00:00,54.15083333333333,FUTURE_0_7D,ITGIT,train_destination_median_with_global_fallback,5.891666666666667,2026-04-16 07:44:27.000000001,48.259166666666665,57.43638888888889,5.891666666666667,future_reference
636021767,HONG G,2026-04-12 02:00:31,2026-04-25 12:00:00,321.9913888888889,FUTURE_7_14D,FOR ORDERS,train_destination_median_with_global_fallback,316.13916666666665,2026-04-25 06:08:52.000000001,5.852222222222224,57.43638888888889,316.13916666666665,future_reference
636022969,HAN WU KOU,2026-04-09 06:11:24,2026-04-11 08:00:00,49.81,FUTURE_0_7D,ALEXANDRIA,train_destination_median_with_global_fallback,43.87972222222222,2026-04-11 02:04:10.999999999,5.930277777777782,57.43638888888889,43.87972222222222,future_reference
636024011,POPI SAZAKLIS,2026-04-10 02:35:51,2026-04-17 18:00:00,183.4025,FUTURE_7_14D,FRLEH,train_destination_median_with_global_fallback,57.43638888888889,2026-04-12 12:02:02.000000000,125.9661111111111,57.43638888888889,57.43638888888889,future_reference
