model,reference_eta_status,n,mae_h,medae_h,rmse_h,p90_ae_h,p95_ae_h,within_24h,within_48h,within_72h,prediction_min_h,prediction_max_h,nonfinite_prediction_count,abs_gt_1y_prediction_count
catboost_current_snapshot,FUTURE_0_7D,279,27.4038476645,19.4585475494,42.1757347874,59.5963398658,73.601684835,0.627240143369,0.849462365591,0.939068100358,-286.848470202,124.875490048,0,0
catboost_current_snapshot,FUTURE_14_30D,14,420.090125227,349.196250907,438.821929557,586.41558393,620.798029734,0,0,0,10.1144086868,99.9712350764,0,0
catboost_current_snapshot,FUTURE_7_14D,29,203.974447304,199.7420863,220.405675684,247.910085945,263.704476199,0,0,0,-334.308024853,118.134780534,0,0
catboost_current_snapshot,FUTURE_GT30D,7,2936.8017063,2836.09053132,3187.963342,4324.72353271,4334.59753271,0,0,0,-259.708477158,68.5661074451,0,0
catboost_current_snapshot,PAST_1_24H,10,39.182732819,38.5910928019,44.6368759789,62.901268519,73.3658274695,0.3,0.7,0.9,-89.4726086422,36.8959415478,0,0
catboost_current_snapshot,PAST_GT24H,44,888.992577257,336.169909851,1374.2510301,2429.74782588,2990.55742633,0.0454545454545,0.113636363636,0.204545454545,-488.485098113,102.727283989,0,0
catboost_current_snapshot,PAST_LT1H,3,21.2067853048,14.633300897,25.965282332,36.4767064119,39.2071321013,0.666666666667,1,1,-7.93699722666,41.2856133462,0,0
global_train_median,FUTURE_0_7D,279,25.158760454,23.9380555556,30.2333561586,45.8408333333,49.7675277778,0.501792114695,0.931899641577,0.985663082437,46.6986111111,50.8336111111,0,0
global_train_median,FUTURE_14_30D,14,440.006230159,378.402638889,458.011509184,629.116694444,650.037222222,0,0,0,46.6986111111,50.8336111111,0,0
global_train_median,FUTURE_7_14D,29,214.328017241,226.211111111,220.179500326,275.019388889,282.588833333,0,0,0,46.6986111111,50.8336111111,0,0
global_train_median,FUTURE_GT30D,7,2787.36285714,2836.92027778,3017.16193181,4016.68533333,4026.55933333,0,0,0,46.6986111111,49.8680555556,0,0
global_train_median,PAST_1_24H,10,59.4008888889,61.1941666667,59.7153936046,65.9163055556,66.6121805556,0,0,1,46.6986111111,50.8336111111,0,0
global_train_median,PAST_GT24H,44,973.292121212,423.132916667,1443.27688654,2502.02980556,3014.70733333,0,0,0,46.6986111111,50.8336111111,0,0
global_train_median,PAST_LT1H,3,49.6869444444,49.3236111111,49.6928858162,50.4691666667,50.6123611111,0,0,1,48.3297222222,49.8680555556,0,0
train_destination_median,FUTURE_0_7D,279,38.6481416766,15.2516666667,234.564320446,43.8525555556,55.8283888889,0.673835125448,0.921146953405,0.960573476703,-3742.03222222,334.89,0,0
train_destination_median,FUTURE_14_30D,14,418.656130952,362.487083333,447.101589822,629.116694444,650.037222222,0,0,0,46.6986111111,308.100833333,0,0
train_destination_median,FUTURE_7_14D,29,184.256000958,198.717222222,206.382892266,276.563777778,303.038527778,0.0689655172414,0.172413793103,0.172413793103,-166.650833333,316.139166667,0,0
train_destination_median,FUTURE_GT30D,7,3200.19757937,3739.65583333,3431.75311482,4275.91988889,4294.29938889,0,0,0,-2410.01388889,48.3297222222,0,0
train_destination_median,PAST_1_24H,10,130.583347222,68.8677083333,189.355765878,395.452944444,400.726819444,0,0.2,0.5,-411.642916667,74.1290277778,0,0
train_destination_median,PAST_GT24H,44,737.10520202,223.313611111,1242.5906445,2283.12494444,2944.03756944,0.204545454545,0.272727272727,0.340909090909,-2439.34805556,334.89,0,0
train_destination_median,PAST_LT1H,3,73.1574074074,50.7555555556,80.3090863592,106.146666667,113.070555556,0,0,0.666666666667,-120.646388889,49.8680555556,0,0
