row_index,prediction_h,neighbour_count,nearest_distance,median_neighbour_distance,similarity_gap,gate_used,nearest_index,nearest_target_h,nearest_weight,neighbour_indices,outer_fold,selected_config_id,query_mmsi,nearest_mmsi
0,-166.650833333,9,0.114061361993,0.134582703957,0.0672008628988,destination,119,-17.4319444444,0.428476781717,119;101;69;105;72;84;92;346;22,1,geo_kin_6h__destination__k9,210627000,249087000
1,-79.6436111111,5,0.0843901387188,0.105502914748,0.119564159703,destination_fallback_global,291,-5.65111111111,0.449380896526,291;114;152;22;72,4,geo_kin_3h__destination__k5,210688000,538012456
2,-36.7822222222,9,0.459252095947,0.483966380734,0.0219427421778,destination,162,-0.993888888889,0.38715355527,162;22;80;144;242;91;147;92;119,3,geo_kin_3h__destination__k9,212690000,256891000
3,55.1116666667,5,0.35244434165,0.722483993047,0.0127161679398,destination,143,55.1116666667,0.613961506821,143;142;205;344;68,1,geo_kin_6h__destination__k9,215035000,255915693
4,-186.653611111,5,0.673499669543,0.682697993699,0.00105332890934,destination,261,-186.653611111,0.372869602864,261;157;70;10;97,3,geo_kin_3h__destination__k9,215054000,538003678
5,75.5544444444,5,0.0466670375806,0.111523613023,0.00716944418739,destination_fallback_global,235,75.5544444444,0.658066139988,235;160;228;284;370,4,geo_kin_3h__destination__k5,215178000,356680000
6,-17.3619444444,3,0.171698781436,0.358326117039,1.08694618588,destination,122,-17.3619444444,0.61929778987,122;120;107,0,geo_kin_6h__destination__k9,215232000,249281000
7,64.7330555556,9,0.142674599678,0.357841766462,0.301266374959,global,49,390.611388889,0.671186237871,49;9;59;27;319;138;143;209;15,2,geo_kin_3h__global__k9,215270000,241287000
8,60.2488888889,9,0.581882007419,1.74737987439,1.00466509353,destination,379,60.2488888889,0.716768344478,379;24;173;240;352;376;246;231;211,1,geo_kin_6h__destination__k9,215282000,667002240
9,74.8519444444,5,0.266369595364,0.860557107499,1.8240273758,destination,183,65.3591666667,0.733790602872,183;278;36;225;300,4,geo_kin_3h__destination__k5,215481000,304610000
10,-163.314166667,8,0.108265874403,0.139060275394,0.0952576462987,destination,261,-186.653611111,0.459069541456,261;266;283;192;157;193;70;4,0,geo_kin_6h__destination__k9,215498000,538003678
11,27.3138888889,9,0.104913488622,0.170352237239,0.27515900501,destination_fallback_global,132,-15.3402777778,0.540175003121,132;116;12;133;299;170;14;114;96,0,geo_kin_6h__destination__k9,215826000,255779000
12,68.9125,5,0.127854486629,0.160387259314,0.246489330121,destination_fallback_global,132,-15.3402777778,0.450606369265,132;116;29;47;170,4,geo_kin_3h__destination__k5,215867000,255779000
13,18.4938888889,9,0.081862976426,0.128244591487,0.057456570283,global,172,65.5586111111,0.528171240878,172;17;178;201;154;95;48;77;171,2,geo_kin_3h__global__k9,215909000,271052090
14,18.5783333333,5,0.0969215213129,0.135381574133,0.382896696209,destination_fallback_global,103,18.5783333333,0.488745349538,103;95;110;48;77,4,geo_kin_3h__destination__k5,215958000,247415600
15,54.7930555556,5,0.0689396191226,0.0999064349,0.424052686956,destination_fallback_global,88,54.7930555556,0.501555088801,88;143;108;319;209,4,geo_kin_3h__destination__k5,215993000,247313600
16,52.7094444444,9,0.327826205619,0.693635200232,0.517371789397,destination_fallback_global,200,52.7094444444,0.623366602483,200;378;57;41;373;208;375;264;148,1,geo_kin_6h__destination__k9,219028212,312107000
17,21.2675,9,0.0837129931199,0.114554777884,0.179118455955,destination_fallback_global,178,71.3927777778,0.481538911753,178;77;171;13;95;103;154;110;14,1,geo_kin_6h__destination__k9,219031822,275488000
18,57.5136111111,9,0.120133712043,0.187660047647,0.0984686139749,destination_fallback_global,176,322.369166667,0.527204535604,176;304;247;31;52;53;25;277;23,1,geo_kin_6h__destination__k9,219110000,273277260
19,52.7875,9,0.0616024189015,0.214175378668,1.48379051531,global,246,51.7697222222,0.750042015467,246;357;248;35;352;210;323;376;127,2,geo_kin_3h__global__k9,219133000,403532001
20,301.943611111,9,0.196876791269,0.271196414187,0.112767873147,destination_fallback_global,254,301.943611111,0.483861548951,254;277;216;247;176;361;249;25;39,0,geo_kin_6h__destination__k9,219210000,461000370
21,40.9797222222,9,0.187081090343,0.323619849292,0.0170435954387,destination_fallback_global,294,102.057222222,0.560969328851,294;360;50;349;307;188;4;344;358,0,geo_kin_6h__destination__k9,219303000,544203120
22,-36.7822222222,9,0.10600744156,0.13364432493,0.187357084129,destination,242,-36.7822222222,0.452392230263,242;119;72;101;80;91;105;0;104,0,geo_kin_6h__destination__k9,219432000,373026000
23,92.2597222222,9,0.193256439965,0.34743839744,0.216035722213,global,254,301.943611111,0.573365298927,254;361;18;127;304;280;20;376;58,2,geo_kin_3h__global__k9,219550000,461000370
24,60.2488888889,9,0.987343974687,2.0893974113,0.181430766512,destination,379,60.2488888889,0.623410773159,379;8;173;240;376;246;211;363;302,0,geo_kin_6h__destination__k9,219608000,667002240
25,83.1661111111,6,0.202177716922,0.329381948888,0.0723136199674,destination,247,83.1661111111,0.541284997736,247;124;372;331;29;255,3,geo_kin_3h__destination__k9,228481700,403660000
26,2.26111111111,9,0.0605879044295,1.07127961056,1.07505815827,destination,123,2.26111111111,0.94501301994,123;287;58;275;37;306;189;206;125,1,geo_kin_6h__destination__k9,229331000,249414000
27,59.5738888889,9,0.208790663368,0.27395445389,0.1433356121,destination_fallback_global,195,60.9886111111,0.466668367354,195;303;142;138;327;155;355;319;184,3,geo_kin_3h__destination__k9,229370000,311000621
28,65.3591666667,9,0.0640047973403,0.176954562258,0.884188076066,destination_fallback_global,206,4.225,0.696489976465,206;87;9;183;324;229;305;49;199,1,geo_kin_6h__destination__k9,229412000,314509000
29,82.6511111111,6,1.35565659932,1.757176777,0.236411256559,destination,124,81.2930555556,0.462320459615,124;298;331;25;247;255,0,geo_kin_6h__destination__k9,229456000,249433000
30,2378.25222222,3,0.979820075156,1.17512180941,0.199324079191,destination,75,2378.25222222,0.434394145647,75;81;17,0,geo_kin_6h__destination__k9,229471000,247153450
31,232.388333333,9,0.108922434308,0.169223018053,0.178432459814,destination_fallback_global,25,57.5136111111,0.525364985404,25;247;332;176;18;312;322;52;380,0,geo_kin_6h__destination__k9,229548000,228481700
32,90.5836111111,9,0.167974668156,0.226299453474,0.124073431441,destination_fallback_global,36,85.6202777778,0.476033414557,36;234;236;293;214;38;365;128;257,1,geo_kin_6h__destination__k9,229648000,232058998
33,45.8775,9,0.0651761789244,0.181021315143,1.00432972314,global,143,55.1116666667,0.6976435458,143;209;15;184;245;108;138;319;383,2,geo_kin_3h__global__k9,230723000,255915693
34,72.7880555556,9,0.0960909851171,0.192471757791,0.0658001516827,destination_fallback_global,300,-654.671944444,0.606987431177,300;219;186;177;252;366;281;32;36,0,geo_kin_6h__destination__k9,232012490,563246500
35,54.0591666667,9,0.129201516789,0.205211877611,0.342836517352,destination_fallback_global,131,54.0591666667,0.532804572294,131;248;246;211;19;210;323;302;376,0,geo_kin_6h__destination__k9,232026551,253000158
36,81.3805555556,9,0.0659732982985,0.236600483753,0.728163971399,destination,271,79.2452777778,0.756662176435,271;214;278;300;282;279;305;285;268,3,geo_kin_3h__destination__k9,232058998,538007511
37,3.88861111111,9,0.11324861302,0.794862668549,2.58932822607,destination,306,3.88861111111,0.867208629481,306;206;189;115;130;237;58;351;123,0,geo_kin_6h__destination__k9,232061535,566579000
38,230.653333333,9,0.151828378777,0.228965555307,0.0473128538853,destination_fallback_global,36,85.6202777778,0.515248607946,36;61;128;203;32;365;293;336;169,0,geo_kin_6h__destination__k9,232062004,232058998
39,303.231666667,9,0.0424171049785,0.0656040293193,0.0730448294162,destination_fallback_global,224,533.3925,0.523843398831,224;216;331;249;174;226;268;287;223,3,geo_kin_3h__destination__k9,232063279,352004690
40,34.4072222222,5,0.187928032093,0.371598488003,0.101624470723,destination_fallback_global,259,15.0325,0.603065941903,259;310;195;112;27,4,geo_kin_3h__destination__k5,235010170,538001657
41,232.388333333,9,0.424309207658,2.24732270064,0.109927025985,destination,243,18.7561111111,0.827946671553,243;63;46;254;253;52;227;216;380,0,geo_kin_6h__destination__k9,236623000,373808000
42,72.305,9,0.446941328372,1.0720902838,0.911647339452,destination_fallback_global,146,72.305,0.659094885569,146;202;264;364;221;126;109;16;272,0,geo_kin_6h__destination__k9,238066000,255915798
43,40.7847222222,9,0.392066849365,0.79099621266,0.399017746994,destination_fallback_global,151,46.6986111111,0.60916743974,151;167;333;153;136;168;232;113;353,1,geo_kin_6h__destination__k9,240544000,256049000
44,84.0602777778,9,0.0928216281712,0.286156609382,0.342020524169,destination,285,96.8438888889,0.722980140569,285;268;282;279;214;271;300;278;305,3,geo_kin_3h__destination__k9,240633000,538010540
45,25.8052777778,9,0.294605497631,0.32237089551,0.0422486240496,global,295,-76.6530555556,0.400968959015,295;116;59;11;29;338;150;70;132,2,geo_kin_3h__global__k9,240788000,548651000
46,69.0719444444,5,1.35185507006,1.51471772741,0.108639961372,destination,377,69.0719444444,0.409638644352,377;243;41;249;216,4,geo_kin_3h__destination__k5,240878000,647553008
47,10.1502777778,9,0.171377812329,0.240051247234,0.118606385107,destination_fallback_global,12,61.9911111111,0.489719855806,12;309;115;340;87;125;183;133;267,3,geo_kin_3h__destination__k9,240893000,215867000
48,15.9166666667,5,0.0879838734034,0.909842939663,2.77601730795,destination,77,15.9166666667,0.907826257207,77;99;213;258;304,1,geo_kin_6h__destination__k9,240942000,247219700
49,-5.65111111111,9,0.552325860324,1.02107615714,0.366602645697,destination,207,-270.887777778,0.582209322613,207;244;291;289;286;252;227;253;52,0,geo_kin_6h__destination__k9,241287000,314652000
50,34.4177777778,5,0.0551534914746,0.150155756824,0.523958240787,destination_fallback_global,349,1.41805555556,0.692595920084,349;140;238;341;301,4,geo_kin_3h__destination__k5,241298000,636021739
51,95.2236111111,9,0.0983879176054,0.197810320744,0.375641069208,destination_fallback_global,273,89.0002777778,0.608118717008,273;331;298;39;174;216;123;268;249,1,geo_kin_6h__destination__k9,241618000,538008070
52,84.285,9,0.0569411946954,0.111826648708,0.500570931755,global,124,81.2930555556,0.600981191431,124;227;286;236;220;214;31;293;322,2,geo_kin_3h__global__k9,241689000,249433000
53,303.231666667,9,0.156223076669,0.216130703877,0.211167300657,destination,380,318.020277778,0.485382713107,380;249;52;216;223;174;254;253;227,0,geo_kin_6h__destination__k9,241745000,667002260
54,16.4616666667,5,0.213001606268,0.358272064796,0.15877120005,destination_fallback_global,141,16.4616666667,0.551824763647,141;320;270;218;323,4,geo_kin_3h__destination__k5,241751000,255915609
55,22.0844444444,9,0.122870075577,0.199838080116,0.209178794417,destination_fallback_global,15,22.0844444444,0.540722993213,15;88;288;143;345;99;209;155;355,1,geo_kin_6h__destination__k9,241859000,215993000
56,47.5175,9,0.154660812645,0.384791055651,1.30005097307,global,375,208.744166667,0.669024544349,375;335;148;373;57;41;243;182;63,2,geo_kin_3h__global__k9,241929000,636093237
57,48.3297222222,9,0.0730955202132,0.354460231691,0.470737622054,destination_fallback_global,335,92.9991666667,0.813656965123,335;41;373;148;378;375;243;56;182,3,geo_kin_3h__destination__k9,241953000,636020540
58,2.26111111111,5,0.106293268167,0.153570458614,0.357292073795,destination,26,1.55583333333,0.500500549203,26;351;123;287;275,4,geo_kin_3h__destination__k5,242494400,229331000
59,25.8052777778,9,0.189630646526,0.260231186114,0.214870981847,destination_fallback_global,106,24.1022222222,0.482535543166,106;237;338;9;295;292;45;7;245,3,geo_kin_3h__destination__k9,244090800,247432200
60,104.6475,9,0.208725802168,0.34606591618,0.47071056112,destination_fallback_global,234,55.225,0.547091693945,234;38;61;36;128;186;217;228;265,1,geo_kin_6h__destination__k9,244865000,356324000
61,121.198611111,9,0.0452565120472,0.113050739412,0.95323833584,global,128,247.046944444,0.670105340568,128;278;36;365;38;225;163;203;372,2,geo_kin_3h__global__k9,245278000,249742000
62,15.9166666667,5,0.355849707599,1.04562644081,0.898031107997,destination,77,15.9166666667,0.711541151915,77;99;213;258;304,1,geo_kin_6h__destination__k9,246518000,247219700
63,38.715,5,0.487266788916,2.5134687795,0.284280812695,destination,41,38.715,0.823771346046,41;243;244;49;253,4,geo_kin_3h__destination__k5,247018700,236623000
64,18.5783333333,5,0.176973570735,0.199549116979,0.0590086273429,destination_fallback_global,103,18.5783333333,0.411944263919,103;110;95;48;77,4,geo_kin_3h__destination__k5,247045300,247415600
65,21.2675,9,0.149664353371,0.200552803999,0.0768599539733,global,172,65.5586111111,0.474136942018,172;17;178;201;315;171;154;95;48,2,geo_kin_3h__global__k9,247055200,271052090
66,104.6475,9,0.108733133705,0.224339436032,0.418295614418,destination_fallback_global,217,104.6475,0.615893439182,217;61;128;78;365;36;197;372;225,1,geo_kin_6h__destination__k9,247069600,352002310
67,-136.652222222,5,0.129939877444,0.148338324688,0.109489332648,destination,152,-80.6244444444,0.416457985435,152;346;105;69;82,4,geo_kin_3h__destination__k5,247077700,256227000
68,59.5738888889,6,0.457571430242,0.674741525002,0.25637094613,destination,143,55.1116666667,0.507558512574,143;138;142;344;3;205,0,geo_kin_6h__destination__k9,247095300,255915693
69,-201.613888889,9,0.0991613223172,0.142991645189,0.0587374509998,destination,119,-17.4319444444,0.499835448898,119;346;84;0;92;105;67;101;72,0,geo_kin_6h__destination__k9,247100900,249087000
70,-139.610277778,5,0.188923342582,0.196216677966,0.0303285483257,destination,266,-163.314166667,0.381810755953,266;193;192;10;157,4,geo_kin_3h__destination__k5,247101700,538005496
71,49.2836111111,9,0.143190445105,0.429202712596,0.820161849166,destination_fallback_global,179,102.308611111,0.716326207866,179;250;251;262;385;343;384;371;244,3,geo_kin_3h__destination__k9,247104500,275497000
72,-36.7822222222,9,0.126632423325,0.146672389036,0.0665199229919,destination,242,-36.7822222222,0.421738763293,242;101;22;119;91;147;92;94;80,3,geo_kin_3h__destination__k9,247131100,373026000
73,-2395.48805556,4,0.234887177123,0.316793612457,0.0560776172576,destination,86,-2395.48805556,0.476421769766,86;85;100;74,4,geo_kin_3h__destination__k5,247144750,247306670
74,-163.314166667,9,0.255680156447,0.275977694961,0.0252750826204,global,2,-0.651944444444,0.395955974266,2;70;97;193;309;266;261;125;192,2,geo_kin_3h__global__k9,247147120,212690000
75,256.149722222,3,0.379228311168,0.559663323828,0.475795206599,destination,81,3786.35444444,0.50783393145,81;17;30,4,geo_kin_3h__destination__k5,247153450,247278300
76,-17.4319444444,9,0.11041821495,0.131721124343,0.049880097118,destination_fallback_global,119,-17.4319444444,0.432456886358,119;22;1;81;152;101;100;291;67,3,geo_kin_3h__destination__k9,247176900,249087000
77,18.4938888889,7,0.0374418896308,0.704101344343,4.29715146074,destination,48,18.4938888889,0.948212308922,48;99;62;135;213;258;304,3,geo_kin_3h__destination__k9,247219700,240942000
78,54.1683333333,5,0.207616256004,0.26150731454,0.141103356834,destination_fallback_global,60,54.1683333333,0.452068568492,60;239;66;234;372,4,geo_kin_3h__destination__k5,247231200,244865000
79,-5.64222222222,3,0.232958916159,0.38363759322,0.646803649097,destination,122,-17.3619444444,0.544854259009,122;120;107,0,geo_kin_6h__destination__k9,247241800,249281000
80,-62.65,5,0.147925458507,0.162451081662,0.0355074596609,destination,242,-36.7822222222,0.402288964036,242;22;72;147;114,4,geo_kin_3h__destination__k5,247268300,373026000
81,-120.646388889,9,0.121570106369,0.144681084856,0.0190957989736,destination_fallback_global,72,-201.613888889,0.431597165649,72;92;101;308;152;76;105;1;346,1,geo_kin_6h__destination__k9,247278300,247131100
82,-79.6436111111,9,0.165342013759,0.228155685147,0.216860841293,destination,67,-595.088611111,0.484475008278,67;119;101;69;0;242;22;152;94,3,geo_kin_3h__destination__k9,247282600,247077700
83,11.9872222222,9,0.0561073254055,0.236222549386,0.61954240749,global,98,32.5116666667,0.788581968881,98;89;62;102;79;73;315;86;93,2,geo_kin_3h__global__k9,247296500,247383400
84,-62.65,9,0.108317873805,0.168101830225,0.180977786009,destination,0,-20.6094444444,0.524999125432,0;119;147;92;69;242;101;94;67,3,geo_kin_3h__destination__k9,247298300,210627000
85,-100.135833333,9,0.0188777485376,0.217272783185,1.7013752131,global,79,-10.6105555556,0.916782507871,79;102;6;93;62;86;122;120;73,2,geo_kin_3h__global__k9,247305480,247241800
86,-2424.53972222,4,0.234887177123,0.293572291145,0.0123606700092,destination,73,-2424.53972222,0.449284053395,73;85;100;74,1,geo_kin_6h__destination__k9,247306670,247144750
87,10.1502777778,9,0.0670006654978,0.212412031998,0.0978774917697,global,267,6.67722222222,0.729476718296,267;340;28;137;309;324;47;229;125,2,geo_kin_3h__global__k9,247310200,538005853
88,22.0844444444,9,0.0647301623189,0.139303001356,0.0650308396115,global,143,55.1116666667,0.628341356413,143;15;319;209;108;245;288;55;155,2,geo_kin_3h__global__k9,247313600,255915693
89,18.9361111111,9,0.043688083195,0.239725984187,0.929714041379,destination_fallback_global,98,32.5116666667,0.83339984055,98;83;62;85;73;122;198;86;171,0,geo_kin_6h__destination__k9,247319800,247383400
90,10.1502777778,9,0.20176637415,0.277894576282,0.0385649899864,global,309,7.66361111111,0.483814524378,309;125;2;75;12;97;47;215;340,2,geo_kin_3h__global__k9,247324900,578001200
91,-62.65,5,0.0415201807323,0.146672389036,0.774593007733,destination,147,-62.65,0.753458682429,147;242;72;22;104,4,geo_kin_3h__destination__k5,247333600,255915800
92,-20.6094444444,9,0.112273654183,0.155178533697,0.118172892631,global,69,-136.652222222,0.485045396177,69;119;72;81;346;0;84;308;76,2,geo_kin_3h__global__k9,247343900,247100900
93,-17.3619444444,3,0.162718025658,0.344813632116,1.11908687265,destination,122,-17.3619444444,0.623815036276,122;120;107,0,geo_kin_6h__destination__k9,247349400,249281000
94,-201.613888889,5,0.140797324878,0.172614736905,0.0913264679313,destination,104,-1542.90277778,0.442341160807,104;72;84;69;242,4,geo_kin_3h__destination__k5,247351700,247425900
95,15.9166666667,9,0.0849978625334,0.112774174852,0.000437652308135,destination_fallback_global,14,27.3138888889,0.470622163795,14;77;178;13;48;17;103;64;171,0,geo_kin_6h__destination__k9,247355500,215958000
96,-5.65111111111,9,0.205677884654,0.216228600369,0.0431180801165,global,114,-27.9525,0.386274997432,114;152;291;67;1;94;76;69;82,2,geo_kin_3h__global__k9,247362500,248333000
97,-163.314166667,8,0.170296054913,0.198822783839,0.0979496240719,destination,157,-139.610277778,0.424636474042,157;192;70;261;193;283;266;4,0,geo_kin_6h__destination__k9,247382800,256515000
98,44.5888888889,5,0.410665411,0.544974871376,0.0185687098066,destination,110,39.3958333333,0.47069297281,110;154;161;159;238,4,geo_kin_3h__destination__k5,247383400,247530400
99,26.3880555556,9,0.0551868502864,0.183216109085,0.616734992821,global,139,5.84305555556,0.739921055897,139;111;161;326;110;154;48;77;68,2,geo_kin_3h__global__k9,247392600,255806427
100,-20.6094444444,9,0.125789538719,0.152323748737,0.0714814485827,global,101,-120.646388889,0.437882857192,101;119;76;1;81;152;0;69;67,2,geo_kin_3h__global__k9,247407900,247408700
101,-79.6436111111,5,0.120595677182,0.135056002373,0.0243225548867,destination,22,-79.6436111111,0.409453925608,22;242;72;147;152,4,geo_kin_3h__destination__k5,247408700,219432000
102,-5.64222222222,3,0.217848873973,0.404981828968,0.859003544901,destination,122,-17.3619444444,0.583960118287,122;120;107,0,geo_kin_6h__destination__k9,247415100,249281000
103,21.2675,9,0.0638506952336,0.093344707304,0.0768622099134,global,95,21.2675,0.504578812164,95;77;110;48;154;14;178;17;68,2,geo_kin_3h__global__k9,247415600,247355500
104,-36.7822222222,9,0.126576928269,0.157796076786,0.1123458817,destination,119,-17.4319444444,0.448361656499,119;94;242;147;101;0;91;105;67,3,geo_kin_3h__destination__k9,247425900,249087000
105,-80.6244444444,9,0.121935646746,0.140151526097,0.0893416037436,global,308,88.0297222222,0.418940133235,308;152;81;291;346;69;0;67;101,2,geo_kin_3h__global__k9,247426100,577339000
106,7.10861111111,9,0.15370342289,0.198860535786,0.163693302019,destination_fallback_global,130,5.33888888889,0.461662722774,130;237;340;59;115;292;82;87;9,0,geo_kin_6h__destination__k9,247432200,249974000
107,15.9166666667,9,0.352297453314,0.374228102977,0.0350786176021,global,64,10.7030555556,0.390082259254,64;110;48;139;95;77;73;315;82,2,geo_kin_3h__global__k9,247453600,247045300
108,22.0844444444,9,0.0832416442109,0.160036033525,0.539298183594,destination_fallback_global,15,22.0844444444,0.594435457287,15;288;88;345;155;143;209;355;233,1,geo_kin_6h__destination__k9,247483800,215993000
109,71.5641666667,9,1.90896412092,2.76370335404,0.211747118209,destination_fallback_global,42,30.7016666667,0.501211629358,42;146;126;264;117;364;202;221;222,3,geo_kin_3h__destination__k9,247488900,238066000
110,44.5888888889,6,0.0898802537676,0.407184023697,1.0824114763,destination,154,44.5888888889,0.801928201687,154;172;161;98;238;361,0,geo_kin_6h__destination__k9,247530400,256286000
111,17.4525,9,0.0840450046288,0.24123016209,0.922583773052,destination_fallback_global,99,15.5044444444,0.705815275511,99;201;158;172;110;187;154;88;15,1,geo_kin_6h__destination__k9,248089000,247392600
112,19.2561111111,9,0.154733308327,0.195565925025,0.0511381607707,destination_fallback_global,355,57.4680555556,0.453296919047,355;310;155;347;303;164;209;259;142,1,geo_kin_6h__destination__k9,248105000,636022905
113,38.3283333333,9,0.113157319786,0.197973717295,0.407216061106,global,149,25.5236111111,0.564634033054,149;341;301;135;140;238;360;159;258,2,geo_kin_3h__global__k9,248159000,255916537
114,-80.6244444444,9,0.10176582743,0.1735509319,0.362152584701,destination,152,-80.6244444444,0.556340689056,152;22;69;80;101;67;162;105;119,3,geo_kin_3h__destination__k9,248333000,256227000
115,10.1502777778,9,0.0351352807934,0.198990837212,2.2142730254,global,340,7.10861111111,0.838142345247,340;267;137;28;309;47;324;125;338,2,geo_kin_3h__global__k9,248422000,636021246
116,61.9911111111,9,0.117106789604,0.220385455318,0.121665364127,destination_fallback_global,11,70.8777777778,0.587797612161,11;29;12;133;170;125;338;162;309,3,geo_kin_3h__destination__k9,248507000,215826000
117,71.5641666667,9,0.733054410132,1.38091748133,0.348577546784,destination_fallback_global,379,60.2488888889,0.588107267794,379;222;24;221;342;129;46;202;368,1,geo_kin_6h__destination__k9,249004000,667002240
118,84.285,9,0.170218954739,0.218848455391,0.19493828916,destination_fallback_global,256,3.58555555556,0.459418498766,256;253;52;227;351;279;247;285;311,0,geo_kin_6h__destination__k9,249022000,477856500
119,-393.143611111,5,0.122050964649,0.126576928269,0.0285978240729,destination,346,-356.462777778,0.38127156982,346;92;104;84;0,4,geo_kin_3h__destination__k5,249087000,636021700
120,-100.135833333,5,0.179936289589,0.240058431627,0.125225917673,destination,93,-648.636388889,0.472578196653,93;6;102;79;107,4,geo_kin_3h__destination__k5,249146000,247349400
121,8.88638888889,3,0.99728982442,2.51589372363,1.52273076695,destination,320,12.5461111111,0.672740340742,320;340;170,3,geo_kin_3h__destination__k9,249172000,636014168
122,-174.649444444,5,0.122808069901,0.232959903099,0.449405649285,destination,93,-648.636388889,0.590276633947,93;6;79;102;107,4,geo_kin_3h__destination__k5,249281000,247349400
123,3.58555555556,9,0.0300697071924,0.0877801105673,0.289092367387,global,351,3.93583333333,0.709952522684,351;26;256;145;287;273;51;298;224,2,geo_kin_3h__global__k9,249414000,636022183
124,83.1661111111,7,0.178789481642,0.406374807745,1.15762767705,destination,372,90.6488888889,0.644060881496,372;298;247;25;331;29;255,1,geo_kin_6h__destination__k9,249433000,636092552
125,3.93583333333,9,0.375031070443,0.615742049967,0.0612813278714,destination,130,5.33888888889,0.543855484118,130;115;206;237;189;306;58;351;123,0,geo_kin_6h__destination__k9,249596000,249974000
126,91.9708333333,9,0.668836598036,3.69236486438,3.00458832525,destination,221,111.593333333,0.834318178402,221;325;359;279;273;285;214;44;268,1,geo_kin_6h__destination__k9,249611000,352004307
127,56.1919444444,9,0.236619311815,0.355200374259,0.0662462303526,destination_fallback_global,376,52.7875,0.513678718342,376;240;263;260;318;352;23;211;19,1,geo_kin_6h__destination__k9,249697000,636093368
128,124.724722222,9,0.0452565120472,0.107803974327,0.223671075335,destination_fallback_global,61,230.653333333,0.65717578181,61;365;278;271;372;300;38;334;234,3,geo_kin_3h__destination__k9,249742000,245278000
129,76.2652777778,9,0.154480301593,0.706999613259,1.28382085097,global,297,372.982222222,0.803722472123,297;46;317;276;270;54;350;362;330,2,geo_kin_3h__global__k9,249962000,563162400
130,4.225,9,0.267685583616,0.636847419689,0.40101332831,destination,237,11.7391666667,0.656830537886,237;125;115;206;189;306;37;275;287,3,geo_kin_3h__destination__k9,249974000,356794000
131,50.7580555556,9,0.129201516789,0.265674681223,0.32963247483,destination_fallback_global,35,26.8955555556,0.614888239369,35;302;211;246;363;357;376;318;321,1,geo_kin_6h__destination__k9,253000158,232026551
132,61.9911111111,9,0.113725484639,0.157244606324,0.124237782188,destination_fallback_global,133,88.0419444444,0.485178053006,133;12;11;29;170;125;162;338;14,3,geo_kin_3h__destination__k9,255779000,255801270
133,68.9125,5,0.105771825133,0.122558993292,0.0751963908748,destination_fallback_global,29,85.9019444444,0.421882746548,29;132;170;11;116,4,geo_kin_3h__destination__k5,255801270,229456000
134,89.0002777778,9,0.488278120741,0.824629270418,0.458483111844,destination_fallback_global,313,367.818333333,0.553154269888,313;51;273;224;331;361;173;26;123,0,geo_kin_6h__destination__k9,255805849,613471602
135,15.9166666667,5,0.44403657158,1.125108732,0.192575234355,destination,213,18.59,0.673908434952,213;258;99;77;304,1,geo_kin_6h__destination__k9,255805866,352001323
136,50.1938888889,5,0.23088501416,0.552040847985,1.35543609338,destination_fallback_global,153,59.8719444444,0.658204896341,153;259;310;43;165,4,geo_kin_3h__destination__k5,255805951,256251000
137,7.10861111111,9,0.113201304705,0.277232040418,0.0206754554457,destination_fallback_global,115,-738.6,0.664761520621,115;340;87;309;338;206;130;229;324,1,geo_kin_6h__destination__k9,255805968,248422000
138,55.1116666667,5,0.133190093782,0.574879450735,0.0881614101424,destination,142,83.2125,0.793197115907,142;143;68;205;344,1,geo_kin_6h__destination__k9,255806044,255915683
139,17.4525,9,0.0565320667779,0.270916979056,3.14653822534,destination_fallback_global,99,15.5044444444,0.811663577262,99;201;158;172;15;187;88;110;154,1,geo_kin_6h__destination__k9,255806427,247392600
140,22.8505555556,9,0.0840516178409,0.156622622525,0.191887330447,destination_fallback_global,50,40.9797222222,0.584703406104,50;349;166;135;341;213;356;168;113,3,geo_kin_3h__destination__k9,255915592,241298000
141,2.26111111111,9,0.976582798591,1.63057215811,0.0684170139461,destination,275,-741.288611111,0.549404497077,275;123;287;58;189;37;306;206;125,1,geo_kin_6h__destination__k9,255915609,538009052
142,55.1116666667,9,0.137671945441,0.172689552878,0.155653946897,global,138,59.5738888889,0.450578844804,138;319;184;209;195;155;143;327;15,2,geo_kin_3h__global__k9,255915683,255806044
143,59.5738888889,6,0.161293455416,0.445769265101,0.150903605757,destination,138,59.5738888889,0.696399555126,138;142;68;3;205;344,3,geo_kin_3h__destination__k9,255915693,255806044
144,-27.9525,9,0.468933989125,0.796213012788,0.625741293312,destination,2,-0.651944444444,0.554906612684,2;162;346;119;0;84;114;92;67,0,geo_kin_6h__destination__k9,255915737,212690000
145,318.020277778,5,0.152178216826,0.190869213336,0.0425297538472,destination,216,303.231666667,0.450548056936,216;174;249;175;380,4,geo_kin_3h__destination__k5,255915759,352002243
146,52.7094444444,9,0.448554229537,0.946283278113,0.142653738023,global,42,30.7016666667,0.622496756279,42;364;202;16;200;222;272;208;126,2,geo_kin_3h__global__k9,255915798,238066000
147,-36.7822222222,9,0.04151311188,0.141669834423,0.640911691237,destination,91,4084.76305556,0.746001865102,91;242;104;80;72;101;105;119;84,0,geo_kin_6h__destination__k9,255915800,247333600
148,47.5175,9,0.265839959518,0.44088829259,0.0495317254468,destination_fallback_global,335,92.9991666667,0.54718712963,335;57;375;378;182;63;243;56;348,0,geo_kin_6h__destination__k9,255915967,636020540
149,18.59,9,0.0605761023633,0.226319615768,0.942785805767,destination_fallback_global,356,14.9733333333,0.76516994278,356;113;135;238;213;207;301;360;140,0,geo_kin_6h__destination__k9,255916537,636023127
150,13.5269444444,3,0.480981835724,0.540720115105,0.12420069729,destination,288,13.5269444444,0.410852550921,288;181;348,3,geo_kin_3h__destination__k9,255970000,538011225
151,50.1938888889,9,0.392066849365,0.778248297707,0.152660231216,global,43,50.1938888889,0.60424158573,43;165;136;348;232;153;347;3;167,2,geo_kin_3h__global__k9,256049000,240544000
152,-166.650833333,9,0.101763277551,0.163280296156,0.275862250755,destination,114,-27.9525,0.536202788555,114;67;92;0;101;72;105;346;119,0,geo_kin_6h__destination__k9,256227000,248333000
153,39.0594444444,9,0.23088501416,0.643654529264,0.719709284168,destination_fallback_global,136,20.465,0.698577237088,136;232;385;165;40;43;259;251;371,3,geo_kin_3h__destination__k9,256251000,255805951
154,46.4047222222,6,0.104653005513,0.303226511708,0.00193541964976,destination,110,39.3958333333,0.708127264374,110;172;161;98;159;234,3,geo_kin_3h__destination__k9,256286000,247530400
155,41.3936111111,9,0.0756792793898,0.141750779311,0.39928223977,destination_fallback_global,327,47.1522222222,0.586319926717,327;138;209;303;164;108;15;345;143,0,geo_kin_6h__destination__k9,256392000,636018323
156,40.6058333333,9,0.139221400491,0.255204897856,0.158241781199,destination_fallback_global,383,40.6058333333,0.579535746356,383;204;181;245;33;88;143;201;233,0,geo_kin_6h__destination__k9,256436000,671562100
157,-163.314166667,9,0.0717030239587,0.131427642786,0.0350677262824,destination,261,-186.653611111,0.579511169792,261;283;192;266;193;10;97;70;4,1,geo_kin_6h__destination__k9,256515000,538003678
158,21.2675,9,0.0484977755892,0.108662915056,0.499517641163,global,172,65.5586111111,0.639982813483,172;201;178;17;154;95;48;77;171,2,geo_kin_3h__global__k9,256607000,271052090
159,50.9091666667,6,0.190528516744,0.838128598883,3.24214343834,destination,238,50.9091666667,0.796660938277,238;172;161;154;98;361,0,geo_kin_6h__destination__k9,256714000,357463000
160,74.6733333333,9,0.0470016143019,0.171710281833,0.581383041767,global,5,84.3366666667,0.760540232393,5;235;228;289;284;337;363;180;230,2,geo_kin_3h__global__k9,256812000,215178000
161,44.5888888889,8,0.280797566655,0.779422296534,0.290079158136,destination,172,65.5586111111,0.697492367492,172;154;110;98;159;234;238;361,1,geo_kin_6h__destination__k9,256885000,271052090
162,-136.652222222,5,0.175037432071,0.195057396302,0.0644086923986,destination,114,-27.9525,0.407642902527,114;105;152;69;92,4,geo_kin_3h__destination__k5,256891000,248333000
163,124.724722222,9,0.109447991205,0.145246230945,0.167585975711,destination_fallback_global,225,74.8519444444,0.470700097863,225;365;271;372;128;36;61;334;293,1,geo_kin_6h__destination__k9,257824000,352004810
164,57.4363888889,9,0.0937353800734,0.140813527851,0.0811308374954,global,138,59.5738888889,0.513928937547,138;355;155;184;209;327;143;233;112,2,geo_kin_3h__global__k9,268251804,255806044
165,46.6986111111,9,0.523735399541,0.730126523277,0.0192486981845,destination_fallback_global,167,40.7847222222,0.488057805152,167;353;153;151;136;290;232;333;269,1,geo_kin_6h__destination__k9,271000677,271002572
166,38.3211111111,9,0.113596517321,0.28552632241,0.309933240589,destination_fallback_global,140,38.3283333333,0.671763090492,140;301;349;50;213;188;191;358;360,0,geo_kin_6h__destination__k9,271000748,255915592
167,58.2997222222,9,0.32517752703,0.961613977389,0.610613760198,destination_fallback_global,333,70.4255555556,0.713082561769,333;165;43;151;232;153;348;136;194,0,geo_kin_6h__destination__k9,271002572,636020064
168,34.4177777778,9,0.160563698231,0.322788802959,0.163841108937,global,301,34.4177777778,0.608093588387,301;140;166;135;50;349;341;149;258,2,geo_kin_3h__global__k9,271040948,563279900
169,104.6475,9,0.0909391297009,0.220710541769,0.386852669848,destination_fallback_global,217,104.6475,0.662305111278,217;61;128;36;365;38;225;372;271,1,geo_kin_6h__destination__k9,271044383,352002310
170,7.10861111111,3,0.508696058341,2.55425680542,4.0211845827,destination,340,7.10861111111,0.819421896326,340;320;121,1,geo_kin_6h__destination__k9,271051063,636021246
171,6.98527777778,3,0.164812917738,0.304422258194,0.847077658549,destination,158,6.98527777778,0.581935447059,158;139;326,4,geo_kin_3h__destination__k5,271051219,256607000
172,44.5888888889,5,0.104855552996,0.247375918368,0.816617416087,destination,154,44.5888888889,0.654508109331,154;110;161;159;238,4,geo_kin_3h__destination__k5,271052090,256286000
173,66.6188888889,8,0.36769082704,0.78011989706,0.33344112941,destination,240,66.6188888889,0.624174035341,240;352;376;231;363;8;24;379,3,geo_kin_3h__destination__k9,273267690,372119000
174,157.519166667,9,0.0470022417083,0.0711860116722,0.130121619946,global,175,78.9519444444,0.51670996137,175;226;268;39;298;224;118;287;223,2,geo_kin_3h__global__k9,273271070,273276260
175,318.020277778,9,0.0470022417083,0.13943693727,1.1576410013,destination,174,328.807222222,0.713847434753,174;380;216;249;223;145;53;252;177,3,geo_kin_3h__destination__k9,273276260,273271070
176,83.1661111111,9,0.0900462043296,0.191951596366,0.5743594054,destination_fallback_global,241,59.9638888889,0.625559449161,241;279;322;252;118;275;329;247;312,3,geo_kin_3h__destination__k9,273277260,372668000
177,214.046666667,9,0.139730564653,0.17901578296,0.0921957521199,global,219,53.6988888889,0.458154481301,219;282;380;274;34;44;312;252;220,2,geo_kin_3h__global__k9,273277840,352003272
178,9.26722222222,5,0.0281984510521,0.0893453184197,2.08799729365,destination_fallback_global,17,9.26722222222,0.729342409384,17;13;158;95;154,4,geo_kin_3h__destination__k5,275488000,219031822
179,42.2341666667,5,0.143190445105,0.376378633888,0.974926768873,destination_fallback_global,71,30.8516666667,0.683558837184,71;250;244;384;262,4,geo_kin_3h__destination__k5,275497000,247104500
180,64.9925,9,0.0837498469241,0.240201995346,1.03108813995,destination_fallback_global,337,61.695,0.70563001057,337;281;289;284;235;5;160;302;177,0,geo_kin_6h__destination__k9,304204000,636020986
181,17.3766666667,3,0.304438550964,0.424564857132,0.394583096614,destination,209,17.3766666667,0.488185327628,209;288;150,4,geo_kin_3h__destination__k5,304427000,319076100
182,43.0938888889,9,0.344641834094,0.424024314566,0.00118425766032,destination_fallback_global,41,38.715,0.443619571621,41;63;378;57;373;148;194;375;348,1,geo_kin_6h__destination__k9,304578000,236623000
183,45.0263888889,9,0.0679588418916,0.174232067099,0.332657568894,global,324,45.0263888889,0.677024483081,324;267;340;28;229;47;9;137;309,2,geo_kin_3h__global__k9,304610000,636016205
184,59.5738888889,5,0.125352954124,0.160468021651,0.0010869332326,destination_fallback_global,138,59.5738888889,0.4578695629,138;164;33;142;143,4,geo_kin_3h__destination__k5,304785000,255806044
185,95.2236111111,9,0.0865920139626,0.153733486058,0.252659458643,destination_fallback_global,381,-128.244166667,0.569349618738,381;268;275;287;226;145;174;331;380,3,geo_kin_3h__destination__k9,305690000,667002373
186,91.9708333333,9,0.153300521465,0.171867533501,0.0862572277016,destination_fallback_global,252,391.848055556,0.409847944505,252;214;34;334;279;311;219;234;365,3,geo_kin_3h__destination__k9,305715000,461000256
187,26.3880555556,9,0.129669727639,0.240587543278,0.0686284035405,global,161,46.4047222222,0.583348163243,161;139;111;326;68;204;154;108;201,2,geo_kin_3h__global__k9,308628000,256885000
188,22.8505555556,5,0.134387907907,0.238369974024,0.52101641211,destination_fallback_global,258,14.895,0.569054723777,258;341;238;349;294,4,geo_kin_3h__destination__k5,309467000,511100560
189,64.7330555556,9,0.231620476414,0.413435067612,0.446291048986,global,49,390.611388889,0.571075285694,49;9;27;195;229;288;138;319;327,2,geo_kin_3h__global__k9,310610000,241287000
190,83.8008333333,9,0.0867440375833,0.281049108356,2.05773011854,global,30,256.149722222,0.734442402894,30;239;306;305;278;163;66;229;225,2,geo_kin_3h__global__k9,310772000,229471000
191,38.3211111111,5,0.101830326266,0.323064863064,0.967184398774,destination_fallback_global,358,38.3211111111,0.729642295482,358;212;349;166;140,4,geo_kin_3h__destination__k5,310841000,636023526
192,-186.653611111,5,0.112804580556,0.144474993555,0.244738097115,destination,261,-186.653611111,0.458044171012,261;157;10;70;97,3,geo_kin_3h__destination__k9,311000231,538003678
193,-186.653611111,5,0.129488595061,0.146958161196,0.0605523477851,destination,261,-186.653611111,0.414316302866,261;157;10;70;97,3,geo_kin_3h__destination__k9,311000451,538003678
194,40.7847222222,9,0.402222574182,0.708099034783,0.518093293007,destination_fallback_global,333,70.4255555556,0.5666397581,333;167;348;182;63;335;148;378;41,3,geo_kin_3h__destination__k9,311000516,636020064
195,34.4072222222,9,0.118679735274,0.209602144947,0.434396557725,destination_fallback_global,303,14.0841666667,0.56767039643,303;142;164;209;184;355;155;310;40,1,geo_kin_6h__destination__k9,311000621,564724000
196,3.05555555556,3,0.346028849227,0.515369324985,0.48938253598,destination,257,3.05555555556,0.51098288662,257;23;369,3,geo_kin_3h__destination__k9,311001060,477963900
197,55.225,5,0.258543974476,0.297146768291,0.0392893042578,destination_fallback_global,234,55.225,0.418914489785,234;60;372;239;336,4,geo_kin_3h__destination__k5,311001144,356324000
198,15.9166666667,9,0.278286333976,0.29965074651,0.028121560978,destination_fallback_global,77,15.9166666667,0.395066059705,77;83;95;68;122;89;178;93;6,1,geo_kin_6h__destination__k9,311085000,247219700
199,83.8008333333,9,0.104064694264,0.219764848133,0.499006132744,global,229,640.108888889,0.622801470519,229;305;30;306;28;324;267;137;217,2,geo_kin_3h__global__k9,311775000,352506000
200,50.2191666667,5,0.355710775929,0.48691534625,0.29708208771,destination_fallback_global,16,78.6966666667,0.4816491867,16;272;364;378;264,4,geo_kin_3h__destination__k5,312107000,219028212
201,18.5783333333,9,0.0727232700532,0.119606506582,0.105427934687,destination_fallback_global,158,6.98527777778,0.544427214611,158;172;13;178;17;95;48;111;103,3,geo_kin_3h__destination__k9,312120000,256607000
202,72.305,5,0.543006164184,0.572787287787,0.0420048887264,destination_fallback_global,16,78.6966666667,0.387512698252,16;364;221;264;146,4,geo_kin_3h__destination__k5,312333000,219028212
203,230.653333333,9,0.15656970455,0.205624100029,0.116048496722,destination_fallback_global,61,230.653333333,0.466995084884,61;38;128;36;234;217;365;372;293,1,geo_kin_6h__destination__k9,314001113,245278000
204,26.4025,9,0.148463646667,0.242041243379,0.0861382332025,destination_fallback_global,383,40.6058333333,0.541516573507,383;156;245;181;187;150;33;4;233,1,geo_kin_6h__destination__k9,314432000,671562100
205,55.1116666667,5,0.577082072254,0.612743159121,0.00813176902981,destination,143,55.1116666667,0.389924978153,143;3;68;138;142,4,geo_kin_3h__destination__k5,314496000,255915693
206,45.0263888889,9,0.0830289650498,0.194215330578,0.217607370137,global,267,6.67722222222,0.652130984496,267;28;340;324;229;9;137;49;309,2,geo_kin_3h__global__k9,314509000,538005853
207,232.388333333,5,0.586220951742,1.17169997331,0.438627043649,destination,49,390.611388889,0.606338659978,49;291;244;52;253,4,geo_kin_3h__destination__k5,314652000,241287000
208,50.2191666667,5,0.539078308058,0.702486468608,0.283852308968,destination_fallback_global,378,48.3297222222,0.464224949985,378;272;16;182;264,4,geo_kin_3h__destination__k5,314900000,667001639
209,13.5269444444,3,0.118368255367,0.304438550964,1.57196112268,destination,288,13.5269444444,0.67786415979,288;181;348,3,geo_kin_3h__destination__k9,319076100,538011225
210,54.0963888889,9,0.107870202279,0.225810980217,0.642781314768,destination_fallback_global,352,75.9841666667,0.620207415731,352;19;218;262;35;246;357;343;374,1,geo_kin_6h__destination__k9,319301000,636022522
211,67.3097222222,8,0.22118700747,0.585904082811,0.659411894669,destination,376,52.7875,0.68556358777,376;363;231;240;352;8;24;379,3,geo_kin_3h__destination__k9,338619000,636093368
212,38.3211111111,9,0.130796550566,0.305083981295,0.0374045716107,destination_fallback_global,205,59.7291666667,0.651340259595,205;344;358;191;188;181;156;294;258,3,geo_kin_3h__destination__k9,351656000,314496000
213,38.3283333333,9,0.0903031080184,0.154671012872,0.298159263898,global,149,25.5236111111,0.557752537768,149;341;135;238;301;360;140;159;258,2,geo_kin_3h__global__k9,352001323,255916537
214,85.6202777778,5,0.0889853229479,0.113445435462,0.0235757831762,destination,236,90.5836111111,0.456398591657,236;271;225;36;279,4,geo_kin_3h__destination__k5,352001352,356755000
215,46.4047222222,9,0.252652947118,0.351517533196,0.276079740314,destination_fallback_global,2,-0.651944444444,0.487361464734,2;138;15;90;319;161;75;88;309,0,geo_kin_6h__destination__k9,352002170,212690000
216,89.0002777778,9,0.0355128933803,0.0804293753514,0.281660006935,global,298,82.6511111111,0.643044512919,298;39;224;273;256;287;351;268;118,2,geo_kin_3h__global__k9,352002243,563186100
217,121.198611111,9,0.0909391297009,0.216546733834,0.195669389647,destination_fallback_global,169,67.055,0.657078675199,169;66;61;78;163;128;203;365;225,0,geo_kin_6h__destination__k9,352002310,271044383
218,75.9841666667,9,0.167632323734,0.344275629488,0.439787985891,destination_fallback_global,323,94.4358333333,0.61452041509,323;374;352;210;141;54;382;357;276,3,geo_kin_3h__destination__k9,352002473,636016014
219,84.0602777778,9,0.0480446545784,0.174219142319,1.13163748209,destination_fallback_global,282,84.0602777778,0.758986424835,282;34;177;366;186;300;226;175;257,1,geo_kin_6h__destination__k9,352003272,538009987
220,90.6833333333,9,0.0233690066826,0.107112742135,0.811514239918,destination_fallback_global,286,90.6833333333,0.803987102659,286;257;227;293;311;236;253;274;334,1,geo_kin_6h__destination__k9,352003495,538010653
221,71.5641666667,9,0.45140332258,0.711188871177,0.268903570567,global,222,71.5641666667,0.530085737809,222;202;24;368;126;16;272;364;342,2,geo_kin_3h__global__k9,352004307,352004590
222,58.6833333333,9,0.788621075956,0.988580718075,0.0860993547178,destination_fallback_global,221,111.593333333,0.45034983532,221;16;272;129;117;364;342;202;368,0,geo_kin_6h__destination__k9,352004590,352004307
223,318.020277778,5,0.0967944005074,0.118535171663,0.0455095496902,destination,249,426.029722222,0.441936967403,249;174;53;216;380,4,geo_kin_3h__destination__k5,352004593,431048000
224,95.2236111111,9,0.0470812727212,0.108500983574,0.069941537273,destination_fallback_global,273,89.0002777778,0.647960949718,273;331;39;216;298;174;249;268;123,1,geo_kin_6h__destination__k9,352004690,538008070
225,81.3805555556,9,0.0599602724418,0.266490285258,0.89201000666,destination,271,79.2452777778,0.798516343834,271;214;278;300;282;279;305;285;268,3,geo_kin_3h__destination__k9,352004810,538007511
226,78.9519444444,9,0.0273034561934,0.225182982838,3.82420191943,destination_fallback_global,175,78.9519444444,0.885812401986,175;366;252;241;177;219;185;223;196,0,geo_kin_6h__destination__k9,352005357,273276260
227,318.020277778,9,0.0779295046876,0.157843539223,0.0964307026192,destination,253,334.89,0.61035555345,253;52;252;53;380;223;174;177;249,3,geo_kin_3h__destination__k9,352005660,461000284
228,75.5544444444,9,0.0751816826128,0.251526965168,1.28300107605,destination_fallback_global,160,80.7813888889,0.74163276495,160;5;235;289;370;244;284;363;179,0,geo_kin_6h__destination__k9,352006086,256812000
229,45.0263888889,5,0.104064694264,0.174232067099,0.478957982177,destination_fallback_global,199,77.9036111111,0.550308440663,199;324;183;206;267,4,geo_kin_3h__destination__k5,352506000,311775000
230,68.2436111111,9,0.105224440636,0.253296915136,0.420019933012,destination_fallback_global,337,61.695,0.660063422995,337;281;289;284;235;5;177;252;160,0,geo_kin_6h__destination__k9,352604000,636020986
231,52.7875,9,0.327374603345,0.579302915026,0.192626673462,destination,302,49.8680555556,0.56829298748,302;211;376;363;246;173;240;281;8,0,geo_kin_6h__destination__k9,353589000,563280700
232,59.8719444444,5,0.397055102426,0.74707700718,0.498639965095,destination_fallback_global,153,59.8719444444,0.587735568518,153;165;43;151;385,4,geo_kin_3h__destination__k5,354562000,256251000
233,43.6044444444,5,0.187190565863,0.216215787027,0.023886392578,destination_fallback_global,164,70.6719444444,0.420732480446,164;3;355;155;108,4,geo_kin_3h__destination__k5,355860000,268251804
234,46.4047222222,6,0.882522267781,1.17269359722,0.251989468367,destination,161,46.4047222222,0.471158851241,161;172;361;154;98;238,0,geo_kin_6h__destination__k9,356324000,256885000
235,70.1394444444,9,0.0350774011967,0.159740754468,0.33040179684,destination_fallback_global,289,-79.6066666667,0.802848255359,289;5;160;228;370;284;337;180;230,3,geo_kin_3h__destination__k9,356680000,538011848
236,81.3805555556,9,0.0889853229479,0.198223489808,0.207532348316,destination,214,81.3805555556,0.638320917087,214;271;282;300;279;285;278;268;305,3,geo_kin_3h__destination__k9,356755000,352001352
237,5.33888888889,5,0.267685583616,0.672532492321,1.07981557798,destination,130,5.33888888889,0.671644399068,130;125;206;115;189,4,geo_kin_3h__destination__k5,356794000,249974000
238,44.4341666667,6,0.134769676889,0.659369047514,3.24577604336,destination,159,44.4341666667,0.815142873301,159;161;172;110;98;234,3,geo_kin_3h__destination__k9,357463000,256714000
239,90.6488888889,9,0.121822871964,0.209561175172,0.363414257007,destination_fallback_global,163,121.198611111,0.559157734782,163;336;339;372;32;271;278;365;78,3,geo_kin_3h__destination__k9,357983000,257824000
240,75.9841666667,9,0.168633547881,0.252294449252,0.273417927992,global,246,51.7697222222,0.512528092796,246;248;357;352;127;260;210;35;173,2,geo_kin_3h__global__k9,372119000,403532001
241,72.7880555556,9,0.116708087683,0.215598025429,0.0120545865431,destination_fallback_global,366,72.7880555556,0.581978008199,366;196;329;223;226;175;381;185;322,1,geo_kin_6h__destination__k9,372668000,636024855
242,-79.6436111111,9,0.0681193506235,0.121076708015,0.252160250222,destination,147,-62.65,0.56971834552,147;91;101;22;104;72;80;119;105,1,geo_kin_6h__destination__k9,373026000,255915800
243,84.285,9,0.424309207658,2.08518594834,0.634961807575,destination,41,38.715,0.815880429373,41;63;46;254;253;52;53;227;216,1,geo_kin_6h__destination__k9,373808000,236623000
244,74.6733333333,9,0.217351597375,0.376378633888,0.379742423029,global,228,74.6733333333,0.561310397931,228;5;60;235;179;284;289;250;234,2,geo_kin_3h__global__k9,374194000,352006086
245,54.7930555556,5,0.147632603142,0.181021315143,0.214160535368,destination_fallback_global,88,54.7930555556,0.442394306298,88;204;33;143;319,4,geo_kin_3h__destination__k5,376304000,247313600
246,66.6188888889,8,0.168633547881,0.683213621843,0.0931392148114,destination,240,66.6188888889,0.781278153364,240;352;376;363;231;8;24;379,3,geo_kin_3h__destination__k9,403532001,372119000
247,82.6511111111,5,0.202177716922,0.260599147898,0.120793202462,destination,25,57.5136111111,0.460326713399,25;298;331;124;372,4,geo_kin_3h__destination__k5,403660000,228481700
248,50.7580555556,9,0.146458126187,0.188694868819,0.0955659868571,destination_fallback_global,246,51.7697222222,0.460167926389,246;19;35;352;357;262;211;376;374,1,geo_kin_6h__destination__k9,428002000,403532001
249,89.0002777778,9,0.0649038749665,0.098619245292,0.085357575443,global,39,502.520555556,0.517820897947,39;298;224;223;256;273;118;287;175,2,geo_kin_3h__global__k9,431048000,232063279
250,75.5544444444,9,0.203076795414,0.314152284306,0.459024114609,destination_fallback_global,370,21.8638888889,0.523913921098,370;284;179;5;235;160;289;244;248,0,geo_kin_6h__destination__k9,431476000,636025912
251,75.5544444444,9,0.238997469866,0.332024643298,0.13774211374,destination_fallback_global,284,64.9925,0.4868406254,284;370;5;235;289;160;248;179;246,0,geo_kin_6h__destination__k9,440252000,538010262
252,90.6833333333,9,0.20242894681,0.398974289719,0.0823102539609,destination,177,314.258055556,0.602074906303,177;175;286;223;227;289;174;52;145,1,geo_kin_6h__destination__k9,461000256,273277840
253,81.3805555556,9,0.0481824467291,0.134453332305,0.533924844893,global,124,81.2930555556,0.698822750439,124;286;227;220;31;282;322;214;32,2,geo_kin_3h__global__k9,461000284,249433000
254,328.807222222,5,0.342698514265,0.429017465356,0.122885740118,destination,249,426.029722222,0.449869150545,249;216;174;253;52,4,geo_kin_3h__destination__k5,461000370,431048000
255,76.2652777778,9,0.142156592225,0.64528584562,0.866587602924,global,297,372.982222222,0.802277928698,297;46;317;276;270;330;54;296;350,2,geo_kin_3h__global__k9,477630800,563162400
256,3.05555555556,3,0.354742664149,0.621592412817,0.752234720084,destination,257,3.05555555556,0.565129823828,257;23;369,3,geo_kin_3h__destination__k9,477856500,477963900
257,90.5836111111,9,0.0270525777813,0.0616610424928,0.0201177917781,global,286,90.6833333333,0.644854567752,286;220;227;124;282;219;293;252;236,2,geo_kin_3h__global__k9,477963900,538010653
258,18.59,6,0.234021340567,1.07986538956,1.26281507974,destination,213,18.59,0.805160665134,213;135;99;77;48;62,0,geo_kin_6h__destination__k9,511100560,352001323
259,34.4072222222,9,0.159898505813,0.271144962264,0.171721674257,destination_fallback_global,310,34.4072222222,0.5544847703,310;347;40;112;327;138;195;303;345,0,geo_kin_6h__destination__k9,538001657,605026210
260,58.2141666667,9,0.263972315955,0.397220595022,0.2594614527,destination_fallback_global,240,66.6188888889,0.514505819493,240;127;248;19;376;35;231;357;263,3,geo_kin_3h__destination__k9,538002883,372119000
261,-139.610277778,5,0.0553711537711,0.0982169056457,0.76413944283,destination,157,-139.610277778,0.569063084783,157;10;266;192;193,4,geo_kin_3h__destination__k5,538003678,256515000
262,64.9925,9,0.222188052889,0.324420062683,0.00164294203794,destination_fallback_global,248,81.0472222222,0.50415190452,248;210;19;246;318;323;382;284;218,0,geo_kin_6h__destination__k9,538004518,428002000
263,81.0472222222,9,0.276049654764,0.36394863457,0.12586730119,global,127,92.2597222222,0.46837538252,127;254;361;304;18;248;280;35;376,2,geo_kin_3h__global__k9,538004558,249697000
264,52.7094444444,9,0.213593387189,0.755260707084,0.880734958651,global,364,27.5413888889,0.7536648596,364;16;200;202;272;208;42;243;222,2,geo_kin_3h__global__k9,538005330,636024805
265,3.05555555556,3,0.188933635693,0.765939712564,3.05401457371,destination,257,3.05555555556,0.781399240098,257;23;369,3,geo_kin_3h__destination__k9,538005431,477963900
266,-186.653611111,5,0.0982169056457,0.134506717065,0.108205632331,destination,261,-186.653611111,0.481812256697,261;157;10;70;97,3,geo_kin_3h__destination__k9,538005496,538003678
267,65.3591666667,9,0.0826444774518,0.160379376157,0.0573633678924,destination_fallback_global,183,65.3591666667,0.597317703079,183;206;324;87;9;229;199;49;115,1,geo_kin_6h__destination__k9,538005853,304610000
268,90.5836111111,9,0.100716083619,0.343191184096,0.655438037783,destination,44,115.341388889,0.745672099316,44;285;273;366;236;214;271;36;279,0,geo_kin_6h__destination__k9,538006774,240633000
269,22.8505555556,9,0.311627230051,0.328778625044,0.00766803673487,destination_fallback_global,149,25.5236111111,0.387580000499,149;360;213;113;159;356;135;207;341,3,geo_kin_3h__destination__k9,538007198,255916537
270,66.6188888889,9,0.198058065782,0.359138926143,0.113072005323,destination_fallback_global,382,101.826388889,0.576096346419,382;218;323;367;210;19;240;141;248,0,geo_kin_6h__destination__k9,538007504,671500100
271,90.5836111111,9,0.0591240356312,0.0736277868333,0.0141437708314,global,365,647.133888889,0.447977382485,365;225;36;372;336;293;214;128;236,2,geo_kin_3h__global__k9,538007511,636024824
272,52.7094444444,9,0.343964920581,0.677339994886,0.569744922374,destination_fallback_global,200,52.7094444444,0.601807753572,200;378;57;56;41;208;375;373;264,1,geo_kin_6h__destination__k9,538007661,312107000
273,84.0602777778,9,0.101469569739,0.474301020394,2.02566361608,destination,268,103.651111111,0.807400896818,268;285;282;279;214;271;300;278;305,3,geo_kin_3h__destination__k9,538008070,538006774
274,69.5616666667,5,0.0636655051335,0.0961244858574,0.353477900961,destination_fallback_global,34,205.648333333,0.515651828646,34;311;219;236;300,4,geo_kin_3h__destination__k5,538009008,232012490
275,2.26111111111,9,0.205128220329,0.956007818092,0.12540786064,destination,351,3.93583333333,0.806890333975,351;123;26;58;306;141;189;206;115,0,geo_kin_6h__destination__k9,538009052,636022183
276,54.13,9,0.246162113082,0.424480626375,0.352968141948,destination_fallback_global,317,63.5813888889,0.559946711014,317;367;330;320;368;218;141;362;350,0,geo_kin_6h__destination__k9,538009159,636011638
277,83.1661111111,9,0.065495455197,0.194460291367,0.0097151609613,global,247,83.1661111111,0.71404712288,247;254;329;241;196;18;20;58;223,2,geo_kin_3h__global__k9,538009183,403660000
278,81.3805555556,9,0.275768138222,0.426539268991,0.430034529948,destination,36,85.6202777778,0.523863241281,36;225;271;300;305;236;214;282;366,1,geo_kin_6h__destination__k9,538009214,232058998
279,90.6833333333,9,0.122354734211,0.151091962547,0.0113316119422,global,124,81.2930555556,0.444945683436,124;227;286;176;220;186;252;214;241,2,geo_kin_3h__global__k9,538009532,249433000
280,103.049722222,9,0.145466960113,0.30026769884,0.420382063086,destination_fallback_global,279,91.9708333333,0.616031259202,279;359;304;253;339;118;176;52;197,1,geo_kin_6h__destination__k9,538009615,538009532
281,67.3097222222,8,0.492029098618,1.2595422581,0.545146784516,destination,363,74.3922222222,0.67662288507,363;231;376;240;352;8;24;379,3,geo_kin_3h__destination__k9,538009968,636024786
282,79.2452777778,9,0.130291312698,0.3816939804,0.744369618047,destination,366,72.7880555556,0.710809946144,366;300;36;44;236;285;214;271;278,0,geo_kin_6h__destination__k9,538009987,636024855
283,-139.610277778,5,0.124143778598,0.136611487,0.0663503630077,destination,157,-139.610277778,0.403033329419,157;10;261;70;97,3,geo_kin_3h__destination__k9,538010211,256515000
284,70.1394444444,9,0.144369201366,0.217562149376,0.0121479141547,destination_fallback_global,5,84.3366666667,0.515005947525,5;289;235;160;180;251;230;370;321,1,geo_kin_6h__destination__k9,538010262,215178000
285,115.341388889,9,0.0785115122358,0.10905683003,0.162196887369,global,380,318.020277778,0.486794236734,380;252;44;366;282;219;312;220;322,2,geo_kin_3h__global__k9,538010540,667002260
286,318.020277778,9,0.0739082521255,0.167046813959,0.167734208694,destination,253,334.89,0.642466657996,253;52;252;53;380;223;177;174;249,3,geo_kin_3h__destination__k9,538010653,461000284
287,2.26111111111,9,0.0816848628238,1.05896232559,0.149976817036,destination,351,3.93583333333,0.925763289964,351;123;26;58;306;141;189;206;115,0,geo_kin_6h__destination__k9,538010874,636022183
288,19.4041666667,4,0.176336239941,0.483486853859,0.925191221646,destination,209,17.3766666667,0.694392612022,209;181;150;348,0,geo_kin_6h__destination__k9,538011225,319076100
289,90.6833333333,5,0.391220019386,0.464623258569,0.0719819195433,destination,244,-2439.34805556,0.430841255599,244;252;177;286;227,4,geo_kin_3h__destination__k5,538011848,374194000
290,35.1477777778,9,0.274291555965,0.523791717186,0.546706105144,destination_fallback_global,353,18.0111111111,0.592345429994,353;3;166;233;345;181;191;358;258,3,geo_kin_3h__destination__k9,538011969,636022541
291,84.285,9,0.788158892736,1.27016446668,0.184440676673,destination,49,390.611388889,0.537666287067,49;207;244;289;177;286;175;227;253,1,geo_kin_6h__destination__k9,538012456,241287000
292,24.1022222222,9,0.1723942049,0.301710468491,0.0468253732068,global,130,5.33888888889,0.564740165886,130;338;106;132;237;59;12;82;133,2,geo_kin_3h__global__k9,538071393,249974000
293,90.6488888889,9,0.0584616894628,0.106152659908,0.481116427819,destination_fallback_global,334,124.724722222,0.576527514006,334;214;365;271;372;220;257;124;34,3,geo_kin_3h__destination__k9,538090701,636020328
294,40.9797222222,9,0.187081090343,0.334029121688,0.391075840371,destination_fallback_global,21,1.77916666667,0.571166686433,21;188;50;213;212;140;4;344;205,1,geo_kin_6h__destination__k9,544203120,219303000
295,-356.462777778,5,0.453145776994,0.465830148788,0.0215338256398,destination,82,-2.3475,0.378034282441,82;104;84;346;147,4,geo_kin_3h__destination__k5,548651000,247282600
296,65.5738888889,9,0.382009930292,0.54750530875,0.258822515936,destination_fallback_global,330,65.5738888889,0.497714695325,330;121;317;46;342;325;276;255;173,1,geo_kin_6h__destination__k9,563003300,636019542
297,79.1775,9,0.142156592225,0.431347875409,0.832586103556,destination_fallback_global,255,98.5522222222,0.719237484271,255;328;46;129;320;325;317;276;54,1,geo_kin_6h__destination__k9,563162400,477630800
298,90.6488888889,6,0.0425474145584,0.416341699058,4.32580917472,destination,331,95.2236111111,0.902854834229,331;247;124;372;29;255,3,geo_kin_3h__destination__k9,563186100,636019819
299,61.9911111111,9,0.247319621043,0.331912402475,0.260843921614,destination_fallback_global,11,70.8777777778,0.474670110701,11;55;12;125;319;29;338;133;68,3,geo_kin_3h__destination__k9,563205300,215826000
300,247.046944444,9,0.0960909851171,0.131340950525,0.0801259330455,global,34,205.648333333,0.481131424583,34;274;128;38;36;365;236;293;219,2,geo_kin_3h__global__k9,563246500,232012490
301,22.8505555556,9,0.14412890599,0.160563698231,0.0324358811432,destination_fallback_global,341,22.8505555556,0.407529008107,341;166;213;50;168;113;135;349;356,3,geo_kin_3h__destination__k9,563279900,636021362
302,67.3097222222,8,0.327374603345,0.868162064984,0.0280552846233,destination,231,67.3097222222,0.685854841727,231;363;376;240;352;8;24;379,3,geo_kin_3h__destination__k9,563280700,353589000
303,47.1522222222,9,0.0703120512364,0.131177028294,0.2237424767,global,155,19.2561111111,0.585078721553,155;327;195;209;355;288;138;319;15,2,geo_kin_3h__global__k9,564724000,256392000
304,18.59,6,1.50741151058,1.8555872205,0.160382058426,destination,135,52.1658333333,0.443807842292,135;99;213;48;77;62,0,geo_kin_6h__destination__k9,565712000,255805866
305,79.0844444444,5,0.199749162844,0.33033101657,0.549533135625,destination,278,79.0844444444,0.546241585527,278;36;300;225;271,4,geo_kin_3h__destination__k5,566453000,538009214
306,4.87833333333,5,0.0962077702833,0.395341678693,2.8862956862,destination,37,4.87833333333,0.783994344448,37;206;115;125;189,4,geo_kin_3h__destination__k5,566579000,232061535
307,9.765,5,0.255603811324,0.323619849292,0.14567881204,destination_fallback_global,198,10.5536111111,0.453923153652,198;150;21;13;158,4,geo_kin_3h__destination__k5,566722000,311085000
308,-166.650833333,5,0.0739110306265,0.121935646746,0.309939613297,destination_fallback_global,346,-356.462777778,0.545447972419,346;84;105;0;81,4,geo_kin_3h__destination__k5,577339000,636021700
309,11.9605555556,5,0.113670372568,0.198990837212,0.686493241871,destination_fallback_global,125,10.1502777778,0.564827895287,125;47;115;90;87,4,geo_kin_3h__destination__k5,578001200,249596000
310,27.5930555556,9,0.153658621086,0.247835452083,0.0589257977794,destination_fallback_global,259,15.0325,0.537943046706,259;347;40;112;195;327;355;138;155,3,geo_kin_3h__destination__k9,605026210,538001657
311,90.6833333333,9,0.0581916843874,0.0963207799336,0.207300101898,global,219,53.6988888889,0.546541708343,219;34;282;274;236;220;286;293;124,2,geo_kin_3h__global__k9,605076070,352003272
312,96.8438888889,9,0.053714948883,0.136018355932,0.501757886866,destination_fallback_global,322,38.6913888889,0.673740970668,322;44;285;223;247;174;53;249;329,1,geo_kin_6h__destination__k9,613404821,636015940
313,87.8477777778,9,0.400031381733,0.733946945507,0.220599540531,destination_fallback_global,121,10.3208333333,0.579817848675,121;134;361;325;20;173;254;277;377,1,geo_kin_6h__destination__k9,613471602,249172000
314,67.055,9,0.280854481514,0.357551127938,0.0300714383003,global,289,-79.6066666667,0.455894159111,289;235;281;169;37;5;217;306;215,2,geo_kin_3h__global__k9,613992601,538011848
315,9.765,9,0.135245155719,0.197108392533,0.21527869132,destination_fallback_global,171,5.89166666667,0.503512820397,171;178;172;17;158;73;65;13;62,3,geo_kin_3h__destination__k9,629009126,271051219
316,60.2488888889,9,0.96343153217,1.90633602915,0.734224570742,destination_fallback_global,379,60.2488888889,0.603273935671,379;342;121;46;24;222;129;255;221,1,geo_kin_6h__destination__k9,630001201,667002240
317,79.1775,9,0.260825047113,0.423950959455,0.382991617085,destination_fallback_global,367,54.13,0.540519496729,367;276;255;46;297;328;129;296;320,3,geo_kin_3h__destination__k9,636011638,636024939
318,64.9925,9,0.177080600946,0.330283239374,0.0825043011189,global,363,74.3922222222,0.58499749988,363;284;131;376;228;35;127;5;304,2,geo_kin_3h__global__k9,636012378,636024786
319,54.7930555556,9,0.0641723646658,0.167157624813,0.556007961044,destination_fallback_global,143,55.1116666667,0.681197292187,143;33;88;209;142;15;164;303;184,1,geo_kin_6h__destination__k9,636013095,255915693
320,63.5813888889,9,0.246820126907,0.430469666227,0.322440703452,global,54,32.6686111111,0.563620554816,54;276;141;270;218;297;330;374;317,2,geo_kin_3h__global__k9,636014168,241751000
321,64.9925,9,0.14892409017,0.296356464498,0.667836446088,destination_fallback_global,337,61.695,0.605006087263,337;281;284;289;235;5;302;131;363,0,geo_kin_6h__destination__k9,636015710,636020986
322,115.341388889,5,0.0371845852823,0.0722004915048,0.278062071796,destination_fallback_global,312,368.455555556,0.597489570352,312;366;53;44;380,4,geo_kin_3h__destination__k5,636015940,613404821
323,54.0963888889,9,0.12110167977,0.250161305258,0.646759002527,destination_fallback_global,218,54.0963888889,0.616255042433,218;352;19;374;270;357;35;367;246,1,geo_kin_6h__destination__k9,636016014,352002473
324,25.0463888889,9,0.0679588418916,0.21838729518,1.26471355251,destination_fallback_global,183,65.3591666667,0.732578365051,183;229;267;206;340;87;28;115;199,3,geo_kin_3h__destination__k9,636016205,304610000
325,81.3805555556,9,0.776755302972,1.33321559003,0.497752188211,destination,359,75.8911111111,0.558434510626,359;279;268;214;285;282;271;278;300,3,geo_kin_3h__destination__k9,636017773,636023809
326,15.5044444444,9,0.125550515041,0.33032218151,1.46378150539,destination_fallback_global,99,15.5044444444,0.683803265491,99;15;187;107;201;288;88;110;158,1,geo_kin_6h__destination__k9,636018276,247392600
327,22.0844444444,9,0.0753031740143,0.189019727588,0.00499454877505,destination_fallback_global,355,57.4680555556,0.671401534512,355;155;288;303;209;164;345;15;310,1,geo_kin_6h__destination__k9,636018323,636022905
328,76.2652777778,9,0.26051419544,0.486246258205,0.465147547404,global,297,372.982222222,0.585220860109,297;276;46;317;270;54;141;350;330,2,geo_kin_3h__global__k9,636018629,563162400
329,59.9638888889,5,0.132057533026,0.141510620596,0.0676292489219,destination_fallback_global,277,284.9025,0.393293651484,277;31;18;241;25,4,geo_kin_3h__destination__k5,636018926,538009183
330,46.5769444444,9,0.382009930292,0.491406969233,0.0216859247827,destination_fallback_global,296,46.5769444444,0.459608627962,296;352;374;276;320;357;210;141;323,3,geo_kin_3h__destination__k9,636019542,563003300
331,89.0002777778,9,0.0369016374047,0.0863497756855,0.12602978753,global,224,533.3925,0.652234770957,224;273;298;39;268;175;287;256;226,2,geo_kin_3h__global__k9,636019819,352004690
332,53.6988888889,5,0.142270863726,0.180372762406,0.212328844718,destination_fallback_global,53,48.4636111111,0.454407801921,53;31;236;311;219,4,geo_kin_3h__destination__k5,636019983,241745000
333,40.7847222222,5,0.377495725263,0.55051466452,0.0655023282744,destination_fallback_global,167,40.7847222222,0.503730334584,167;194;182;335;148,4,geo_kin_3h__destination__k5,636020064,271002572
334,90.5836111111,9,0.058428371283,0.0798136360612,0.000570239749198,global,372,90.6488888889,0.480917274153,372;293;365;214;225;36;336;236;32,2,geo_kin_3h__global__k9,636020328,636092552
335,47.5175,9,0.0730955202132,0.331844204219,2.63688443208,destination_fallback_global,57,26.4461111111,0.802301670002,57;148;41;378;373;375;63;56;200,1,geo_kin_6h__destination__k9,636020540,241953000
336,124.724722222,9,0.102045412867,0.132974306277,0.164354163054,destination_fallback_global,36,85.6202777778,0.464215221172,36;271;365;225;128;372;334;61;293,1,geo_kin_6h__destination__k9,636020938,232058998
337,70.1394444444,9,0.0837498469241,0.221146832958,0.256413527911,destination_fallback_global,180,57.4575,0.684746234802,180;230;321;289;235;281;5;363;160,1,geo_kin_6h__destination__k9,636020986,304204000
338,7.10861111111,9,0.106505199285,0.170627897762,0.184513515467,destination_fallback_global,340,7.10861111111,0.535692114969,340;115;130;237;292;59;82;137;87,0,geo_kin_6h__destination__k9,636021078,636021246
339,79.2452777778,9,0.138864815062,0.187420856941,0.0146477690356,destination_fallback_global,225,74.8519444444,0.476672746898,225;271;239;334;253;311;163;365;279,0,geo_kin_6h__destination__k9,636021161,352004810
340,8.88638888889,3,0.43241703086,2.23168110785,4.16094637487,destination,170,8.88638888889,0.823853206549,170;320;121,4,geo_kin_3h__destination__k5,636021246,271051063
341,34.4177777778,9,0.0636915302634,0.223502434132,1.88392891658,destination_fallback_global,238,50.9091666667,0.752036675081,238;356;213;113;301;140;135;360;168,0,geo_kin_6h__destination__k9,636021362,357463000
342,64.0183333333,9,0.567781261294,0.863045094277,0.256784530732,destination_fallback_global,24,41.2513888889,0.517947528646,24;379;46;8;255;297;129;367;296,3,geo_kin_3h__destination__k9,636021365,219608000
343,81.0472222222,9,0.242344488228,0.370247231675,0.0834049180137,destination_fallback_global,382,101.826388889,0.519677039296,382;210;323;218;248;19;71;318;179,0,geo_kin_6h__destination__k9,636021513,671500100
344,55.1116666667,5,0.575989015431,0.631418319066,0.0021631719583,destination,68,42.1283333333,0.401633776377,68;143;3;138;142,4,geo_kin_3h__destination__k5,636021596,247095300
345,43.6044444444,5,0.183577366769,0.221710157055,0.0461055965955,destination_fallback_global,355,57.4680555556,0.436919583891,355;3;164;155;108,4,geo_kin_3h__destination__k5,636021665,636022905
346,-120.646388889,9,0.115168036169,0.145815085958,0.0597642254625,destination,0,-20.6094444444,0.453925358514,0;119;105;67;69;92;101;152;94,3,geo_kin_3h__destination__k9,636021700,210627000
347,47.1522222222,5,0.16271307792,0.223880591337,0.0822758833227,destination_fallback_global,310,34.4072222222,0.483460772473,310;112;259;327;355,4,geo_kin_3h__destination__k5,636021702,605026210
348,17.3766666667,3,1.9142386314,1.98209565433,0.0354485704264,destination,209,17.3766666667,0.380691854859,209;288;150,4,geo_kin_3h__destination__k5,636021733,319076100
349,38.3283333333,9,0.0551534914746,0.258696137694,0.816386519324,destination_fallback_global,50,40.9797222222,0.807996162159,50;140;166;301;188;21;213;191;212,1,geo_kin_6h__destination__k9,636021739,241298000
350,37.5897222222,5,0.13234572793,0.57695926994,2.50495435454,destination_fallback_global,362,36.4069444444,0.795022493207,362;148;270;367;276,4,geo_kin_3h__destination__k5,636021781,636024606
351,2.26111111111,9,0.0316110814934,1.01363264861,1.58405783557,destination,123,2.26111111111,0.969295330775,123;287;275;58;37;306;189;206;125,1,geo_kin_6h__destination__k9,636022183,249414000
352,52.7875,9,0.206863419438,0.537622413235,0.477566642923,destination,246,51.7697222222,0.680604064493,246;240;211;376;173;363;302;281;8,0,geo_kin_6h__destination__k9,636022522,403532001
353,35.1477777778,9,0.274291555965,0.558107741074,0.476480532063,global,290,34.5391666667,0.611728309568,290;3;233;166;301;345;181;258;140,2,geo_kin_3h__global__k9,636022541,538011969
354,65.6369444444,9,1.09588112314,1.49967263989,0.160133035134,destination_fallback_global,121,10.3208333333,0.481549189692,121;379;377;134;342;173;46;330;325,1,geo_kin_6h__destination__k9,636022867,249172000
355,47.1522222222,9,0.0753031740143,0.137232972883,0.534755638112,destination_fallback_global,327,47.1522222222,0.577685844365,327;138;303;209;164;112;3;345;108,0,geo_kin_6h__destination__k9,636022905,636018323
356,40.9797222222,9,0.0723256018102,0.118369419168,0.261496311187,global,149,25.5236111111,0.542799138009,149;238;341;360;135;159;140;50;301,2,geo_kin_3h__global__k9,636023127,255916537
357,54.0591666667,9,0.0745768509734,0.252143491234,0.605108473879,destination_fallback_global,19,58.2141666667,0.74395742542,19;246;211;248;210;323;376;131;302,0,geo_kin_6h__destination__k9,636023250,219133000
358,40.9797222222,9,0.101830326266,0.307552838735,0.740566315905,destination_fallback_global,191,22.3866666667,0.718134329633,191;212;344;205;50;188;166;140;21,1,geo_kin_6h__destination__k9,636023526,310841000
359,85.6202777778,9,0.210326820421,0.512520692496,0.670366953137,destination,279,91.9708333333,0.663399950744,279;225;271;214;236;285;36;44;278,0,geo_kin_6h__destination__k9,636023809,538009532
360,38.3283333333,9,0.183490301049,0.277320280277,0.0369464962124,destination_fallback_global,213,18.59,0.515996744146,213;21;159;50;140;207;301;238;269,1,geo_kin_6h__destination__k9,636024336,352001323
361,46.4047222222,6,0.905455898168,2.14449120535,1.19600972996,destination,234,55.225,0.655587096985,234;161;110;159;172;98,3,geo_kin_3h__destination__k9,636024536,356324000
362,74.0866666667,9,0.13234572793,0.625352335787,2.42866648774,destination_fallback_global,350,76.2652777778,0.809260947106,350;148;375;373;243;41;335;367;56,3,geo_kin_3h__destination__k9,636024606,636021781
363,51.7697222222,5,0.33655919102,0.492029098618,0.0905670114942,destination,302,49.8680555556,0.504582996238,302;211;281;231;246,4,geo_kin_3h__destination__k5,636024786,563280700
364,71.5641666667,9,0.335424082719,0.953277404622,0.702904104038,destination_fallback_global,264,68.4872222222,0.703375714059,264;200;146;202;208;56;222;378;42,1,geo_kin_6h__destination__k9,636024805,538005330
365,85.6202777778,5,0.0258970661032,0.0553790847627,0.812108104889,destination_fallback_global,36,85.6202777778,0.626483643442,36;372;128;271;225,4,geo_kin_3h__destination__k5,636024824,232058998
366,84.0602777778,9,0.108380873602,0.241587550496,0.202161491862,destination,285,96.8438888889,0.638509038213,285;282;268;279;214;271;300;278;305,3,geo_kin_3h__destination__k9,636024855,538010540
367,65.5738888889,9,0.205896745415,0.518955477762,0.266775958931,global,276,88.1566666667,0.672500627439,276;317;297;270;46;374;330;54;218,2,geo_kin_3h__global__k9,636024939,538009159
368,76.2652777778,9,0.377696815508,0.828015281455,0.655769722828,destination_fallback_global,24,41.2513888889,0.633720574645,24;222;221;129;350;255;297;243;373,3,geo_kin_3h__destination__k9,636025061,219608000
369,59.5738888889,9,0.347234586465,0.490845413706,0.248306039352,global,49,390.611388889,0.492913550237,49;27;310;40;195;138;259;9;112,2,geo_kin_3h__global__k9,636025888,241287000
370,70.1394444444,9,0.159740754468,0.294161676051,0.101503483118,global,235,75.5544444444,0.580980971889,235;5;289;228;284;337;180;230;281,2,geo_kin_3h__global__k9,636025912,356680000
371,81.0472222222,9,0.339913006767,0.393035117018,0.0317669858293,destination_fallback_global,248,81.0472222222,0.421118373218,248;210;19;323;246;179;284;382;318,0,geo_kin_6h__destination__k9,636092313,428002000
372,81.2930555556,6,0.178789481642,0.519772261868,1.56474672341,destination,124,81.2930555556,0.708945535961,124;25;247;298;331;255,0,geo_kin_6h__destination__k9,636092552,249433000
373,47.5175,9,0.299372381201,0.424024314566,0.108466328414,destination_fallback_global,57,26.4461111111,0.493601657096,57;335;378;375;182;243;63;362;350,0,geo_kin_6h__destination__k9,636093132,241953000
374,54.13,9,0.151316040299,0.275684221954,0.342893143402,destination_fallback_global,19,58.2141666667,0.577599531245,19;367;246;323;218;210;248;211;376,0,geo_kin_6h__destination__k9,636093171,219133000
375,74.0866666667,5,0.154660812645,0.351153221836,0.85455348808,destination_fallback_global,56,91.735,0.643755146671,56;148;335;373;57,4,geo_kin_3h__destination__k5,636093237,241929000
376,51.7697222222,5,0.22118700747,0.400202184888,0.534212077249,destination,211,50.7580555556,0.575400962169,211;246;302;240;231,4,geo_kin_3h__destination__k5,636093368,338619000
377,303.231666667,9,1.18702833379,1.26470782513,0.0238514057328,destination,145,-566.815555556,0.391183272497,145;216;174;249;175;254;223;380;252,0,geo_kin_6h__destination__k9,647553008,255915759
378,50.2191666667,9,0.298008116287,0.391735323368,0.12360430302,global,41,38.715,0.467321213879,41;272;57;243;335;373;182;200;208,2,geo_kin_3h__global__k9,667001639,236623000
379,43.8797222222,9,0.713578706033,0.946612767566,0.172176198436,global,342,41.7258333333,0.470564028703,342;117;8;316;24;126;222;368;46,2,geo_kin_3h__global__k9,667002240,636021365
380,274.720555556,9,0.0891743676609,0.156223076669,0.134717548586,destination,174,328.807222222,0.565065113325,174;223;249;216;53;145;52;227;286,1,geo_kin_6h__destination__k9,667002260,273271070
381,78.9519444444,9,0.0815010154088,0.102509899767,0.0624654616673,global,275,-741.288611111,0.451556367584,275;185;268;118;287;175;226;145;44,2,geo_kin_3h__global__k9,667002373,538009052
382,81.0472222222,9,0.0982249903729,0.259404798786,0.16756155093,global,262,50.4611111111,0.684781646657,262;343;371;210;385;251;323;248;352,2,geo_kin_3h__global__k9,671500100,538004518
383,37.9788888889,5,0.10998723256,0.196404951723,0.00125099186433,destination_fallback_global,156,26.4025,0.5712077272,156;204;33;108;88,4,geo_kin_3h__destination__k5,671562100,256436000
384,54.1683333333,9,0.392254459894,0.451767262759,0.0676728349264,global,78,2885.25,0.419678357429,78;197;40;179;71;60;310;259;49,2,geo_kin_3h__global__k9,672296000,247231200
385,81.0472222222,9,0.300893256055,0.48004390955,0.0182650389274,destination_fallback_global,71,30.8516666667,0.534296895078,71;382;179;210;323;218;318;248;19,0,geo_kin_6h__destination__k9,677089900,247104500
