outer_fold,config_id,speed_window_min,distance_mode,correction,eligible_inner_rows,n,mae_h,medae_h,rmse_h,p90_ae_h,p95_ae_h,within_24h,within_48h,within_72h,prediction_min_h,prediction_max_h,nonfinite_prediction_count,abs_gt_1y_prediction_count
0,sog180__geodesic__corr_destination_residual,180,geodesic,destination_residual,92,92,133.564792718,2.73515045907,568.889202728,36.7495596706,746.439714428,0.891304347826,0.902173913043,0.902173913043,2.53414578557,107.055776761,0,0
0,sog360__geodesic__corr_destination_residual,360,geodesic,destination_residual,92,92,133.760862763,2.7562409457,569.01542383,36.7221914731,746.80529868,0.891304347826,0.902173913043,0.902173913043,2.53414578557,107.932419381,0,0
0,sog180__geodesic__corr_global_residual,180,geodesic,global_residual,92,92,133.988700213,2.91065211108,569.042463759,36.8058084043,746.796034107,0.891304347826,0.902173913043,0.902173913043,2.53414578557,105.933554338,0,0
0,sog360__geodesic__corr_global_residual,360,geodesic,global_residual,92,92,134.249022581,3.11221514427,569.158312253,36.8695691502,746.832943484,0.891304347826,0.902173913043,0.902173913043,2.53414578557,106.760557124,0,0
0,sog180__geodesic__corr_none,180,geodesic,none,92,92,134.48721787,3.3209103814,568.470468353,39.0434083365,744.495741897,0.891304347826,0.902173913043,0.902173913043,0.171161299263,103.709886023,0,0
0,sog360__geodesic__corr_none,360,geodesic,none,92,92,134.710512125,3.95518784037,568.575436404,39.0327093315,744.569881151,0.880434782609,0.902173913043,0.902173913043,0.171161299263,104.619621866,0,0
0,sog180__local_sinuosity__corr_none,180,local_sinuosity,none,92,92,135.741939175,3.58637974419,569.021586055,36.2287660526,758.844858126,0.858695652174,0.902173913043,0.902173913043,0.171161299263,140.008346131,0,0
0,sog180__local_sinuosity__corr_global_residual,180,local_sinuosity,global_residual,92,92,135.793775841,3.78478651508,569.28811611,36.0178379387,759.555547278,0.858695652174,0.902173913043,0.902173913043,1.0105430709,140.272006274,0,0
0,sog180__local_sinuosity__corr_destination_residual,180,local_sinuosity,destination_residual,92,92,135.813546676,4.71871613647,569.105843388,36.1243942249,756.936890757,0.858695652174,0.902173913043,0.902173913043,1.0105430709,141.337569136,0,0
0,sog360__local_sinuosity__corr_destination_residual,360,local_sinuosity,destination_residual,92,92,136.178195962,4.87078013797,569.216546593,39.3405150264,759.604257634,0.858695652174,0.902173913043,0.902173913043,0.488129697657,125.193312164,0,0
0,sog360__local_sinuosity__corr_none,360,local_sinuosity,none,92,92,136.250848202,4.27251489323,569.119365198,39.3541640557,758.907313722,0.869565217391,0.902173913043,0.902173913043,0.224469555328,122.612365062,0,0
0,sog360__local_sinuosity__corr_global_residual,360,local_sinuosity,global_residual,92,92,136.331923168,4.85523077298,569.315829117,39.2218186887,759.301355978,0.869565217391,0.902173913043,0.902173913043,0.488129697657,123.165763235,0,0
1,sog180__geodesic__corr_global_residual,180,geodesic,global_residual,96,96,150.980332475,2.76443704156,566.821785637,49.5961417186,759.544645328,0.885416666667,0.895833333333,0.90625,2.05595319071,105.594677915,0,0
1,sog180__geodesic__corr_none,180,geodesic,none,96,96,151.489539286,3.22760415362,566.24644617,51.9733400918,757.540305288,0.885416666667,0.895833333333,0.895833333333,0.171161299263,103.709886023,0,0
1,sog180__local_sinuosity__corr_global_residual,180,local_sinuosity,global_residual,96,96,152.465300091,3.4923376861,567.005444329,37.0632073006,782.468607659,0.864583333333,0.90625,0.90625,1.0105430709,140.847727903,0,0
1,sog180__local_sinuosity__corr_none,180,local_sinuosity,none,96,96,152.525594973,3.85695100764,566.776274648,37.0094665367,781.518676477,0.864583333333,0.90625,0.90625,0.171161299263,140.008346131,0,0
1,sog360__geodesic__corr_global_residual,360,geodesic,global_residual,96,96,154.824849901,2.95873830884,567.984036368,213.905443488,759.516818914,0.875,0.885416666667,0.895833333333,1.91353894102,442.97215132,0,0
1,sog360__geodesic__corr_none,360,geodesic,none,96,96,155.28798331,3.95518784037,567.386376705,213.905443488,757.477615881,0.864583333333,0.885416666667,0.885416666667,0.171161299263,440.271485236,0,0
1,sog360__local_sinuosity__corr_global_residual,360,local_sinuosity,global_residual,96,96,156.83911945,4.63222232447,568.272275717,227.069447537,782.297924962,0.854166666667,0.885416666667,0.895833333333,0.777867728356,468.053175314,0,0
1,sog360__local_sinuosity__corr_none,360,local_sinuosity,none,96,96,156.84991732,4.26523194584,568.094130315,227.069447537,781.518676477,0.854166666667,0.885416666667,0.885416666667,0.224469555328,467.359498453,0,0
1,sog180__geodesic__corr_destination_residual,180,geodesic,destination_residual,96,96,157.406537537,3.16055605311,567.69991319,164.313427808,760.241753652,0.84375,0.854166666667,0.864583333333,-160.521680123,106.943600163,0,0
1,sog180__local_sinuosity__corr_destination_residual,180,local_sinuosity,destination_residual,96,96,159.511874312,4.98052925078,567.928312039,165.009966136,782.151252312,0.822916666667,0.864583333333,0.864583333333,-161.224065468,133.850979847,0,0
1,sog360__geodesic__corr_destination_residual,360,geodesic,destination_residual,96,96,161.189246015,3.24964561925,568.880749723,261.763738079,760.393220253,0.833333333333,0.84375,0.854166666667,-160.515094876,445.025714615,0,0
1,sog360__local_sinuosity__corr_destination_residual,360,local_sinuosity,destination_residual,96,96,163.819092711,4.82082497659,569.256437436,274.544782655,783.718252332,0.802083333333,0.84375,0.854166666667,-162.038841669,469.064056974,0,0
2,sog180__geodesic__corr_destination_residual,180,geodesic,destination_residual,92,92,176.444323535,3.30897203358,686.983956584,68.4208696039,1317.44638418,0.869565217391,0.891304347826,0.902173913043,2.46091200036,98.796898079,0,0
2,sog180__local_sinuosity__corr_destination_residual,180,local_sinuosity,destination_residual,92,92,176.687224283,4.30472250475,686.75345995,42.3846047003,1317.66516446,0.880434782609,0.902173913043,0.902173913043,1.54259591795,114.436439471,0,0
2,sog180__local_sinuosity__corr_global_residual,180,local_sinuosity,global_residual,92,92,176.854436624,4.30472250475,686.780228861,42.3714928739,1317.87745438,0.880434782609,0.902173913043,0.902173913043,1.54259591795,114.436439471,0,0
2,sog180__geodesic__corr_global_residual,180,geodesic,global_residual,92,92,176.865630461,3.46682044177,687.040490505,68.3736008957,1317.86356385,0.869565217391,0.891304347826,0.902173913043,2.46091200036,97.6074281517,0,0
2,sog180__local_sinuosity__corr_none,180,local_sinuosity,none,92,92,176.878640012,4.03668211839,686.433618305,43.3047296301,1316.54568911,0.880434782609,0.902173913043,0.902173913043,0.171161299263,113.505057651,0,0
2,sog180__geodesic__corr_none,180,geodesic,none,92,92,177.166385972,3.91637833148,686.396563577,70.1844972568,1315.47171982,0.869565217391,0.891304347826,0.891304347826,0.171161299263,95.4969383242,0,0
2,sog360__geodesic__corr_destination_residual,360,geodesic,destination_residual,92,92,180.546108969,3.22736331699,688.13013802,105.219647515,1317.67558497,0.858695652174,0.880434782609,0.891304347826,2.37596696865,442.403988822,0,0
2,sog360__geodesic__corr_global_residual,360,geodesic,global_residual,92,92,180.990285193,3.50082831762,688.183275986,105.219647515,1318.0633059,0.858695652174,0.880434782609,0.891304347826,2.37596696865,442.403988822,0,0
2,sog360__geodesic__corr_none,360,geodesic,none,92,92,181.16674229,4.08190032726,687.459417723,107.306267844,1315.42574759,0.847826086957,0.880434782609,0.880434782609,0.171161299263,440.271485236,0,0
2,sog360__local_sinuosity__corr_global_residual,360,local_sinuosity,global_residual,92,92,182.892970172,5.1377984604,687.835841234,106.556185853,1316.37753497,0.826086956522,0.880434782609,0.891304347826,0.881599091005,467.912896626,0,0
2,sog360__local_sinuosity__corr_none,360,local_sinuosity,none,92,92,182.907954524,5.57615534155,687.677340979,107.131896848,1315.60223351,0.826086956522,0.880434782609,0.880434782609,0.224469555328,467.359498453,0,0
2,sog360__local_sinuosity__corr_destination_residual,360,local_sinuosity,destination_residual,92,92,182.950623497,5.2087253277,687.827666422,106.556185853,1316.21832872,0.826086956522,0.880434782609,0.891304347826,0.881599091005,467.912896626,0,0
3,sog180__geodesic__corr_destination_residual,180,geodesic,destination_residual,87,87,212.246780793,3.09585194499,720.398215372,656.171306924,1647.89115452,0.827586206897,0.850574712644,0.862068965517,2.45077678378,106.180436539,0,0
3,sog180__geodesic__corr_global_residual,180,geodesic,global_residual,87,87,212.648567163,3.18808908994,720.480479225,656.834740795,1648.18200345,0.827586206897,0.850574712644,0.862068965517,2.45077678378,105.810240634,0,0
3,sog180__geodesic__corr_none,180,geodesic,none,87,87,213.079054195,3.47997682541,719.8408933,654.734386184,1645.67357871,0.827586206897,0.850574712644,0.850574712644,0.350422172835,103.709886023,0,0
3,sog180__local_sinuosity__corr_destination_residual,180,local_sinuosity,destination_residual,87,87,213.845410344,4.35256972627,720.510082663,655.45529705,1647.3727652,0.804597701149,0.862068965517,0.862068965517,1.11400048516,140.18520785,0,0
3,sog180__local_sinuosity__corr_global_residual,180,local_sinuosity,global_residual,87,87,214.025749755,4.13627982157,720.56044082,655.909748319,1647.47113178,0.804597701149,0.862068965517,0.862068965517,1.11400048516,141.077872116,0,0
3,sog180__local_sinuosity__corr_none,180,local_sinuosity,none,87,87,214.048070353,4.11762377046,720.311174835,654.840222334,1646.55829932,0.804597701149,0.862068965517,0.862068965517,0.473069933327,140.008346131,0,0
3,sog360__geodesic__corr_destination_residual,360,geodesic,destination_residual,87,87,216.425448895,2.64431012359,721.487490458,656.071033746,1647.93433952,0.816091954023,0.83908045977,0.850574712644,2.25571381184,444.652560732,0,0
3,sog360__geodesic__corr_global_residual,360,geodesic,global_residual,87,87,216.914286596,3.67892436774,721.551518189,656.69359728,1648.22683309,0.816091954023,0.83908045977,0.850574712644,2.25571381184,442.412420495,0,0
3,sog360__geodesic__corr_none,360,geodesic,none,87,87,217.323820233,4.36584342865,720.913942172,654.788305641,1645.67357871,0.816091954023,0.83908045977,0.83908045977,0.350422172835,440.271485236,0,0
3,sog360__local_sinuosity__corr_destination_residual,360,local_sinuosity,destination_residual,87,87,218.952548001,5.08223771039,721.74651515,655.1813176,1647.41132174,0.793103448276,0.83908045977,0.850574712644,0.935275631364,467.809123866,0,0
3,sog360__local_sinuosity__corr_none,360,local_sinuosity,none,87,87,219.139006758,6.47675992038,721.53920002,654.885644586,1646.55829932,0.793103448276,0.83908045977,0.83908045977,0.473069933327,467.359498453,0,0
3,sog360__local_sinuosity__corr_global_residual,360,local_sinuosity,global_residual,87,87,219.173596121,6.15517315865,721.770495123,655.672696789,1647.5082305,0.793103448276,0.83908045977,0.850574712644,0.935275631364,468.309429635,0,0
4,sog180__geodesic__corr_destination_residual,180,geodesic,destination_residual,93,93,138.246166487,2.90520712367,581.412282401,64.6990365803,747.74816378,0.870967741935,0.89247311828,0.903225806452,2.41713331331,107.125825295,0,0
4,sog180__geodesic__corr_global_residual,180,geodesic,global_residual,93,93,138.580537815,3.28970263186,581.460158759,64.616346651,747.994813359,0.870967741935,0.89247311828,0.903225806452,2.41713331331,105.955858037,0,0
4,sog180__geodesic__corr_none,180,geodesic,none,93,93,138.999206671,3.36869950303,580.982752776,66.9276483295,745.702036356,0.870967741935,0.89247311828,0.89247311828,0.171161299263,103.709886023,0,0
4,sog180__local_sinuosity__corr_none,180,local_sinuosity,none,93,93,140.046745668,4.10502112549,581.515964569,42.5953502448,759.512198035,0.849462365591,0.903225806452,0.903225806452,0.171161299263,140.008346131,0,0
4,sog180__local_sinuosity__corr_global_residual,180,local_sinuosity,global_residual,93,93,140.238804051,4.32065021293,581.615224475,41.9715261057,759.980271393,0.849462365591,0.903225806452,0.903225806452,0.082272037652,139.91945687,0,0
4,sog180__local_sinuosity__corr_destination_residual,180,local_sinuosity,destination_residual,93,93,140.497248394,4.929925928,581.562971936,41.9298447542,758.678197173,0.838709677419,0.903225806452,0.903225806452,0.082272037652,137.840409226,0,0
4,sog360__geodesic__corr_destination_residual,360,geodesic,destination_residual,93,93,142.181756344,2.92341523271,582.682868367,101.106973527,747.977710601,0.860215053763,0.881720430108,0.89247311828,2.53414578557,442.377186624,0,0
4,sog360__geodesic__corr_global_residual,360,geodesic,global_residual,93,93,142.585714987,3.40509601697,582.72567718,101.106973527,748.061002795,0.860215053763,0.881720430108,0.89247311828,2.53414578557,442.634469723,0,0
4,sog360__geodesic__corr_none,360,geodesic,none,93,93,143.008547584,4.09403902018,582.227078502,103.543498771,745.668602006,0.849462365591,0.881720430108,0.881720430108,0.171161299263,440.271485236,0,0
4,sog360__local_sinuosity__corr_destination_residual,360,local_sinuosity,destination_residual,93,93,144.898829651,4.88935123876,583.058212328,103.040397174,759.319721101,0.827956989247,0.881720430108,0.881720430108,0.568626117944,465.041232752,0,0
4,sog360__local_sinuosity__corr_none,360,local_sinuosity,none,93,93,144.976180414,4.53236905813,582.94286894,103.304057316,758.482973745,0.827956989247,0.881720430108,0.881720430108,0.224469555328,467.359498453,0,0
4,sog360__local_sinuosity__corr_global_residual,360,local_sinuosity,global_residual,93,93,144.984959901,4.93015421515,583.075481862,103.040397174,758.778832456,0.827956989247,0.881720430108,0.881720430108,0.568626117944,467.703655016,0,0
