mmsi,split,reference_eta_status,destination_norm,canonical_destination,target_tte_h,m16a_outer_fold,pred_m16f_catboost_h,pred_m16f_extra_trees_h,pred_m16f_hist_gb_h,pred_m16f_random_forest_h,pred_m16f_svr_h,pred_m16a_raw_destination_median_h,pred_m16a_catboost_current_snapshot_h,pred_m16d_route_analogue_h
210627000,train,PAST_1_24H,ITAUG,ITAUG,-20.6094444444,1,-76.3496868006,-67.7684722222,-96.3973426829,-286.495707288,-94.9609120824,-45.30125,-59.0636831295,-166.650833333
210688000,train,FUTURE_0_7D,IT LIV,ITLIV,54.3475,4,-30.7103823769,-26.2833940972,-10.8372308792,-387.036439991,-48.421844793,48.3297222222,6.35183564614,-79.6436111111
212690000,train,PAST_LT1H,AUGUSTA,ITAUG,-0.651944444444,3,-29.6753588196,140.647773148,-62.768948114,362.430571535,58.4496019955,-120.646388889,41.2856133462,-36.7822222222
215035000,train,FUTURE_0_7D,RAVENNA,ITRAN,43.6044444444,1,51.0468280926,45.4100121528,37.841103372,48.2252081458,57.0365199685,46.6986111111,40.8912590005,55.1116666667
215054000,train,FUTURE_0_7D,IT SPA,ITSPA,12.3469444444,3,-36.3451048243,-173.306061921,-61.8418667344,47.4108661645,-49.7135527111,48.3297222222,14.8109767371,-186.653611111
215178000,train,FUTURE_0_7D,TR TUT,TRTUT,84.3366666667,4,68.9390144598,72.88221875,72.1630975698,61.3839382615,54.0044525061,48.3297222222,61.7572274152,75.5544444444
215232000,train,PAST_GT24H,CATANIA SICILY,ITCTA,-100.135833333,0,-46.7548671019,-325.759477431,-49.7908939555,59.4661316025,-20.2949158066,50.8336111111,-1.16988101047,-17.3619444444
215270000,train,FUTURE_0_7D,ESCAR,ESCAR,69.0805555556,2,40.7296759239,120.470604745,57.7033505565,103.408378423,55.8592598275,-15.3402777778,21.0311330264,64.7330555556
215282000,train,FUTURE_0_7D,EGPSD,EGPSD,64.0183333333,1,59.871983726,57.0339982639,46.5426968022,30.8046611017,38.9452722666,60.2488888889,57.2127512948,60.2488888889
215481000,train,FUTURE_0_7D,GIGIB,GIGIB,97.6213888889,4,56.4456149321,80.6876510417,30.8677721304,34.1500133919,76.0469307042,84.1227777778,-18.2362032773,74.8519444444
215498000,train,PAST_GT24H,ITSPA,ITSPA,-117.643055556,0,-50.4543874159,-133.842288773,-115.024638651,-37.0171736931,-25.5117512659,-139.610277778,-22.2039929479,-163.314166667
215826000,train,FUTURE_0_7D,IT AUG > TR DER,TRDER,70.8777777778,0,35.7080107902,53.6443865741,43.1141582224,37.1304633778,39.3785897465,50.8336111111,46.3728920243,27.3138888889
215867000,train,FUTURE_0_7D,ITAUG>ESVLC,ESVLC,61.9911111111,4,29.7808028954,-1461.93468229,39.4214156566,18.6971129841,66.5816593468,48.3297222222,40.8944433591,68.9125
215909000,train,FUTURE_0_7D,IT VVA,ITVVA,9.765,2,34.1132208652,37.2883564815,2.94036974395,36.4325645918,29.7953925454,49.8680555556,35.0981667525,18.4938888889
215958000,train,FUTURE_0_7D,ITFCO,ITFCO,27.3138888889,4,30.8372907076,44.4798506944,41.3783168742,-16.5067207903,36.9968111668,48.3297222222,27.6491384986,18.5783333333
215993000,train,FUTURE_0_7D,ITMNP,ITMNP,22.0844444444,4,43.3604395053,41.3781851852,43.5759985797,47.1712799313,48.0212360531,26.4025,-15.2904899679,54.7930555556
219028212,calibration,FUTURE_0_7D,RO MID,ROMID,78.6966666667,1,60.7047476075,53.0180416667,52.382529704,50.6229957401,62.6991533984,46.6986111111,57.1503899818,52.7094444444
219031822,calibration,FUTURE_0_7D,WORKSITE,NON_SPECIFIC,9.26722222222,1,40.4239306985,1286.16837153,51.8573788927,-197.762260078,69.3422486114,46.6986111111,38.7045668908,21.2675
219110000,train,FUTURE_7_14D,EGPSD>GBTBY,GBTBY,175.056111111,1,85.6395685994,153.356186921,130.902612796,157.206770569,62.8840002189,46.6986111111,73.8258895127,57.5136111111
219133000,train,FUTURE_0_7D,BEANR>ILHFA,ILHFA,58.2141666667,2,61.1080987785,49.0618703704,47.5232187395,53.7120683014,49.0663676355,49.8680555556,51.6366998393,52.7875
219210000,train,FUTURE_14_30D,EGDAM>>SGSIN,SGSIN,692.941388889,0,86.1036578714,280.920041667,169.070882942,256.345866749,58.3218336373,50.8336111111,97.4997634074,301.943611111
219303000,train,FUTURE_0_7D,MESSINA>MILAZZO,ITMLZ,1.77916666667,0,12.150047881,36.6733454861,15.632700641,49.9560322012,35.5638704668,50.8336111111,53.7267733268,40.9797222222
219432000,train,PAST_GT24H,ITAUG,ITAUG,-79.6436111111,0,-43.9764829651,-35.7172181713,-98.3491534216,-83.3905403186,-16.9619190842,-24.2809722222,-40.2367077987,-36.7822222222
219550000,train,FUTURE_0_7D,MALTA,AMBIGUOUS:MALTA,6.19583333333,2,55.694254374,14.8449675926,79.9594887292,94.470580536,66.0066640956,5.45166666667,37.1225020787,92.2597222222
219608000,train,FUTURE_0_7D,OMSLV>>EGPSD,EGPSD,41.2513888889,0,52.6444580931,50.5434722222,53.0630249468,70.0571565304,40.2609982742,50.8336111111,56.3113370155,60.2488888889
228481700,train,FUTURE_0_7D,ESALG,ESALG,57.5136111111,3,88.3459997198,93.3182824074,133.69785552,128.862444303,103.85799856,90.6488888889,124.875490048,83.1661111111
229331000,calibration,FUTURE_0_7D,MTMLA,MTMLA,1.55583333333,1,6.83539443967,-668.141746528,9.63140425888,-282.330995906,45.3285676486,4.05680555556,42.9092148317,2.26111111111
229370000,train,FUTURE_0_7D,EG ALY,EGALY,65.5713888889,3,43.7244754283,39.827068287,37.3900526433,28.2668180147,51.0293780161,48.3297222222,35.9942732957,59.5738888889
229412000,train,FUTURE_0_7D,FRLAV,FRLAV,68.0102777778,1,52.7541720787,60.419234375,67.8663065458,114.350483805,66.6668479194,46.6986111111,50.0833965822,65.3591666667
229456000,train,FUTURE_0_7D,ESALG,ESALG,85.9019444444,0,49.9734059334,65.8884982639,74.9296746001,20.118177159,39.7367048637,82.6511111111,48.9994055551,82.6511111111
229471000,train,FUTURE_7_14D,ATLANTIC OCEAN,NON_SPECIFIC,256.149722222,0,57.5756821341,2057.95796296,88.3597981434,29.5006505412,69.0940058721,50.8336111111,60.2819262951,2378.25222222
229548000,train,PAST_GT24H,ESVLC,ESVLC,-3047.71833333,0,76.1123608457,50.1740601852,94.7054169309,113.820628959,55.6280942857,50.8336111111,102.727283989,232.388333333
229648000,train,FUTURE_0_7D,TANGER MED2,TEXT:TANGER MED2,68.2094444444,1,82.9004264512,163.961752894,98.4702320804,-34.8797548299,76.027591429,46.6986111111,86.4893817197,90.5836111111
230723000,calibration,FUTURE_0_7D,ITMNF,ITMNF,37.9788888889,2,38.9995316347,41.7100549769,43.0982963921,41.4987727527,43.9848023275,49.8680555556,39.853903925,45.8775
232012490,train,FUTURE_7_14D,NL TNZ,NLTNZ,205.648333333,0,93.5986166397,122.215600694,99.9887688328,165.519282707,65.7786010345,50.8336111111,87.2500708884,72.7880555556
232026551,train,FUTURE_0_7D,MT MLA > GR GYT,GRGYT,26.8955555556,0,59.1290624113,59.1365347222,47.4186387122,26.3803785298,53.2342203843,50.8336111111,50.3352007241,54.0591666667
232058998,train,FUTURE_0_7D,GBGIB,GIGIB,85.6202777778,3,88.6506257114,89.8621533565,87.9243211261,21.4889907895,69.5981194445,48.3297222222,64.8767729756,81.3805555556
232061535,train,FUTURE_0_7D,MTMLA,MTMLA,4.87833333333,0,14.0999881294,-814.418118634,4.08990457196,-273.431367618,32.5203102547,3.88861111111,-72.5196991671,3.88861111111
232062004,train,FUTURE_7_14D,GBBRS,GBBRS,290.709722222,0,94.3193598186,136.453340856,106.79576367,123.436838244,67.9750320765,50.8336111111,63.3419701081,230.653333333
232063279,train,FUTURE_14_30D,AR SLO,ARSLO,502.520555556,3,97.0027465948,141.01829919,231.880210286,293.946986401,99.9979157746,48.3297222222,10.1144086868,303.231666667
235010170,train,FUTURE_0_7D,GR STN,GRSTN,27.5930555556,4,51.8177564783,63.3809224537,60.3967925912,56.2571023696,39.9213751634,48.3297222222,47.755925995,34.4072222222
236623000,train,FUTURE_0_7D,FO,FOR_ORDERS,38.715,0,54.4152714705,15.89965625,38.3047745097,-52.4001573993,47.3136895325,50.8336111111,54.1973527581,232.388333333
238066000,train,FUTURE_0_7D,TRCKZ,TRCKZ,30.7016666667,0,52.8255089401,52.8915931713,48.1528188912,33.1217374153,56.5409052129,50.8336111111,57.0066280649,72.305
240544000,train,FUTURE_0_7D,TRIZM,TRIZM,50.1938888889,1,48.5450313323,45.8607824074,40.0506924893,54.579132731,40.0737904606,46.6986111111,39.259481518,40.7847222222
240633000,train,FUTURE_0_7D,GBGIB,GIGIB,115.341388889,3,91.0390894717,87.3061226852,104.510683015,121.658149592,91.2930459817,48.3297222222,87.1966261354,84.0602777778
240788000,train,FUTURE_0_7D,PIRAEUS,GRPIR,40.0636111111,2,3.3494509896,40.4518136574,47.0378301592,1.12795424565,23.9255237015,49.8680555556,42.9296503424,25.8052777778
240878000,train,FUTURE_14_30D,GALVESTON FOR ORDER,FOR_ORDERS,428.973333333,4,72.0951289571,262.220848958,112.773011165,160.994207058,100.811555315,48.3297222222,76.7299694539,69.0719444444
240893000,train,FUTURE_7_14D,CO CVE,COCVE,298.963611111,3,43.1416238662,78.4955422454,45.1804828019,162.993963267,72.2261069343,48.3297222222,53.5434302428,10.1502777778
240942000,train,FUTURE_0_7D,IT NAP,ITNAP,18.4938888889,1,20.2114752881,46.3920358796,28.9268520378,28.759209395,34.5938452053,53.4486111111,34.7512387353,15.9166666667
241287000,train,FUTURE_14_30D,FOR ORDERS,FOR_ORDERS,390.611388889,0,63.9436327029,187.865918981,72.2047442043,28.5877886506,63.4275018376,308.100833333,51.6897201142,-5.65111111111
241298000,train,FUTURE_0_7D,FRMRS,FRMRS,40.9797222222,4,47.7137421824,96.3779351852,50.2084751372,116.538998146,65.9395824329,38.3283333333,36.6318717267,34.4177777778
241618000,train,FUTURE_7_14D,GBPTL,GBPTL,175.416666667,1,91.7682192691,130.921329861,92.4543893715,166.909992147,81.8794041912,46.6986111111,71.3702166002,95.2236111111
241689000,train,FUTURE_7_14D,SKAW FOR ORDERS,FOR_ORDERS,232.388333333,2,87.5943789419,233.330691551,170.472201393,247.943962583,69.9278802835,49.8680555556,83.8971328648,84.285
241745000,train,FUTURE_0_7D,FOR ORDERS,FOR_ORDERS,48.4636111111,0,92.7821850603,360.099970486,164.166401438,280.477603958,80.4082887677,308.100833333,80.5799493874,303.231666667
241751000,train,FUTURE_0_7D,ITPFX,ITPFX,32.6686111111,4,72.7565301768,71.1303993056,62.1515846818,58.1143871396,61.7545661684,56.1919444444,64.4711102001,16.4616666667
241859000,train,FUTURE_0_7D,SIKOP,SIKOP,42.1702777778,1,42.5772112564,65.7064351852,25.9742501217,33.0419107204,49.1705690588,46.6986111111,41.7273516702,22.0844444444
241929000,train,FUTURE_0_7D,ORAN ALGERIA,TEXT:ORAN ALGERIA,91.735,2,90.1118495843,89.2898935185,103.236229976,210.011495538,71.4884693042,49.8680555556,73.7956748374,47.5175
241953000,train,FUTURE_0_7D,GRPIR,GRPIR,26.4461111111,3,26.6821172725,47.3341568287,74.061655628,28.4858347003,19.0239994412,48.3297222222,58.7418901786,48.3297222222
242494400,train,PAST_GT24H,MTMLA,MTMLA,-3043.85944444,4,19.8218757091,-78.4003802083,16.9139822447,-54.2528585664,10.7125952499,3.93583333333,38.1375992142,2.26111111111
244090800,train,FUTURE_0_7D,TNLGN,TNLGN,33.0186111111,3,31.9182231363,46.2020144676,40.8191837045,11.3509369685,64.3522337772,27.925,33.2545385977,25.8052777778
244865000,calibration,FUTURE_0_7D,BEJAIA,TEXT:BEJAIA,54.1683333333,1,75.8016506736,33.4989832176,84.0824000025,226.892724705,65.4742774518,46.6986111111,58.2269206844,104.6475
245278000,train,FUTURE_7_14D,NLMOE,NLMOE,230.653333333,2,84.9188368091,75.5320081019,122.614075495,210.972480715,58.6318712401,49.8680555556,78.2051009875,121.198611111
246518000,train,FUTURE_0_7D,NAPLES,ITNAP,18.9361111111,1,16.9936766993,43.7714346065,57.4310211896,-86.9528442741,-9.51588652597,46.6986111111,42.7909584749,15.9166666667
247018700,train,FUTURE_0_7D,FOR ORDER,FOR_ORDERS,47.5175,4,47.1288332073,40.6786759259,36.1887100981,-249.92683001,50.9779072503,334.89,-82.1639804316,38.715
247045300,train,FUTURE_0_7D,IT PALERMO,ITPMO,10.7030555556,4,6.63142824851,-694.517126736,-22.3163506523,-85.7704990991,-89.2478312603,48.3297222222,-286.848470202,18.5783333333
247055200,train,FUTURE_0_7D,PALERMO,ITPMO,30.1,2,9.73014401513,9.42667592593,-8.91186369684,463.500504986,14.9081816609,49.8680555556,-1.17390920545,21.2675
247069600,train,FUTURE_0_7D,TNLGN,TNLGN,27.925,1,46.4078261859,131.171127315,74.2067681812,208.280679326,72.3189463972,33.0186111111,41.2208821257,104.6475
247077700,train,PAST_GT24H,AUGUSTA,ITAUG,-595.088611111,4,-42.9271276843,-110.757923611,-38.9628149763,-511.202547249,-54.7391730374,-166.650833333,-366.069800991,-136.652222222
247095300,train,FUTURE_0_7D,IT RAN,ITRAN,42.1283333333,0,46.005935797,43.8817592593,36.6631932149,35.5984631098,35.7324056441,83.2125,-30.2955686924,59.5738888889
247100900,train,PAST_GT24H,AUGUSTA,ITAUG,-136.652222222,0,-35.7659364352,-1928.53242477,-50.4281200515,-658.279737727,-7.40180401679,-143.648611111,-110.615664804,-201.613888889
247101700,train,PAST_GT24H,SANTA PANAGIA,ITSPA,-2010.43222222,4,-15.6478312403,-1302.00215914,-36.9810807711,-566.792130969,-24.7397533571,48.3297222222,-262.143865053,-139.610277778
247104500,calibration,FUTURE_0_7D,GRPIR,GRPIR,30.8516666667,3,29.5359317507,65.0502008102,41.2160911248,47.6282269877,18.6987833927,48.3297222222,53.6411011868,49.2836111111
247131100,train,PAST_GT24H,ITAUG,ITAUG,-201.613888889,3,-51.822698321,-316.659626157,-45.0754026846,376.05550033,-95.0604514052,-28.6958333333,68.5688049776,-36.7822222222
247144750,calibration,PAST_GT24H,UNKNOWN,UNKNOWN,-2424.53972222,4,-1.86809636775,-2148.30407465,27.0721601474,-668.480252002,21.9080944932,-2409.17930556,-488.485098113,-2395.48805556
247147120,train,PAST_GT24H,UNKNOWN,UNKNOWN,-2422.87055556,2,-10.2363336106,-2410.01388889,49.3557938849,-181.744733389,21.9832472107,-2410.01388889,31.6657260156,-163.314166667
247153450,train,FUTURE_GT30D,MARE,NON_SPECIFIC,2378.25222222,4,23.0576771153,1350.59046296,42.7396940584,-368.91221961,68.8055888629,48.3297222222,-199.12836704,256.149722222
247176900,calibration,FUTURE_0_7D,SIRACUSA,ITSIR,23.0305555556,3,-42.3593895374,-54.98696875,-15.4762629936,387.303100078,-58.969214493,48.3297222222,21.8064091019,-17.4319444444
247219700,train,FUTURE_0_7D,ITNAP,ITNAP,15.9166666667,3,14.5810377886,20.8230416667,6.41742580972,-157.350219771,-14.3595007145,17.0472222222,-22.5801951509,18.4938888889
247231200,train,FUTURE_GT30D,ESTAR,ESTAR,2885.25,4,60.4266382042,-32.5524305556,73.9179513478,-185.736442746,62.1721604833,48.3297222222,49.1594686837,54.1683333333
247241800,train,PAST_1_24H,ITSAL>ITCTA,ITCTA,-10.6105555556,0,-42.0657228515,-65.911150463,-51.4260036722,101.492775196,-3.7992795145,50.8336111111,8.0971899675,-5.64222222222
247268300,train,FUTURE_7_14D,AUGUSTA,ITAUG,229.347777778,4,-54.7478160053,-1414.69533681,-70.8730648893,-615.195362635,-138.658683919,-166.650833333,-334.308024853,-62.65
247278300,train,FUTURE_GT30D,IN PORT,NON_SPECIFIC,3786.35444444,1,-43.1205933452,216.917869213,-39.1143489197,-260.936750394,-34.9958521071,46.6986111111,-37.8028439833,-120.646388889
247282600,calibration,PAST_1_24H,IT AUG,ITAUG,-2.3475,3,-40.0865273393,-265.023027199,-42.7545371182,-316.378763479,-132.240747284,-78.63875,2.11074064923,-79.6436111111
247296500,train,FUTURE_0_7D,ITLIV,ITLIV,40.4125,2,16.8178488199,-6.1820162037,25.6184107314,-103.698586202,28.2718137899,34.4177777778,-33.0265847522,11.9872222222
247298300,train,PAST_GT24H,IT AUG,ITAUG,-393.143611111,3,-53.2282913078,-340.072745949,-74.2425433254,12.2541901824,-117.554345354,-78.63875,-13.1956787293,-62.65
247305480,train,PAST_GT24H,UNKNOWN,UNKNOWN,-2525.77555556,2,-15.3236821512,-2410.01388889,29.6316440045,-118.970566852,10.4390688837,-2410.01388889,-153.867459636,-100.135833333
247306670,train,PAST_GT24H,UNKNOWN,UNKNOWN,-2395.48805556,1,2.04112037581,-2348.94706597,56.196056535,-258.121820146,42.3835767916,-2423.70513889,-157.68727901,-2424.53972222
247310200,train,FUTURE_0_7D,TNSFA,TNSFA,25.0463888889,2,62.7519071372,49.165890625,68.1456507505,171.779827438,65.9614064557,49.8680555556,48.6726628201,10.1502777778
247313600,train,FUTURE_0_7D,IT CHI,ITCHI,54.7930555556,2,50.1425342203,34.7522094907,39.0422938494,45.4535344479,46.6370041059,49.8680555556,39.7027601617,22.0844444444
247319800,train,FUTURE_0_7D,ITCTA>ITSAL,ITSAL,11.9872222222,0,21.1268685709,76.1565746528,25.3130431985,144.599216398,28.3726503915,50.8336111111,30.6098120204,18.9361111111
247324900,calibration,FUTURE_0_7D,ITGEA,ITGEA,11.9605555556,2,52.5524000606,43.4690983796,54.542496724,10.5885917567,43.2918521452,49.8680555556,65.4867847772,10.1502777778
247333600,calibration,FUTURE_GT30D,AUGUSTA,ITAUG,4084.76305556,4,-64.9545324872,-571.383346065,-79.1950089293,-248.67580435,-117.51678334,-166.650833333,-259.708477158,-62.65
247343900,calibration,PAST_GT24H,AUGUSTA,ITAUG,-2457.65333333,2,-51.295944504,-648.563105903,-108.749118616,-60.5553948575,-9.45683524996,-101.576111111,-165.889453478,-20.6094444444
247349400,calibration,PAST_GT24H,ITCTA,ITCTA,-648.636388889,0,-39.6762993894,-79.9199091435,-48.6712315586,-191.447009324,-17.1888735183,-11.5020833333,4.06766262227,-17.3619444444
247351700,calibration,FUTURE_GT30D,AUGUSTA,ITAUG,4051.84972222,4,-48.9730493613,-896.040216435,-76.3259472777,-554.906679778,-153.359680336,-166.650833333,-259.708477158,-201.613888889
247355500,train,FUTURE_0_7D,ITTOA,ITTOA,21.2675,0,37.9711414462,30.0348211806,33.5524395759,16.0487343018,26.425243663,50.8336111111,51.0780879766,15.9166666667
247362500,train,PAST_GT24H,AUG,TEXT:AUG,-1851.15305556,2,-2.27492826023,3020.78753472,-33.1871443575,701.121507798,20.9262620921,49.8680555556,-41.6784880084,-5.65111111111
247382800,train,PAST_GT24H,S PANAGIA,ITSPA,-2281.43333333,0,-11.5506449586,-1272.36313484,-43.5342513036,-38.3811871524,19.54945198,50.8336111111,-20.7623479161,-163.314166667
247383400,train,FUTURE_0_7D,ITCTA>ITGOA,ITGOA,32.5116666667,4,18.2335661185,-15.6919114583,3.09306889167,-230.957167998,-43.6300214314,48.3297222222,-240.372366766,44.5888888889
247392600,train,FUTURE_0_7D,ITNAP,ITNAP,15.5044444444,2,19.5396843654,31.8546325231,33.0820593585,-186.384744611,26.7307806992,15.9166666667,-82.0264330825,26.3880555556
247407900,train,FUTURE_GT30D,UNKNOWN,UNKNOWN,1902.665,2,-12.6016381253,-1848.82734375,38.0203892218,-205.130962249,17.4532345122,-2410.01388889,-69.234077115,-20.6094444444
247408700,train,PAST_GT24H,AUGUSTA,ITAUG,-120.646388889,4,-94.3216637774,-406.278499421,-112.484065907,-285.871426696,-135.929784578,-166.650833333,-135.53764944,-79.6436111111
247415100,train,PAST_GT24H,ITCTA,ITCTA,-174.649444444,0,-43.5924030668,-61.8423402778,-61.2787890246,-45.1886867258,-23.3304489139,-11.5020833333,-45.1308791108,-5.64222222222
247415600,calibration,FUTURE_0_7D,POZZUOLI S A F,TEXT:POZZUOLI S A F,18.5783333333,2,36.0140562673,30.0018877315,1.98675776261,32.6833378914,36.7992344843,49.8680555556,33.8374095395,21.2675
247425900,train,PAST_GT24H,AUGUSTA,ITAUG,-1542.90277778,3,-50.8251283611,-607.05072338,-99.6389181553,-442.508181985,-134.453933493,-120.646388889,-84.4309410271,-36.7822222222
247426100,train,PAST_GT24H,AUGUSTA,ITAUG,-166.650833333,2,-59.3759739073,-709.415807292,-125.993722048,-346.515806843,-22.1432936559,-101.576111111,-175.86937307,-80.6244444444
247432200,train,FUTURE_0_7D,IT PFX,ITPFX,24.1022222222,0,53.2902072439,57.6867326389,67.6637735414,71.8221222456,58.4118250029,50.8336111111,48.445469455,7.10861111111
247453600,train,PAST_LT1H,MTMLA>ITCTA,ITCTA,-0.8875,2,-7.50281673791,-71.5505711806,0.608588522218,-301.980029673,27.380110335,49.8680555556,-7.93699722666,15.9166666667
247483800,calibration,PAST_GT24H,ITTRS,ITTRS,-3742.03222222,1,25.6842688522,42.4920283565,39.9676305292,80.9756837446,43.5801852814,41.3936111111,23.4855872855,22.0844444444
247488900,train,FUTURE_0_7D,EGALY,EGALY,29.5083333333,3,65.7939464414,65.3762123843,104.239390629,-13.4320856487,69.6213975675,48.3297222222,59.4199332262,71.5641666667
247530400,train,FUTURE_0_7D,ITGOA,ITGOA,39.3958333333,0,34.6916236326,39.562025463,32.7621305926,23.6724304213,34.8802866291,46.4047222222,23.0326370202,44.5888888889
248089000,train,FUTURE_0_7D,ITCVV,ITCVV,26.3880555556,1,33.8187585111,27.5855590278,43.8291218496,57.5156008293,65.8449575907,46.6986111111,36.3607194377,17.4525
248105000,train,FUTURE_0_7D,ITAOI,ITAOI,47.1530555556,1,46.4438298536,36.7689751157,51.8287535465,55.3110779436,44.2121243826,46.6986111111,37.3185671197,19.2561111111
248159000,train,FUTURE_0_7D,ITMLZ,ITMLZ,6.3725,2,13.135240249,84.0466145833,19.9331583837,-158.858736157,39.6159118146,49.8680555556,47.1625619927,38.3283333333
248333000,train,PAST_GT24H,ITAUG,ITAUG,-27.9525,3,-30.4215835199,-32.3257957176,-75.694217596,-593.965297761,20.5310243568,-28.6958333333,14.137744217,-80.6244444444
248422000,calibration,PAST_GT24H,MTMLA,MTMLA,-738.6,2,16.3842612039,-18.835787037,11.49560397,-17.5285332838,33.6185750875,3.91222222222,21.2642083801,10.1502777778
248507000,train,FUTURE_0_7D,ITAUG>EGEDK,EGEDK,68.9125,3,37.9911083873,51.8300729167,16.0150790704,7.06062213788,45.0551162043,48.3297222222,38.0574094517,61.9911111111
249004000,train,FUTURE_0_7D,ALEXANDRIA,TEXT:ALEXANDRIA,43.8797222222,1,65.9924699005,58.4995190972,53.7407390463,57.4553010506,78.9563497743,46.6986111111,56.2905110203,71.5641666667
249022000,calibration,FUTURE_0_7D,ROTTERDAM,NLRTM,157.519166667,0,83.4476279218,189.27658044,104.949734895,94.8437144697,59.4578664181,190.408611111,69.0135399,84.285
249087000,train,PAST_1_24H,ITAUG,ITAUG,-17.4319444444,4,-62.3715000099,-210.848931713,-45.8298315434,-157.754263538,-69.5293302287,-49.7161111111,-78.0077554189,-393.143611111
249146000,train,PAST_1_24H,ITCTA,ITCTA,-5.64222222222,4,-47.4473205952,-93.708365162,-56.6769271214,-295.493899397,-116.545380754,-411.642916667,-89.4726086422,-100.135833333
249172000,calibration,FUTURE_0_7D,MTMAR,MTMAR,10.3208333333,3,37.2670452743,-76.1575046296,41.4060541846,-68.9429920137,54.6125719073,10.71625,67.1699153623,8.88638888889
249281000,train,PAST_1_24H,ITCTA,ITCTA,-17.3619444444,4,-58.0286071831,-88.9339375,-52.097184467,-117.316369655,-37.610391857,-411.642916667,-56.0898913632,-174.649444444
249414000,train,FUTURE_0_7D,TRALI>MTMLA,MTMLA,2.26111111111,2,22.3494458004,-102.844563079,5.12182681577,-219.027514412,38.3351614945,49.8680555556,69.1289505343,3.58555555556
249433000,train,FUTURE_0_7D,ALGECIRAS,ESALG,81.2930555556,1,74.8870679556,89.8083090278,70.0273497038,63.3371368846,83.0792077287,46.6986111111,61.0200318369,83.1661111111
249596000,train,FUTURE_0_7D,MTMLA,MTMLA,10.1502777778,0,-5.00311375105,-234.650493345,5.54066925498,-149.122183807,22.3318422127,3.88861111111,-53.0159849563,3.93583333333
249611000,train,FUTURE_0_7D,GIGIB,GIGIB,97.4713888889,1,86.7470941769,83.2187528935,80.6680701951,111.540592262,100.143925116,89.0002777778,68.5980784933,91.9708333333
249697000,train,FUTURE_0_7D,TRDRC,TRDRC,92.2597222222,1,48.5540687897,139.813028356,51.3495330105,-207.582195994,47.955605751,33.7158333333,37.8374153504,56.1919444444
249742000,calibration,FUTURE_7_14D,IMMINGHAM,TEXT:IMMINGHAM,247.046944444,3,85.4099434785,167.540377894,103.613354203,186.510963157,101.097817678,48.3297222222,-20.5473783863,124.724722222
249962000,train,FUTURE_0_7D,ESCAR,ESCAR,79.1775,2,75.1258998815,315.470159722,95.9258717441,246.00588616,85.2038547992,-15.3402777778,55.2764344351,76.2652777778
249974000,train,FUTURE_0_7D,VALLETTA,MTMLA,5.33888888889,3,4.41852190028,-655.2154375,8.22628405182,-180.862283626,9.8101133919,48.3297222222,-103.62669543,4.225
253000158,train,FUTURE_0_7D,TRYAR,TRYAR,54.0591666667,1,63.1409584974,46.997103588,40.7869087261,47.859891713,58.4581128425,73.2861111111,55.0643426226,50.7580555556
255779000,train,PAST_1_24H,ESCAR,ESCAR,-15.3402777778,3,45.3378524238,54.8098744213,19.3750724871,25.7550438182,56.0960593243,74.1290277778,34.8910435879,61.9911111111
255801270,calibration,FUTURE_0_7D,ESCEU,ESCEU,88.0419444444,4,39.7808922565,29.3086024306,37.759683751,25.8493107334,60.2878174484,48.3297222222,40.8747192044,68.9125
255805849,train,FUTURE_0_7D,MAPTM,MAPTM,97.9855555556,0,89.8141243566,-6.03378703704,123.550317848,140.617121517,67.1690184561,50.8336111111,74.1357651416,89.0002777778
255805866,train,FUTURE_0_7D,ITNAP,ITNAP,52.1658333333,1,14.3547641816,10.6625416667,13.7973142975,59.2233830717,37.7942132544,15.7105555556,27.1711920442,15.9166666667
255805951,train,FUTURE_0_7D,GR STN,GRSTN,20.465,4,44.5274063197,39.9739670139,44.4816302891,45.732088047,32.8410074197,48.3297222222,36.5406708885,50.1938888889
255805968,train,FUTURE_0_7D,LYTIP,LYTIP,21.8616666667,1,63.1425637526,-31.7962204861,86.1034680635,63.3705937911,72.4953633412,46.6986111111,53.9940224523,7.10861111111
255806044,train,FUTURE_0_7D,ITRAN,ITRAN,59.5738888889,1,53.9017030274,54.0793819444,52.8580573245,54.5134093848,47.7270941674,57.4204166667,39.763447156,55.1116666667
255806427,train,FUTURE_0_7D,ITGIT,ITGIT,5.84305555556,1,8.24850399013,-26.6886828704,6.2334537888,-54.6277665747,-6.31968441186,5.89166666667,34.6762699687,17.4525
255915592,train,FUTURE_0_7D,FRMRS,FRMRS,38.3283333333,3,45.7318427809,21.7185636574,23.5251749954,84.5402251912,65.8319713808,40.9797222222,36.2874805698,22.8505555556
255915609,train,FUTURE_0_7D,MT MLA,MTMLA,16.4616666667,1,-3.86217030515,-486.176439815,4.13322332575,-22.6047814373,12.6337310043,-741.288611111,41.0557199523,2.26111111111
255915683,calibration,FUTURE_0_7D,IT RAN,ITRAN,83.2125,2,40.1578790945,62.5649895833,60.5591942675,-32.7052728535,37.2790958102,42.1283333333,21.5405337769,55.1116666667
255915693,train,FUTURE_0_7D,ITRAN,ITRAN,55.1116666667,3,55.9764390177,55.1927228009,54.0010551101,-26.1317727431,45.4687217497,59.6515277778,42.4702934538,59.5738888889
255915737,train,PAST_GT24H,AUGUSTA,ITAUG,-82.5058333333,0,-19.7478129788,-84.7678599537,-17.3347718832,-214.587811946,5.65909885598,-143.648611111,33.3384333138,-27.9525
255915759,train,PAST_GT24H,FOR ORDER,FOR_ORDERS,-566.815555556,4,66.4314731779,174.819587963,36.5111590324,-7.01770295556,100.291535885,334.89,65.4942354237,318.020277778
255915798,train,FUTURE_0_7D,TRMER,TRMER,72.305,2,58.4777355442,46.6417337963,39.8429490358,36.6600591464,37.6609767648,49.8680555556,56.647832861,52.7094444444
255915800,calibration,PAST_GT24H,ITAUG,ITAUG,-62.65,0,-34.2024366479,-43.2058587963,-63.8724801242,-356.168504232,-19.7897762479,-24.2809722222,8.45107859016,-36.7822222222
255915967,train,FUTURE_0_7D,ALIAGA,TEXT:ALIAGA,37.5897222222,0,67.4066893382,47.6644045139,53.0907222313,27.3390091496,62.7992942372,50.8336111111,63.2009963889,47.5175
255916537,train,FUTURE_0_7D,EGAKI>ITCVV,ITCVV,25.5236111111,0,58.8359909394,28.7395324074,97.5137946613,197.17547526,54.047171175,50.8336111111,49.51270573,18.59
255970000,calibration,FUTURE_0_7D,ITTAR,ITTAR,22.8913888889,3,8.15319625057,30.8060150463,35.1465793007,30.2279905755,-9.3074054737,19.4041666667,39.2984854666,13.5269444444
256049000,train,FUTURE_0_7D,FRSET,FRSET,46.6986111111,2,41.103344644,132.294570602,38.1877728983,159.832575928,52.8677133735,35.1477777778,30.7345146909,50.1938888889
256227000,calibration,PAST_GT24H,IT AUG,ITAUG,-80.6244444444,0,-40.6830954676,-34.4784982639,-90.8724614127,-22.9479878165,-21.3520677752,-76.6530555556,-27.4312809437,-166.650833333
256251000,train,FUTURE_0_7D,TR IZT,TRIZT,59.8719444444,3,43.1929438418,68.7198721065,61.5049553035,59.1079924695,54.47620714,48.3297222222,47.398525694,39.0594444444
256286000,calibration,FUTURE_0_7D,ITGOA,ITGOA,44.5888888889,3,46.6350367738,44.1746498843,41.6132339961,-47.2974475479,34.8235608362,46.4047222222,33.396829586,46.4047222222
256392000,calibration,FUTURE_0_7D,IT TARANTO,TEXT:IT TARANTO,19.2561111111,0,39.2680354489,37.2552077546,28.7790125113,-3.08356531602,49.9089075727,50.8336111111,33.7755985919,41.3936111111
256436000,train,FUTURE_0_7D,ITMNP,ITMNP,26.4025,0,28.7813371466,39.9726429398,28.3642196182,127.508713544,41.4699384055,22.0844444444,31.4431889911,40.6058333333
256515000,train,PAST_GT24H,ITSPA,ITSPA,-139.610277778,1,-88.8610824205,-143.331111111,-121.4095898,-306.109905712,-108.278495223,-117.643055556,-51.4810024448,-163.314166667
256607000,calibration,FUTURE_0_7D,GIOIA TAURO,ITGIT,6.98527777778,2,13.6172894478,-771.403199074,0.811191683967,-236.899394503,18.9566123637,49.8680555556,34.1693418786,21.2675
256714000,train,FUTURE_0_7D,ITGOA,ITGOA,44.4341666667,0,51.9197455604,47.1401539352,50.7175609101,96.2975533474,46.7349982529,46.4047222222,40.852480883,50.9091666667
256812000,calibration,FUTURE_0_7D,TR CEY,TRCEY,80.7813888889,2,70.367591489,78.1930758102,63.3328279472,64.5934123983,62.6641055902,49.8680555556,59.515941512,74.6733333333
256885000,train,FUTURE_0_7D,ITGOA,ITGOA,46.4047222222,1,44.5853064193,42.4393420139,40.8232131088,71.4729938339,92.4615353428,44.5888888889,-28.6603633583,44.5888888889
256891000,train,PAST_LT1H,ITAUG,ITAUG,-0.993888888889,4,0.155960086252,-7.88057233796,-9.99842845158,-121.609303015,-14.7674080653,-49.7161111111,13.6394120082,-136.652222222
257824000,train,FUTURE_0_7D,ESVGO,ESVGO,121.198611111,1,81.1758671185,108.817001157,102.399216892,174.297710649,72.9540846442,46.6986111111,66.109333272,124.724722222
268251804,train,FUTURE_0_7D,ITVCE,ITVCE,70.6719444444,2,50.680136266,44.0973373843,43.6143134313,37.0740336214,40.6441938064,61.0847222222,49.1416552159,57.4363888889
271000677,train,FUTURE_0_7D,LBBEY,LBBEY,60.9197222222,1,42.799282486,44.2227395833,43.0034841354,78.8221565218,57.6816819301,46.6986111111,39.6920863099,46.6986111111
271000748,train,FUTURE_0_7D,FRSET,FRSET,35.1477777778,0,42.8642188239,0.0971215277778,26.5428626828,57.6949312811,48.7912861635,42.2897222222,14.2233228875,38.3211111111
271002572,calibration,FUTURE_0_7D,TRYAL,TRYAL,40.7847222222,0,49.3881591436,64.382103588,67.7751080445,60.0962689978,49.7085310631,50.8336111111,21.3261746728,58.2997222222
271040948,train,FUTURE_0_7D,FRSET,FRSET,37.8808333333,2,42.193732544,89.1951111111,53.6150749052,23.4182039579,50.756330557,35.1477777778,28.2511265383,34.4177777778
271044383,train,FUTURE_0_7D,ESCAS,ESCAS,67.055,1,86.2120621135,216.253782407,112.402704747,206.623530718,71.7629258334,46.6986111111,60.6900685521,104.6475
271051063,train,FUTURE_0_7D,MTMAR,MTMAR,8.88638888889,1,-2.47124453861,5.02007638889,34.5758397705,-66.9786596239,-37.4551388733,11.4334722222,21.7312407841,7.10861111111
271051219,train,FUTURE_0_7D,ITGIT,ITGIT,5.89166666667,4,1.96250871093,8.70782928241,-21.6369947336,-71.286235317,-36.9764341059,8.24375,12.1004129957,6.98527777778
271052090,calibration,FUTURE_0_7D,ITGOA,ITGOA,65.5586111111,4,38.5959760946,48.4995596065,45.1355853037,-54.8833516252,22.8837442801,44.5888888889,-1.78102633676,44.5888888889
273267690,calibration,FUTURE_0_7D,EGPSD,EGPSD,65.6369444444,3,59.844083171,64.1753674769,64.7392339106,6.35964806092,50.7021709713,64.0183333333,58.8086505131,66.6188888889
273271070,train,FUTURE_7_14D,FOR ORDERS,FOR_ORDERS,328.807222222,2,86.0413588634,144.100308449,94.424061564,183.149300579,68.1566852069,90.6833333333,93.9749117956,157.519166667
273276260,train,FUTURE_0_7D,GIBRALTAR FOR ORDER,FOR_ORDERS,78.9519444444,3,93.7106314183,291.033560764,155.650075807,245.073400096,98.0931450834,48.3297222222,110.964711221,318.020277778
273277260,train,FUTURE_7_14D,RUMKK,RUMKK,322.369166667,3,93.4576677662,103.256118056,126.317065122,192.122615849,95.6795997501,48.3297222222,91.1830090702,83.1661111111
273277840,train,FUTURE_7_14D,FOR ORDERS,FOR_ORDERS,314.258055556,2,81.1615339417,294.912284144,112.185330011,363.176594157,58.7420058122,90.6833333333,97.992617708,214.046666667
275488000,train,FUTURE_0_7D,FR FOS,FRFOS,71.3927777778,4,29.6017144572,42.4042158565,35.1561076573,-25.2803054645,24.169105855,48.3297222222,26.078134522,9.26722222222
275497000,train,FUTURE_0_7D,TRGEM,TRGEM,102.308611111,4,59.8706903249,71.2724994213,45.9507323212,-5.28814197275,45.6904322026,48.3297222222,52.759380763,42.2341666667
304204000,train,FUTURE_0_7D,TRCKZ,TRCKZ,57.4575,0,48.4523724226,61.2865833333,51.4305557654,52.8990153535,53.3250946048,50.8336111111,55.9904187929,64.9925
304427000,calibration,FUTURE_0_7D,ITTAR,ITTAR,19.4041666667,4,13.0508394202,21.2589386574,17.172243739,-17.7569068023,10.6801472207,22.8913888889,-13.9038856171,17.3766666667
304578000,train,FUTURE_0_7D,GR GPA,GRGPA,25.5877777778,1,32.9665241538,58.4551481481,50.740390568,-17.9644015963,55.8828567812,46.6986111111,44.1830690484,43.0938888889
304610000,train,FUTURE_0_7D,GI GIB,GIGIB,65.3591666667,2,67.7863138588,94.8665341435,73.0202253212,78.8944039327,68.1066247797,74.8519444444,54.8278233852,45.0263888889
304785000,train,FUTURE_0_7D,ITCHI,ITCHI,103.856388889,4,46.717190086,68.9631498843,51.7919535258,41.1334204126,42.1132894688,48.3297222222,36.6341572813,59.5738888889
305690000,train,FUTURE_0_7D,ITSVN,ITSVN,51.4602777778,3,60.3182901528,80.2980121528,81.2560823803,3.64504702548,94.2935084645,48.3297222222,56.4789279571,95.2236111111
305715000,train,FUTURE_7_14D,PLSZZ,PLSZZ,320.296388889,3,89.9366434446,114.619542245,110.697045332,166.820048127,82.7282180447,48.3297222222,78.8298093821,91.9708333333
308628000,train,FUTURE_0_7D,ITMSN,ITMSN,2.09805555556,2,55.6781837987,48.1633877315,54.0453280656,292.005999601,53.5566229037,49.8680555556,-70.1709708607,26.3880555556
309467000,train,FUTURE_0_7D,ITSPE,ITSPE,52.2075,4,55.3138820424,78.8871880787,46.1599677377,29.0327999475,59.2240242551,48.3297222222,40.1706919965,22.8505555556
310610000,train,PAST_GT24H,HRDBV>MTMLA,MTMLA,-786.144166667,2,7.77885770349,-456.592420718,33.3391554606,-61.963528398,31.502957029,49.8680555556,41.2518068407,64.7330555556
310772000,train,FUTURE_14_30D,USCMU,USCMU,360.723333333,2,59.9618170523,122.383655093,97.9463853049,71.3936937585,62.9752596481,49.8680555556,51.3955381147,83.8008333333
310841000,train,FUTURE_0_7D,GR CHQ,GRCHQ,22.3866666667,4,34.593213987,51.829009838,31.9831121816,59.4566850306,31.1137891965,48.3297222222,14.0077442861,38.3211111111
311000231,train,PAST_GT24H,IT SPA,ITSPA,-125.627222222,3,-52.5872402284,-150.985646991,-88.6524708882,-414.835565801,-93.8160952536,48.3297222222,5.78702471218,-186.653611111
311000451,train,PAST_GT24H,ITSPA,ITSPA,-434.634444444,3,-58.8587013817,-173.276008681,-64.1355574334,66.7916610594,-126.635750144,-128.626666667,8.33329104535,-186.653611111
311000516,train,FUTURE_0_7D,LYESI>HROMI,HROMI,43.0938888889,3,45.9136939291,42.7904045139,44.7754306485,19.8136246982,11.7741804007,48.3297222222,110.412573185,40.7847222222
311000621,train,FUTURE_0_7D,KOPER,KOPER,60.9886111111,1,55.9761015317,52.0225040509,49.2675329679,45.1586035979,37.3566041548,46.6986111111,45.7666684219,34.4072222222
311001060,train,FUTURE_0_7D,MALTA,AMBIGUOUS:MALTA,5.45166666667,3,50.680170443,43.4497355324,72.8077250848,47.3563243721,65.8040032185,6.19583333333,57.5837499162,3.05555555556
311001144,train,FUTURE_0_7D,GIGIB 0004,TEXT:GIGIB 0004,103.049722222,4,86.3933860599,94.980181713,99.1677163045,166.784137721,84.1243973231,48.3297222222,3.4254295376,55.225
311085000,train,FUTURE_0_7D,IT CRV,ITCRV,10.5536111111,1,43.8892233965,574.228835069,40.6794867245,72.6388470512,68.0390282779,46.6986111111,41.0514864279,15.9166666667
311775000,calibration,FUTURE_0_7D,DZ AZW,DZAZW,77.9036111111,2,66.9958258871,238.504828125,89.8546174993,149.41096574,69.9208911098,49.8680555556,54.5669387038,83.8008333333
312107000,calibration,FUTURE_0_7D,TRIST,TRIST,52.7094444444,4,64.0344114664,58.729671875,47.0397460424,53.8556047279,42.8216617133,74.0866666667,-11.8107407737,50.2191666667
312120000,train,FUTURE_0_7D,IT TRI,ITTRI,17.4525,3,33.1125503502,105.733490162,39.6231686148,163.344017994,31.0029778973,48.3297222222,34.7458101555,18.5783333333
312333000,calibration,FUTURE_0_7D,ES CAS,ESCAS,121.9675,4,82.9729608285,84.2091898148,95.2080893098,21.6681477325,60.5035445463,48.3297222222,62.9042767319,72.305
314001113,train,FUTURE_7_14D,GB PTB,GBPTB,272.909722222,1,73.6354210391,79.5641006944,85.7441071749,29.5689375733,78.3085050257,46.6986111111,59.0595356646,230.653333333
314432000,train,FUTURE_0_7D,ITPNG,ITPNG,38.3425,1,45.9154536096,-334.121019097,40.4483549615,-44.3990609267,-58.932381974,46.6986111111,42.5517440251,26.4025
314496000,train,FUTURE_0_7D,ITRAN,ITRAN,59.7291666667,4,41.4308687743,49.502947338,48.7410457991,39.6819919382,25.0662286071,57.3427777778,45.0273374842,55.1116666667
314509000,train,FUTURE_0_7D,MTMLA,MTMLA,4.225,2,17.0880212419,5.33109664352,7.05509987586,-146.193908883,36.2074637531,3.91222222222,18.9530121623,45.0263888889
314652000,calibration,PAST_GT24H,ORDER,FOR_ORDERS,-270.887777778,4,54.9312176927,191.488821759,53.0020341941,205.901792401,60.1938905701,-2439.34805556,27.2291401907,232.388333333
314900000,train,FUTURE_0_7D,ROCND,ROCND,94.1419444444,4,50.2840831276,70.7936990741,49.8235956106,71.6097812688,6.03054962697,91.7725,-16.2839895731,50.2191666667
319076100,train,FUTURE_0_7D,IT TAR,ITTAR,17.3766666667,3,13.4136364539,-45.7604346065,14.2815616943,18.9079468304,3.45892651616,16.7352777778,40.1362443264,13.5269444444
319301000,train,FUTURE_0_7D,TOROS GABRE,TEXT:TOROS GABRE,87.4213888889,1,63.577132955,62.1374334491,57.8287340713,47.4916855078,43.3175676415,46.6986111111,54.862513052,54.0963888889
338619000,train,FUTURE_0_7D,EGPSD,EGPSD,50.7580555556,3,52.6526647961,59.0060989583,75.4576285982,-70.1622443548,53.0600541786,64.0183333333,55.4135975611,67.3097222222
351656000,train,FUTURE_0_7D,ROCND,ROCND,91.7725,3,50.6907612623,62.1952887731,42.8223110639,17.9418708218,36.219631254,94.1419444444,41.2018123694,38.3211111111
352001323,train,FUTURE_0_7D,ITNAP,ITNAP,18.59,2,33.328055633,39.5649461806,43.8821811767,33.3571273454,39.7317158141,15.9166666667,35.4907486583,38.3283333333
352001352,train,FUTURE_0_7D,GIBRALTAR,GIGIB,81.3805555556,4,93.9814320619,86.7816510417,123.018605301,116.484220137,85.7880178084,87.8477777778,84.6423591692,85.6202777778
352002170,calibration,FUTURE_0_7D,ITBRI,ITBRI,31.0708333333,0,56.0022814304,64.4425896991,50.8102605579,27.606718115,48.5792152174,50.8336111111,48.1272574113,46.4047222222
352002243,train,FUTURE_7_14D,BALTIC SEA FOR ORDER,FOR_ORDERS,303.231666667,2,88.6728831038,245.493182292,217.078678283,277.118536612,74.0946125263,274.720555556,80.9067568326,89.0002777778
352002310,train,FUTURE_0_7D,MACAS,MACAS,104.6475,0,79.7669613408,159.330546296,99.3599009385,177.058185228,81.202039209,78.1888888889,58.5689966423,121.198611111
352002473,calibration,FUTURE_0_7D,ALIAGA TURKEY,TEXT:ALIAGA TURKEY,54.0963888889,3,66.9209802144,108.777826389,50.9663266252,53.455210698,60.9242596269,48.3297222222,58.9997005986,75.9841666667
352003272,train,FUTURE_0_7D,ESBCN,ESBCN,53.6988888889,1,90.2130019349,179.708126157,107.560753654,146.858748206,90.3668351944,46.6986111111,89.1747369237,84.0602777778
352003495,calibration,FUTURE_7_14D,NL RTM,NLRTM,214.046666667,1,72.8931722175,128.140006944,77.9313913221,69.1713145226,136.998802602,46.6986111111,71.0942856486,90.6833333333
352004307,train,FUTURE_0_7D,GIGIB,GIGIB,111.593333333,2,83.3126076936,95.8778755787,91.011966699,171.925905809,74.1876245944,93.2358333333,78.4244116098,71.5641666667
352004590,train,FUTURE_0_7D,LB SEL,LBSEL,71.5641666667,0,70.9799003462,84.18346875,70.7678710319,61.0119376904,65.1331856128,50.8336111111,59.7618476685,58.6833333333
352004593,train,FUTURE_7_14D,BALTIC SEA FOR ORDER,FOR_ORDERS,274.720555556,4,85.5206974495,238.179270833,146.242371385,197.926663138,96.1522459477,303.231666667,85.7357466982,318.020277778
352004690,train,FUTURE_14_30D,P P URUGUAY,TEXT:P P URUGUAY,533.3925,1,87.9067991241,191.603502315,161.340549839,213.665128398,93.4561701481,46.6986111111,85.8514194642,95.2236111111
352004810,train,FUTURE_0_7D,GI GIB,GIGIB,74.8519444444,3,84.6227514884,89.782384838,106.479783372,-35.3443871101,91.1103682434,91.9708333333,91.4092513439,81.3805555556
352005357,train,FUTURE_7_14D,SKAGEN,TEXT:SKAGEN,250.311388889,0,88.4215804812,192.887385995,112.551141777,151.718209506,70.652100968,50.8336111111,50.5693025886,78.9519444444
352005660,train,FUTURE_0_7D,GIBRALTAR FOR ORDERS,FOR_ORDERS,84.285,3,84.8784000763,265.232516782,135.855943931,172.350855003,119.720362867,48.3297222222,87.829512264,318.020277778
352006086,train,FUTURE_0_7D,TRTEK,TRTEK,74.6733333333,0,61.1449323968,74.0863402778,50.4913418252,57.0997719937,54.4786001796,50.8336111111,56.5505291903,75.5544444444
352506000,train,FUTURE_14_30D,SGSIN PEBGA,TEXT:SGSIN PEBGA,640.108888889,4,63.1775695833,88.5966047454,46.4930091092,60.1777857869,67.8711587609,48.3297222222,78.3310328065,45.0263888889
352604000,train,FUTURE_0_7D,EG EDK,EGEDK,70.1394444444,0,71.8688318339,82.5078350694,57.7035007966,50.511274001,61.1783644452,50.8336111111,61.6360038421,68.2436111111
353589000,calibration,FUTURE_0_7D,PORT SAID,EGPSD,67.3097222222,0,65.3379429723,66.6246493056,54.1344384054,14.1764892284,51.1902474733,66.6188888889,63.8531562327,52.7875
354562000,train,FUTURE_0_7D,TRAMR,TRAMR,58.2997222222,4,52.4891748134,64.2503917824,54.2192315762,21.3267109751,35.1134765119,48.3297222222,44.4106438963,59.8719444444
355860000,train,FUTURE_0_7D,ITVCE,ITVCE,57.4363888889,4,54.3083641885,53.161853588,38.0057372696,17.3489349889,36.3581300054,67.7025,44.7110810283,43.6044444444
356324000,calibration,FUTURE_0_7D,ITGOA,ITGOA,55.225,0,72.4423983459,55.6116435185,82.485427392,40.6550334181,52.3694190316,46.4047222222,65.6489162002,46.4047222222
356680000,train,FUTURE_0_7D,ISKENDERUN,TEXT:ISKENDERUN,75.5544444444,3,62.0082589181,106.356524306,54.2834044153,44.1696786646,76.7487218725,48.3297222222,56.6179808263,70.1394444444
356755000,train,FUTURE_0_7D,GIBRALTAR,GIGIB,90.5836111111,3,90.2692711356,77.2524270833,92.4432735109,45.6214177842,71.1017209886,81.3805555556,98.2342996768,81.3805555556
356794000,train,FUTURE_0_7D,MTMLA,MTMLA,11.7391666667,4,9.52573993225,-98.2820810185,3.10267181159,-138.480535428,-7.81632960017,3.93583333333,1.29614968136,5.33888888889
357463000,train,FUTURE_0_7D,GRPIR>>>ITGOA,ITGOA,50.9091666667,3,39.9053001419,39.4581006944,54.2043222421,30.8135061169,65.5875862264,48.3297222222,29.4799068516,44.4341666667
357983000,train,FUTURE_0_7D,ES VLC,ESVLC,44.8425,3,70.1217445514,-1454.34026042,128.85166891,-119.806147696,100.480062139,48.3297222222,94.2599127988,90.6488888889
372119000,train,FUTURE_0_7D,PORT SAID,EGPSD,66.6188888889,2,57.4380077736,67.2137991898,56.2478655616,71.6701251467,52.4589701086,67.3097222222,66.496736429,75.9841666667
372668000,train,FUTURE_0_7D,DZAZW,DZAZW,59.9638888889,1,90.277482034,190.768325231,131.427362867,201.665683506,85.5660658868,46.6986111111,77.6195216122,72.7880555556
373026000,train,PAST_GT24H,ITAUG,ITAUG,-36.7822222222,1,-57.4470260706,-117.777497106,-70.1645435502,-360.609070026,-75.3300113543,-45.30125,-93.7307836115,-79.6436111111
373808000,train,FUTURE_0_7D,FOR ORDERS,FOR_ORDERS,18.7561111111,1,62.2276079448,73.7420486111,60.2099274146,-130.644891019,86.0452475164,308.100833333,33.7307742478,84.285
374194000,train,PAST_GT24H,ORDER,FOR_ORDERS,-2439.34805556,2,58.0874004206,50.5189270833,64.8531547088,36.1616410669,55.3720691458,-270.887777778,33.051539252,74.6733333333
376304000,train,FUTURE_0_7D,HRZAD,HRZAD,45.8775,4,34.6730497937,59.6447696759,38.4142430108,-18.2462125441,31.2074636937,48.3297222222,40.0052994243,54.7930555556
403532001,train,FUTURE_0_7D,EG PSD,EGPSD,51.7697222222,3,55.4085597209,37.980755787,67.2900429437,-71.5973375786,50.2085263419,48.3297222222,56.0090235848,66.6188888889
403660000,calibration,FUTURE_0_7D,ES ALG,ESALG,83.1661111111,4,94.2164040976,88.837662037,99.9556994302,209.740848042,84.8618414482,98.5522222222,98.590146067,82.6511111111
428002000,train,FUTURE_0_7D,DAMIETTA,TEXT:DAMIETTA,81.0472222222,1,66.8139066294,67.4336805556,67.8093759292,81.3351331402,70.054147829,46.6986111111,57.4842178478,50.7580555556
431048000,train,FUTURE_14_30D,FOR ORDERS,FOR_ORDERS,426.029722222,2,85.1293881668,201.924980324,156.42055994,264.542860298,72.6907027093,90.6833333333,79.8805842871,89.0002777778
431476000,train,FUTURE_0_7D,TR DRC,TRDRC,49.2836111111,0,67.8560345452,43.1862528935,48.8760877555,50.800507269,57.8492355334,50.8336111111,56.3934492228,75.5544444444
440252000,train,FUTURE_0_7D,TRDRC,TRDRC,33.7158333333,0,63.9006970796,46.9353686343,54.5319296183,71.7504811719,65.49353344,92.2597222222,56.3368923722,75.5544444444
461000256,train,FUTURE_14_30D,FOR ORDER,FOR_ORDERS,391.848055556,1,85.8414589135,95.8966840278,100.371105249,219.405725927,104.367867488,47.5175,99.9712350764,90.6833333333
461000284,train,FUTURE_7_14D,FOR ORDER,FOR_ORDERS,334.89,2,85.9995992527,272.142034722,164.080263857,230.544071347,71.3355384937,20.9331944444,77.0202937486,81.3805555556
461000370,calibration,FUTURE_7_14D,FOR ORDERS,FOR_ORDERS,301.943611111,4,92.3624535348,275.229388889,125.445074962,228.465479695,105.305584136,316.139166667,118.134780534,328.807222222
477630800,train,FUTURE_0_7D,ES ALG,ESALG,98.5522222222,2,84.7726963348,-107.650987269,85.1974555193,257.327412137,66.5138550866,83.1661111111,79.9465854583,76.2652777778
477856500,train,FUTURE_0_7D,MALTA,AMBIGUOUS:MALTA,3.58555555556,3,40.9700679804,70.5487222222,74.7005845868,-65.9024993474,79.9058335827,6.19583333333,68.5022434017,3.05555555556
477963900,train,FUTURE_0_7D,MALTA,AMBIGUOUS:MALTA,3.05555555556,2,57.4563399212,45.9885914352,103.405878954,162.558077867,59.7594183631,5.45166666667,62.132988832,90.5836111111
511100560,train,FUTURE_0_7D,ITNAP,ITNAP,14.895,0,27.7038588533,24.8935607639,75.4697905609,0.485731716845,41.9008474081,17.2533333333,-38.141806297,18.59
538001657,train,FUTURE_0_7D,GR AST,GRAST,15.0325,0,50.450449,39.7231851852,49.9208026401,20.5654203953,44.112944125,50.8336111111,38.8973367958,34.4072222222
538002883,train,FUTURE_0_7D,TR ISK,TRISK,79.4730555556,3,64.3515092015,63.4293859954,71.0291572296,52.9955493254,75.8995694436,88.1566666667,58.6193799735,58.2141666667
538003678,train,PAST_GT24H,ITAUG>ITSPA,ITSPA,-186.653611111,4,-93.2270534835,-172.868739005,-133.191512163,-282.617394166,-127.66639051,48.3297222222,-27.8107470568,-139.610277778
538004518,calibration,FUTURE_0_7D,GI GIB>TR CKZ,TRCKZ,50.4611111111,0,52.3244689996,56.5368993056,55.8245151901,51.6296926229,51.2653900125,50.8336111111,54.8781272492,64.9925
538004558,train,FUTURE_0_7D,ITPFX,ITPFX,56.1919444444,2,59.6423992702,38.4928634259,63.4703077682,165.287977188,54.8920966761,32.6686111111,-56.7007629536,81.0472222222
538005330,calibration,FUTURE_0_7D,BRPMA>TRISK,TRISK,68.4872222222,2,71.8953058747,67.074806713,55.1347541738,42.9815991407,45.6690361529,49.8680555556,57.8595386717,52.7094444444
538005431,train,FUTURE_0_7D,MALTA,AMBIGUOUS:MALTA,5.76138888889,3,49.3264626946,27.0541244213,80.9326584591,-39.5644380383,72.293726388,6.19583333333,61.0557611875,3.05555555556
538005496,train,PAST_GT24H,IT SPA,ITSPA,-163.314166667,3,-56.8254992779,-172.104146991,-59.3790186318,-206.965709893,-130.370715273,48.3297222222,6.46395652769,-186.653611111
538005853,train,FUTURE_0_7D,IT PZL,ITPZL,6.67722222222,1,55.7009895701,99.8729461806,68.6879201944,120.303231717,75.9344545078,46.6986111111,46.5445169367,65.3591666667
538006774,train,FUTURE_0_7D,GIGIB,GIGIB,103.651111111,0,86.7575125403,81.4879282407,70.7604074218,83.4048807202,73.7053710058,84.1227777778,78.6811158078,90.5836111111
538007198,train,FUTURE_7_14D,GN KMR,GNKMR,234.348611111,3,45.9282610816,48.4604265046,67.890274426,171.857931735,106.076032131,48.3297222222,39.4286337053,22.8505555556
538007504,train,FUTURE_0_7D,TRYAR,TRYAR,73.2861111111,0,69.2360156315,71.364494213,66.8256608472,60.7823423074,65.71014942,54.0591666667,63.045871026,66.6188888889
538007511,calibration,FUTURE_0_7D,GIGIB,GIGIB,79.2452777778,2,83.9800258848,71.8369832176,82.0048026615,-39.8352396666,63.2589937082,93.2358333333,76.4212349106,90.5836111111
538007661,train,FUTURE_0_7D,TR ERE,TRERE,50.2191666667,1,64.1728985801,66.9748564815,51.9546425778,2.4379040007,35.7267656252,46.6986111111,55.7817104422,52.7094444444
538008070,train,FUTURE_0_7D,GIGIB,GIGIB,89.0002777778,3,97.8526204273,91.2086585648,108.686541422,138.754363839,82.2811100798,97.4713888889,87.2718297813,84.0602777778
538009008,train,FUTURE_7_14D,RU ULU,RUULU,334.990833333,4,94.9802211364,106.064090856,117.621996486,150.805898047,79.0430267753,48.3297222222,90.4643865916,69.5616666667
538009052,train,PAST_GT24H,MT MLA,MTMLA,-741.288611111,0,15.6054681561,-35.8454334491,3.32039605968,-179.6226655,49.4089756315,16.4616666667,49.5759913989,2.26111111111
538009159,train,FUTURE_0_7D,TR ISK,TRISK,88.1566666667,0,62.0468730045,60.2294340278,60.5900687771,-5.92999559882,60.8668933014,79.4730555556,-16.664182537,54.13
538009183,calibration,FUTURE_7_14D,PLGDN,PLGDN,284.9025,2,94.7346853904,100.114350116,204.084816857,281.527197872,81.6865734009,49.8680555556,86.0540393034,83.1661111111
538009214,calibration,FUTURE_0_7D,GIGIB,GIGIB,79.0844444444,1,78.0841062277,81.7762876157,72.0457291836,161.211153625,70.7250530871,89.0002777778,64.5557393946,81.3805555556
538009532,train,FUTURE_0_7D,GI GIB,GIGIB,91.9708333333,2,84.1303597901,89.2465445602,79.1845108393,70.5276510651,71.5961958466,74.8519444444,69.8770908884,90.6833333333
538009615,train,FUTURE_7_14D,ROTTERDAM,NLRTM,190.408611111,1,72.702672286,131.856308449,81.382494748,123.768598038,131.662355814,157.519166667,65.233286677,103.049722222
538009968,calibration,FUTURE_0_7D,EG PSD,EGPSD,68.2436111111,3,58.1156051271,65.1673877315,72.1628605968,24.8210003778,29.8513256879,48.3297222222,58.1385652221,67.3097222222
538009987,train,FUTURE_0_7D,GRPIR>GIGIB,GIGIB,84.0602777778,0,87.0652651591,79.4915532407,97.44882227,117.690609093,60.5228747211,50.8336111111,83.5790267862,79.2452777778
538010211,train,PAST_1_24H,ITSPA,ITSPA,-12.6144444444,3,-51.3935816672,-112.933547454,-76.6613697777,-297.385897993,-82.2568305839,-128.626666667,8.54460559842,-139.610277778
538010262,train,FUTURE_0_7D,TR GEB,TRGEB,64.9925,1,70.0387948046,56.5136371528,75.6438259752,19.4653228881,71.2252211277,46.6986111111,57.3381512904,70.1394444444
538010540,calibration,FUTURE_0_7D,GI GIB,GIGIB,96.8438888889,2,85.9857266988,90.1764855324,92.88427996,23.7490628735,49.663094621,74.8519444444,81.1417332502,115.341388889
538010653,train,FUTURE_0_7D,FOR ORDERS,FOR_ORDERS,90.6833333333,3,66.8638241591,211.551835069,86.7705905549,-20.006548243,116.396498176,314.258055556,63.1142416886,318.020277778
538010874,calibration,FUTURE_0_7D,MTMLA,MTMLA,2.93777777778,0,16.0179607038,-108.691726563,5.72480529231,-216.076551739,40.8363903553,3.88861111111,27.2291710742,2.26111111111
538011225,train,FUTURE_0_7D,ES VLC > ITTAR,ITTAR,13.5269444444,0,12.8463850479,20.8496747685,12.9385985325,6.65369617757,27.7872632484,50.8336111111,37.2300920409,19.4041666667
538011848,calibration,PAST_GT24H,FOR ORDERS,FOR_ORDERS,-79.6066666667,4,65.2221232285,79.1847181713,52.2396006932,59.0826726651,71.1950829738,316.139166667,59.9398230096,90.6833333333
538011969,train,FUTURE_0_7D,HR RJK,HRRJK,34.5391666667,3,31.0831063728,35.8462453704,27.9486580542,60.841246306,30.3025949279,48.3297222222,40.5476953803,35.1477777778
538012456,train,PAST_1_24H,FOR ORDER,FOR_ORDERS,-5.65111111111,1,-17.6734583082,256.600372106,-18.6357014639,-13.9713041971,42.8451589856,47.5175,36.8959415478,84.285
538071393,train,PAST_1_24H,ITSIR,ITSIR,-2.32222222222,2,-6.5028073113,-51.7069699074,9.4726856082,-336.302652186,30.000359605,49.8680555556,-35.4577571745,24.1022222222
538090701,train,FUTURE_7_14D,RULED,RULED,297.199444444,3,95.7758626587,145.426038194,169.335930796,206.76190967,94.8262346185,48.3297222222,88.1468204587,90.6488888889
544203120,train,FUTURE_0_7D,ESCAS,ESCAS,102.057222222,1,58.0851748659,61.948380787,49.9999238437,-22.0146481983,54.6247249624,46.6986111111,38.8399481646,40.9797222222
548651000,train,PAST_GT24H,IT AUG,ITAUG,-76.6530555556,4,-33.0743922318,-67.944896412,-0.530885105003,-260.254815781,-54.8292958288,-80.6244444444,-20.3783621046,-356.462777778
563003300,train,FUTURE_0_7D,NLRTM>EGSKT,EGSKT,46.5769444444,1,66.3520584935,40.2180121528,52.7134404439,34.2655648747,35.3002252223,46.6986111111,57.5612922611,65.5738888889
563162400,train,FUTURE_14_30D,USNSS,USNSS,372.982222222,1,83.4376392212,122.623310764,78.7852267242,92.5673576125,74.7761164714,46.6986111111,65.1886770431,79.1775
563186100,train,FUTURE_0_7D,ESALG,ESALG,82.6511111111,3,92.4883702838,-28.3317152778,101.509270986,146.455497463,92.429930327,90.6488888889,84.4380081999,90.6488888889
563205300,train,FUTURE_0_7D,BANDIRMA TR,TEXT:BANDIRMA TR,67.0344444444,3,37.2247366059,356.001741898,53.8078515269,60.4031328805,61.9693757677,48.3297222222,38.956306214,61.9911111111
563246500,calibration,PAST_GT24H,GIGIB,GIGIB,-654.671944444,2,91.2500868262,94.6675347222,87.86187461,-30.1728689615,67.3255743148,93.2358333333,83.8192795103,247.046944444
563279900,train,FUTURE_0_7D,ITLIV,ITLIV,34.4177777778,3,52.2522618354,-52.6475040509,42.4737719889,14.8462814305,51.4683847371,40.4125,51.5811707032,22.8505555556
563280700,train,FUTURE_0_7D,EGPSD,EGPSD,49.8680555556,3,53.3333793226,-7.84980497685,78.5109521542,-43.3890765377,47.514580089,64.0183333333,57.2586846561,67.3097222222
564724000,train,FUTURE_0_7D,AL DRZ,ALDRZ,14.0841666667,2,42.5273187027,42.6386585648,57.1479729883,43.278257379,48.1459890951,49.8680555556,48.0797703578,47.1522222222
565712000,train,FUTURE_0_7D,IT NAP,ITNAP,53.4486111111,0,46.1942156132,-70.166849537,111.59481094,-103.331966673,59.5459735567,18.4938888889,68.1924441965,18.59
566453000,train,FUTURE_0_7D,GIBRALTAR,GIGIB,83.8008333333,4,75.5036463388,-11.6010810185,77.4161804413,82.9216294024,84.9145218317,87.8477777778,76.066521306,79.0844444444
566579000,train,FUTURE_0_7D,MTMLA,MTMLA,3.88861111111,4,17.4784845401,-55.9527916667,33.3911216972,-118.828980164,21.5238306522,3.93583333333,36.9287860978,4.87833333333
566722000,train,FUTURE_0_7D,GRKLX,GRKLX,36.4436111111,4,38.3596353875,59.6366140046,54.7382947292,61.7179832647,63.844297497,21.8638888889,18.1679370342,9.765
577339000,train,FUTURE_0_7D,TRGEM,TRGEM,88.0297222222,4,-32.8480285442,-57.1144270833,-40.2741556767,-480.483899926,-70.28494512,48.3297222222,42.4264271172,-166.650833333
578001200,train,FUTURE_0_7D,MA VALLETTA,TEXT:MA VALLETTA,7.66361111111,4,42.2491392882,44.5646105324,35.5034573077,-16.3579331798,74.7121915653,48.3297222222,-18.5278809593,11.9605555556
605026210,train,FUTURE_0_7D,AL ROM,ALROM,34.4072222222,3,43.7995022349,43.3937008102,49.5378457485,44.7539343063,42.2034384271,48.3297222222,40.839572944,27.5930555556
605076070,train,FUTURE_0_7D,DZORN,DZORN,69.5616666667,2,87.653407008,62.8869641204,135.559073383,223.289833371,76.745673956,49.8680555556,92.4146593031,90.6833333333
613404821,train,FUTURE_14_30D,TALLINN,TEXT:TALLINN,368.455555556,1,93.2888914776,192.519903935,157.412067725,148.192391621,68.8144703164,46.6986111111,76.0216222062,96.8438888889
613471602,calibration,FUTURE_14_30D,PRIMORSK,TEXT:PRIMORSK,367.818333333,1,89.5767508177,200.370900463,123.97514037,177.009488391,76.9088571263,46.6986111111,55.7128690254,87.8477777778
613992601,train,FUTURE_0_7D,TRHAY,TRHAY,64.6044444444,2,63.5603482752,70.3139947917,54.3197608195,57.6911180137,53.7722484102,49.8680555556,57.1626354976,67.055
629009126,calibration,FUTURE_0_7D,ITMFR,ITMFR,96.3855555556,3,32.0503666566,211.249751157,33.278763482,189.875124489,41.0093321636,48.3297222222,34.3143144659,9.765
630001201,train,FUTURE_0_7D,LB BEY,LBBEY,29.0869444444,1,66.421756444,59.8699988426,56.5339206965,48.3747234571,95.2543335112,46.6986111111,58.3992627883,60.2488888889
636011638,train,FUTURE_0_7D,SUEZ EG,TEXT:SUEZ EG,63.5813888889,3,64.1332482687,58.2650480324,77.4554049719,-8.30429630155,77.2243200703,48.3297222222,54.076918523,79.1775
636012378,train,FUTURE_0_7D,DZ AZW>TR CKZ,TRCKZ,44.8680555556,2,62.6804607333,81.7633657407,63.8534327907,231.713532003,49.704563582,49.8680555556,55.0336614454,64.9925
636013095,train,FUTURE_0_7D,ITVCE,ITVCE,64.7330555556,1,54.1590710335,54.3620451389,45.1075915725,43.886811071,35.5948975014,64.0541666667,37.381135691,54.7930555556
636014168,train,FUTURE_0_7D,MTMAR,MTMAR,12.5461111111,2,13.7846775696,27.5344212963,12.5811548186,-261.685664045,39.8299183689,9.60361111111,28.8583898099,63.5813888889
636015710,train,FUTURE_0_7D,EG EDK,EGEDK,100.489444444,0,67.7548979413,70.8974722222,50.5888024317,40.7112387051,62.2421555943,50.8336111111,55.8553889722,64.9925
636015940,train,FUTURE_0_7D,DZSKI,DZSKI,38.6913888889,4,93.8773574878,150.702881944,150.094767496,148.826917578,69.0021516837,48.3297222222,73.9800282876,115.341388889
636016014,train,FUTURE_0_7D,GBPTI,GBPTI,94.4358333333,1,61.2994129692,47.6098802083,51.8685802961,42.3604899144,78.8266313669,46.6986111111,52.9101579628,54.0963888889
636016205,train,FUTURE_0_7D,ES TAR,ESTAR,45.0263888889,3,58.4759500203,120.263046875,80.0667431167,354.656812272,89.0620702221,48.3297222222,47.7200538849,25.0463888889
636017773,train,FUTURE_0_7D,GIBRALTAR,GIGIB,87.8477777778,3,95.9354397987,90.8075347222,94.456776146,13.187771711,80.6173270223,81.3805555556,89.2660726815,81.3805555556
636018276,train,FUTURE_0_7D,ITGIT,ITGIT,10.6444444444,1,3.99838566527,-57.4029548611,4.1095353327,-23.4370522769,0.572560825413,5.89166666667,28.5420178341,15.5044444444
636018323,train,FUTURE_0_7D,MTMAR SIKOP,TEXT:MTMAR SIKOP,47.1522222222,1,41.1944117179,31.0124305556,40.2617937952,43.2225122069,57.4452632961,46.6986111111,39.5887309784,22.0844444444
636018629,train,FUTURE_0_7D,IT CAG,ITCAG,47.7572222222,2,85.8381102489,72.4395428241,90.9571353943,230.354610096,67.3872362518,49.8680555556,75.5008110879,76.2652777778
636018926,calibration,FUTURE_0_7D,ESCEU,ESCEU,75.9636111111,4,89.7020367291,174.988195602,134.799585029,152.224320915,81.9069454882,48.3297222222,83.1386634878,59.9638888889
636019542,train,FUTURE_0_7D,EG DAM,EGDAM,65.5738888889,3,44.3743416216,81.6010462963,19.2636924427,70.7136482196,58.323013368,48.3297222222,59.3093005423,46.5769444444
636019819,train,FUTURE_0_7D,ESALG,ESALG,95.2236111111,2,93.0530668891,76.9309322917,109.221747152,225.022383146,71.7762359074,84.2765277778,87.6186386981,89.0002777778
636019983,train,FUTURE_GT30D,SGSIN,SGSIN,760.620833333,4,71.297717302,292.301338542,110.559153238,-80.0147416672,89.7454774866,48.3297222222,68.5661074451,53.6988888889
636020064,train,FUTURE_0_7D,EGPSW,EGPSW,70.4255555556,4,50.9172785577,61.6577037037,62.2880300616,61.6148050188,37.212362654,48.3297222222,44.5827428277,40.7847222222
636020328,train,FUTURE_0_7D,PT AVE,PTAVE,124.724722222,2,69.3482829629,106.321786458,189.737264319,243.802008486,66.8095086985,49.8680555556,77.5030787049,90.5836111111
636020540,train,FUTURE_0_7D,BG VAR,BGVAR,92.9991666667,1,61.545729861,57.3432662037,48.6300384675,42.9675962912,42.6764220553,46.6986111111,54.431535866,47.5175
636020938,calibration,FUTURE_0_7D,MACAS,MACAS,78.1888888889,1,82.2649648153,138.087724537,134.13963489,185.265327252,71.5948524265,104.6475,71.3285756209,124.724722222
636020986,calibration,FUTURE_0_7D,MAPTM EGPSE,TEXT:MAPTM EGPSE,61.695,1,61.1478197301,52.1811244213,65.1892956382,53.616211199,68.7722480633,46.6986111111,57.2850357381,70.1394444444
636021078,train,FUTURE_0_7D,ITGIT>LYMRA,LYMRA,25.8052777778,0,51.6664829554,54.9345399306,34.5612143034,174.869932682,41.7693689712,50.8336111111,42.2267294575,7.10861111111
636021161,train,FUTURE_7_14D,GBFXT,GBFXT,182.796111111,0,76.2925432891,259.328321181,111.459381466,180.580159301,74.1338818618,50.8336111111,73.9454432199,79.2452777778
636021246,train,FUTURE_0_7D,MARSAXLOKK,MTMAR,7.10861111111,4,10.2535838077,7.25694212963,8.33062624149,71.6327268018,17.3468558741,48.3297222222,31.2511791963,8.88638888889
636021362,train,FUTURE_0_7D,IT LVN VIA MESSINA,TEXT:IT LVN VIA MESSINA,22.8505555556,0,65.6288859315,160.039671875,98.8904286417,130.966945252,55.1502972879,50.8336111111,45.5542078681,34.4177777778
636021365,train,FUTURE_0_7D,ABU QIR,TEXT:ABU QIR,41.7258333333,3,46.9927688328,65.0165121528,84.1813704836,-61.7231702687,84.59680358,48.3297222222,51.1579520636,64.0183333333
636021513,train,FUTURE_0_7D,TR ZON,TRZON,81.255,0,65.5652282943,70.1270324074,53.8681325503,37.7193163966,52.5681681799,50.8336111111,61.4642729899,81.0472222222
636021596,train,FUTURE_0_7D,ITGIT>>>>>ITRAN,ITRAN,48.7227777778,4,37.970745956,43.9784103009,46.2653466836,-51.1913557127,22.646773741,48.3297222222,41.8387702701,55.1116666667
636021665,calibration,FUTURE_0_7D,ITTRS,ITTRS,41.3936111111,4,29.7865086244,-597.004212384,36.2982009177,-164.896610141,45.6141719474,-3742.03222222,32.1385949011,43.6044444444
636021700,train,PAST_GT24H,AUGUSTA,ITAUG,-356.462777778,3,-57.4725922982,-96.9278825231,-69.1033788421,-64.8646283238,-91.5875475419,-120.646388889,17.7601239552,-120.646388889
636021702,train,FUTURE_0_7D,ITBDS,ITBDS,17.0086111111,4,46.107136159,46.6527673611,45.3631445913,44.2274841898,43.0324514315,48.3297222222,40.057476757,47.1522222222
636021733,train,FUTURE_0_7D,IT TAR,ITTAR,16.7352777778,4,13.2192692621,-32.5682511574,20.0862718467,-48.9837545533,37.286926293,17.3766666667,38.9845043492,17.3766666667
636021739,train,FUTURE_0_7D,ITMEI,ITMEI,1.41805555556,1,55.1066142951,87.9334103009,44.1990969539,123.19621023,72.7541216255,46.6986111111,38.4293476534,38.3283333333
636021781,train,FUTURE_0_7D,TRCEY,TRCEY,76.2652777778,4,70.3075192731,67.6823512731,68.915067507,61.482973825,52.6507146461,48.3297222222,63.5988073769,37.5897222222
636022183,train,FUTURE_0_7D,MTMLA,MTMLA,3.93583333333,1,8.38196546073,-391.833950231,-1.4822339298,-289.283055557,36.6494412938,4.05680555556,37.9519105577,2.26111111111
636022522,train,FUTURE_0_7D,PORTSAID,EGPSD,75.9841666667,0,56.4815831419,59.0555231481,64.0741714967,41.6627719511,54.5652917969,50.8336111111,62.099606248,52.7875
636022541,train,FUTURE_0_7D,GRGPA,GRGPA,18.0111111111,2,40.9567780608,55.758296875,42.5122489936,42.8713073168,49.7664656613,49.8680555556,41.6104967707,35.1477777778
636022867,train,FUTURE_0_7D,TRTUZ,TRTUZ,67.5058333333,1,57.7143733884,82.8947991898,52.0493701987,-131.172837918,68.553863401,46.6986111111,54.0664900256,65.6369444444
636022905,train,FUTURE_0_7D,SI KOP,SIKOP,57.4680555556,0,38.0914611552,41.7771302083,34.225253533,29.0864502484,39.9840982766,50.8336111111,39.2808489957,47.1522222222
636023127,train,FUTURE_0_7D,ITSAL,ITSAL,14.9733333333,2,59.9537784674,184.235615162,88.07821713,228.528180807,65.9380305537,49.8680555556,45.1994626821,40.9797222222
636023250,train,FUTURE_0_7D,EGDAM,EGDAM,46.2247222222,0,63.0724896882,52.1135451389,48.395523488,74.4153427414,59.5472865622,50.8336111111,39.9447519714,54.0591666667
636023526,train,FUTURE_0_7D,SIKOP,SIKOP,38.3211111111,1,39.1526803997,49.2028483796,36.0793929713,227.885617121,55.561968811,46.6986111111,41.1176430367,40.9797222222
636023809,train,FUTURE_0_7D,GIBRALTAR,GIGIB,75.8911111111,0,85.8480138297,83.1660798611,75.8699073,104.880024937,71.4075687133,85.8243055556,74.2183721189,85.6202777778
636024336,calibration,FUTURE_14_30D,FIUMICINO ITALY,TEXT:FIUMICINO ITALY,711.461944444,1,58.3162014638,85.361134838,40.0861496262,67.9313685311,58.6564496723,46.6986111111,43.5734496708,38.3283333333
636024536,train,FUTURE_0_7D,IT GOA,ITGOA,52.4452777778,3,61.5365145889,57.3329971065,98.4044894478,90.522657404,104.55615627,48.3297222222,72.1855703052,46.4047222222
636024606,train,FUTURE_0_7D,DARDANELLES,TEXT:DARDANELLES,36.4069444444,3,62.5954561522,59.3584953704,75.1804619233,-59.8311194418,72.1824675305,48.3297222222,50.6671556004,74.0866666667
636024786,train,FUTURE_0_7D,EGPSD,EGPSD,74.3922222222,4,49.9785399478,63.1591898148,64.5318383545,2.22005890415,43.4096772221,60.2488888889,66.7194580325,51.7697222222
636024805,calibration,FUTURE_0_7D,TRIZT,TRIZT,27.5413888889,1,64.1878536776,43.9743559028,46.2434196166,56.4842023049,73.6799368203,46.6986111111,52.2073362559,71.5641666667
636024824,train,FUTURE_14_30D,US LCH,USLCH,647.133888889,4,93.0604384281,97.5160625,147.13978405,109.232801848,71.8639896877,48.3297222222,81.779068578,85.6202777778
636024855,train,FUTURE_0_7D,GIGIB,GIGIB,72.7880555556,3,93.9466355639,90.56384375,111.081730516,144.426512941,82.0502957268,97.4713888889,88.8821010192,84.0602777778
636024939,train,FUTURE_0_7D,ILASH,ILASH,54.13,2,54.131636894,45.7647251157,43.1153263165,52.2422925279,57.2546568342,49.8680555556,56.8924602959,65.5738888889
636025061,train,FUTURE_0_7D,ILHFA,ILHFA,58.6833333333,3,57.5645770208,49.4754363426,44.6522868366,146.39527247,86.0135232713,48.3297222222,53.8505043825,76.2652777778
636025888,calibration,FUTURE_0_7D,MALTA,AMBIGUOUS:MALTA,12.1338888889,2,39.7806406758,21.5372922454,52.4586046829,66.5745121503,56.2180840334,5.45166666667,27.57561326,59.5738888889
636025912,train,FUTURE_0_7D,GRKLX,GRKLX,21.8638888889,2,45.2673013604,45.5690387731,54.1254672478,49.3111593581,60.0431244667,36.4436111111,32.3063524995,70.1394444444
636092313,train,FUTURE_0_7D,US PEF > TR MRM,TRMRM,39.0594444444,0,68.327007821,62.6579646991,55.142545909,55.71156649,56.7297298379,50.8336111111,61.7496511153,81.0472222222
636092552,train,FUTURE_0_7D,ESALG,ESALG,90.6488888889,0,82.3775820633,75.4235075231,97.8813227246,109.960951784,44.4734950453,82.6511111111,78.6330734257,81.2930555556
636093132,train,FUTURE_0_7D,TRIST,TRIST,74.0866666667,0,63.4988852875,71.2513304398,42.8416103415,5.51089881029,57.5262973111,52.7094444444,-20.3993705346,47.5175
636093171,train,FUTURE_0_7D,MYTPP>EGPSE,EGPSE,46.4288888889,0,61.8646484876,62.0997349537,51.576455785,74.8940191357,52.3341868883,50.8336111111,57.3803901438,54.13
636093237,calibration,FUTURE_7_14D,BEGNE,BEGNE,208.744166667,4,84.7824137198,78.6089664352,70.6066634185,80.4785356002,52.2871664747,48.3297222222,67.4290373977,74.0866666667
636093368,train,FUTURE_0_7D,MYTPP>>EGPSD,EGPSD,52.7875,4,45.3429475091,54.9420341435,43.9883617087,11.9777975856,32.3797795832,48.3297222222,52.4015620791,51.7697222222
647553008,train,FUTURE_0_7D,SUEZ FOR ORDER,FOR_ORDERS,69.0719444444,0,63.7878773903,28.3832725694,59.6851858038,-31.8653262919,68.7976906239,50.8336111111,55.1589596738,303.231666667
667001639,calibration,FUTURE_0_7D,TR CKZ,TRCKZ,48.3297222222,2,63.2371401973,73.9767222222,69.4283383627,67.8086926787,57.2769930568,49.8680555556,56.3662168762,50.2191666667
667002240,train,FUTURE_0_7D,EGPSD,EGPSD,60.2488888889,2,50.4327147018,41.8222679398,73.0049864416,-34.4386075209,51.5831132055,64.0183333333,64.0603340326,43.8797222222
667002260,train,FUTURE_7_14D,FOR ORDERS,FOR_ORDERS,318.020277778,1,93.2140322504,230.584717014,135.182146637,180.37904985,96.0565626614,308.100833333,83.253552459,274.720555556
667002373,train,PAST_GT24H,W AFRICA,TEXT:W AFRICA,-128.244166667,2,72.2919478722,50.7516637731,83.6552299499,72.0919731263,74.0033997874,49.8680555556,55.373071782,78.9519444444
671500100,train,FUTURE_0_7D,FOR ORD,TEXT:FOR ORD,101.826388889,2,55.5817806541,75.6118547454,67.882320773,66.7515761781,54.3775403375,49.8680555556,53.9883706781,81.0472222222
671562100,train,FUTURE_0_7D,SHENGJIN,TEXT:SHENGJIN,40.6058333333,4,39.0336888603,47.0930856481,44.9067133487,-9.6625399479,40.0241486743,48.3297222222,34.4172987531,37.9788888889
672296000,train,FUTURE_0_7D,TN BIZ,TNBIZ,42.2341666667,2,64.0034614473,42.115072338,66.5371375339,193.963749274,54.9798611629,49.8680555556,56.3984928242,54.1683333333
677089900,train,FUTURE_0_7D,TR IST,TRIST,85.1122222222,0,65.9256443772,77.9258269676,48.3635405389,0.313405287855,53.4420988204,50.8336111111,56.046474968,81.0472222222
