outer_fold,family,config_id,n,mae_h,medae_h,rmse_h,p90_ae_h,p95_ae_h,within_24h,within_48h,within_72h,prediction_min_h,prediction_max_h,nonfinite_prediction_count,abs_gt_1y_prediction_count
0,catboost,cat_huber24_d4,308,215.98089613,20.6550896428,678.112978145,339.170899208,1737.33018101,0.522727272727,0.714285714286,0.75974025974,-51.2043705033,106.693450096,0,0
0,catboost,cat_mae_d4,308,243.68122338,48.3235588782,721.51891778,363.474195324,1319.7911354,0.347402597403,0.496753246753,0.613636363636,-1526.92539191,243.664624645,0,0
0,extra_trees,et_leaf2,308,224.105484419,34.2092774884,658.142457325,486.190781713,979.80034809,0.409090909091,0.574675324675,0.62987012987,-2424.27099884,1897.81083333,0,0
0,extra_trees,et_leaf5,308,281.281608635,58.7385780589,738.667778985,565.043263248,1323.90883104,0.295454545455,0.457792207792,0.571428571429,-1219.39197749,525.862642816,0,0
0,hist_gb,hgb_quant50_leaf20,308,218.527775871,26.6096264454,682.989896408,361.334096938,1743.38437267,0.480519480519,0.678571428571,0.75,-158.856300626,167.888271704,0,0
0,hist_gb,hgb_l1_leaf10,308,221.436287142,32.7466801095,688.799203429,285.374394923,1747.76894047,0.405844155844,0.62987012987,0.711038961039,-381.383634554,283.808871314,0,0
0,random_forest,rf_leaf6,308,280.657339583,78.872219959,721.051959807,578.954690694,1550.99351191,0.198051948052,0.347402597403,0.474025974026,-939.202268805,514.505199874,0,0
0,random_forest,rf_leaf3,308,282.55180855,61.0145021541,713.387819198,554.349185998,1354.58470692,0.246753246753,0.415584415584,0.542207792208,-1459.48833498,666.030182843,0,0
0,svr,svr_rbf_c10_e12,308,221.806721737,24.6850960267,679.486727924,358.967721949,1756.36794433,0.496753246753,0.701298701299,0.762987012987,-13.5886894326,82.6976648395,0,0
0,svr,svr_linear_c1_e24,308,223.063524799,31.2378323438,685.52940841,325.57252262,1696.84189263,0.409090909091,0.636363636364,0.720779220779,-223.601229687,172.322859156,0,0
1,catboost,cat_huber24_d4,309,201.64161843,23.2693376125,630.198430124,338.474663854,1205.97979704,0.514563106796,0.718446601942,0.773462783172,-87.0803180217,96.6107378496,0,0
1,catboost,cat_mae_d4,309,229.464635701,35.6779168982,658.671814452,405.535202515,981.758759737,0.368932038835,0.582524271845,0.647249190939,-1290.39823732,341.151962821,0,0
1,extra_trees,et_leaf2,309,245.29388552,44.8734554398,668.793474546,526.869011458,1379.89640035,0.346278317152,0.53074433657,0.611650485437,-2059.90174132,2031.43048264,0,0
1,extra_trees,et_leaf5,309,272.90777739,75.2031680101,678.925600848,588.021201421,1297.77833333,0.242718446602,0.427184466019,0.498381877023,-1446.43,662.099801323,0,0
1,hist_gb,hgb_quant50_leaf20,309,202.353618677,25.1094584004,632.258946418,335.492305811,1195.0542122,0.495145631068,0.686084142395,0.766990291262,-157.391370592,151.475519184,0,0
1,hist_gb,hgb_l1_leaf10,309,210.994428987,27.853364417,645.317225115,334.189268101,1197.76518192,0.436893203883,0.640776699029,0.721682847896,-749.184150111,245.189199579,0,0
1,random_forest,rf_leaf6,309,248.455277959,63.6982638478,673.489071975,397.296300372,1099.64330062,0.229773462783,0.381877022654,0.533980582524,-1116.94955016,426.377418988,0,0
1,random_forest,rf_leaf3,309,252.360978294,62.4623255997,669.916935606,443.193752152,1311.88418323,0.249190938511,0.414239482201,0.563106796117,-1368.51917701,571.659465924,0,0
1,svr,svr_linear_c1_e24,309,206.182130312,31.566011758,634.166882155,331.184052973,1168.62447183,0.375404530744,0.686084142395,0.766990291262,-212.822756241,162.354491202,0,0
1,svr,svr_rbf_c10_e12,309,207.361247865,26.391447743,631.131269,356.29289083,1242.85804914,0.456310679612,0.699029126214,0.754045307443,-36.3009687877,81.8825236825,0,0
2,catboost,cat_huber24_d4,309,186.264615702,22.8726099056,635.613550213,301.631018615,641.475170795,0.511326860841,0.721682847896,0.779935275081,-99.6602516257,105.452947653,0,0
2,catboost,cat_mae_d4,309,198.036725594,30.1193418523,634.127659887,308.320825003,636.95370069,0.417475728155,0.618122977346,0.686084142395,-469.426233983,317.920162276,0,0
2,extra_trees,et_leaf2,309,209.968888355,29.6793501157,612.419005216,443.144997917,948.511404977,0.436893203883,0.595469255663,0.676375404531,-1808.5409375,2363.58226215,0,0
2,extra_trees,et_leaf5,309,258.833649644,45.6124846492,676.660275325,575.356683087,1097.23774454,0.336569579288,0.504854368932,0.588996763754,-981.234959976,1178.15533064,0,0
2,hist_gb,hgb_l1_leaf10,309,186.760379838,26.5942297705,635.06190337,278.467529893,614.345378255,0.453074433657,0.68284789644,0.763754045307,-151.34749842,220.593261061,0,0
2,hist_gb,hgb_quant50_leaf20,309,187.456488816,25.0279922045,634.916052199,310.674399654,638.777532698,0.491909385113,0.676375404531,0.763754045307,-100.352439559,147.487248867,0,0
2,random_forest,rf_leaf6,309,235.441301146,77.4016360713,652.088796774,353.697857483,647.565262364,0.226537216828,0.388349514563,0.491909385113,-442.047022907,445.4958232,0,0
2,random_forest,rf_leaf3,309,236.1343142,54.2473644668,640.509135488,437.8004085,640.660913303,0.278317152104,0.472491909385,0.537216828479,-607.201655858,700.799790947,0,0
2,svr,svr_rbf_c10_e12,309,190.980282418,24.7371205055,635.777936846,313.358918384,644.656347014,0.488673139159,0.702265372168,0.770226537217,-41.1952055837,79.4458037899,0,0
2,svr,svr_linear_c1_e24,309,191.830082967,31.8805718837,637.454933942,292.364350777,654.798277727,0.404530744337,0.686084142395,0.763754045307,-343.624714609,124.339799974,0,0
3,catboost,cat_huber24_d4,309,230.451895483,24.2810660377,707.929021869,365.847920722,1967.42503098,0.498381877023,0.711974110032,0.763754045307,-56.4319667074,110.351911035,0,0
3,catboost,cat_mae_d4,309,247.947416949,45.7952444048,714.598333411,419.701216876,1839.22035174,0.326860841424,0.508090614887,0.621359223301,-877.929660824,283.509547791,0,0
3,extra_trees,et_leaf2,309,259.249115095,44.1498472222,693.215664059,540.328857523,920.01165706,0.355987055016,0.517799352751,0.588996763754,-2474.32305556,1897.81083333,0,0
3,extra_trees,et_leaf5,309,307.042776204,83.3607273107,760.841372408,587.317054147,1582.961078,0.233009708738,0.411003236246,0.466019417476,-946.649691187,879.305020658,0,0
3,hist_gb,hgb_l1_leaf10,309,227.728954839,25.2609683262,709.727184594,356.842931039,1947.91044547,0.459546925566,0.686084142395,0.763754045307,-146.183579356,241.604016664,0,0
3,hist_gb,hgb_quant50_leaf20,309,228.58180219,24.220011593,708.156027202,349.578571468,1943.51832205,0.498381877023,0.695792880259,0.747572815534,-71.6890576039,209.044842843,0,0
3,random_forest,rf_leaf6,309,291.877733763,79.583868823,732.608076289,532.708483288,1886.59976099,0.229773462783,0.394822006472,0.46925566343,-633.358030336,698.317057332,0,0
3,random_forest,rf_leaf3,309,292.082043822,79.0979783278,720.358718527,562.551242472,1682.67278308,0.226537216828,0.388349514563,0.478964401294,-1068.50881939,738.592594972,0,0
3,svr,svr_linear_c1_e24,309,234.649830515,30.4573951029,712.115679024,391.695573079,2001.56902274,0.414239482201,0.656957928803,0.757281553398,-233.874330906,167.955089058,0,0
3,svr,svr_rbf_c10_e12,309,236.434840452,28.658793858,710.070788293,383.673717087,1970.48084879,0.436893203883,0.686084142395,0.754045307443,-23.0013044161,81.8573024979,0,0
4,catboost,cat_huber24_d4,309,160.32243752,21.5508821115,536.603435175,261.812110301,705.174472891,0.53074433657,0.741100323625,0.789644012945,-82.745148854,103.753341867,0,0
4,catboost,cat_mae_d4,309,174.638394894,32.6872536761,535.770702415,301.477044472,700.863473953,0.391585760518,0.608414239482,0.666666666667,-849.71023615,205.560543492,0,0
4,extra_trees,et_leaf2,309,197.854960177,36.0104641204,544.533455715,457.364838889,832.740351852,0.388349514563,0.553398058252,0.640776699029,-1955.50035127,1805.90196759,0,0
4,extra_trees,et_leaf5,309,198.172413652,52.3985321938,536.597378641,375.848477802,754.971009847,0.294498381877,0.472491909385,0.582524271845,-1248.44732161,295.415436547,0,0
4,hist_gb,hgb_quant50_leaf20,309,160.36511783,22.9504230282,536.574590369,251.319685794,701.392315466,0.521035598706,0.731391585761,0.789644012945,-109.514086053,143.003662389,0,0
4,hist_gb,hgb_l1_leaf10,309,160.718172575,25.8258468123,534.877518597,233.955234913,695.893663577,0.466019417476,0.68932038835,0.770226537217,-265.203171763,211.162317962,0,0
4,random_forest,rf_leaf6,309,209.580789545,62.4697185537,541.227204569,422.116953798,695.061801347,0.239482200647,0.404530744337,0.546925566343,-846.932227406,358.694140601,0,0
4,random_forest,rf_leaf3,309,210.728668323,66.990591289,548.334843954,407.105712096,714.080533306,0.275080906149,0.427184466019,0.521035598706,-1023.4923952,412.75519919,0,0
4,svr,svr_linear_c1_e24,309,161.438244163,27.2293159046,533.882167139,243.560922976,698.364733789,0.453074433657,0.705501618123,0.796116504854,-186.623352803,132.342891725,0,0
4,svr,svr_rbf_c10_e12,309,165.541206903,23.4537531467,539.996882655,267.72482825,692.027610329,0.511326860841,0.724919093851,0.783171521036,-34.0899524067,82.2462902976,0,0
