mmsi,m16a_outer_fold,target_tte_h,m16g_selected_meta_id,m16g_selected_expert,ae_m16g_h,ae_best_single_h,delta_ae_h,m16g_wins
210627000,1,-20.6094444444,median_blend,BLEND_MEDIAN,110.914643564,146.041388889,35.126745325,True
210688000,4,54.3475,hist_gb_hard_gate,prior,9.3527893519,133.991111111,124.638321759,True
212690000,3,-0.651944444444,extra_trees_hard_gate,tabular,62.1170036696,36.1302777778,-25.9867258918,False
215035000,1,43.6044444444,median_blend,BLEND_MEDIAN,0.0675887231,8.3093183843,8.2417296612,True
215054000,3,12.3469444444,extra_trees_hard_gate,tabular,74.1888111788,199.000555555,124.811744377,True
215178000,4,84.3366666667,hist_gb_hard_gate,route,8.7822222223,8.7822222223,0,False
215232000,0,-100.135833333,rf_hard_gate,route,82.7738888886,82.7738888886,0,False
215270000,2,69.0805555556,extra_trees_hard_gate,prior,19.2125,4.3475,-14.865,False
215282000,1,64.0183333333,median_blend,BLEND_MEDIAN,4.271026936,1.0701723649,-3.2008545711,False
215481000,4,97.6213888889,hist_gb_hard_gate,physics_gate,1.2438791575,1.2438791575,0,False
215498000,0,-117.643055556,rf_hard_gate,route,45.671111111,45.671111111,0,False
215826000,0,70.8777777778,rf_hard_gate,prior,20.0441666667,43.5638888889,23.5197222222,True
215867000,4,61.9911111111,hist_gb_hard_gate,physics_gate,0.4812906734,0.4812906734,0,False
215909000,2,9.765,extra_trees_hard_gate,route,8.7288888889,8.7288888889,0,False
215958000,4,27.3138888889,hist_gb_hard_gate,route,8.7355555556,8.7355555556,0,False
215993000,4,22.0844444444,hist_gb_hard_gate,route,32.7086111112,32.7086111112,0,False
219028212,1,78.6966666667,median_blend,BLEND_MEDIAN,26.1506795925,25.9872222223,-0.1634573702,False
219031822,1,9.26722222222,median_blend,BLEND_MEDIAN,27.2952172241,12.0002777778,-15.2949394463,False
219110000,1,175.056111111,median_blend,BLEND_MEDIAN,117.5425,117.5425,0,False
219133000,2,58.2141666667,extra_trees_hard_gate,route,5.4266666667,5.4266666667,0,False
219210000,0,692.941388889,rf_hard_gate,route,390.997777778,390.997777778,0,False
219303000,0,1.77916666667,rf_hard_gate,physics_gate,3.27361049371,3.27361049371,0,False
219432000,0,-79.6436111111,rf_hard_gate,route,42.8613888889,42.8613888889,0,False
219550000,2,6.19583333333,extra_trees_hard_gate,prior,24.6510478381,86.0638888889,61.4128410508,True
219608000,0,41.2513888889,rf_hard_gate,physics_gate,2.867144318,2.867144318,0,False
228481700,3,57.5136111111,extra_trees_hard_gate,physics_gate,0.6673587928,0.6673587928,0,False
229331000,1,1.55583333333,median_blend,BLEND_MEDIAN,2.56755627903,4.42983478028,1.86227850125,True
229370000,3,65.5713888889,extra_trees_hard_gate,route,5.9975,5.9975,0,False
229412000,1,68.0102777778,median_blend,BLEND_MEDIAN,2.6511111111,2.6511111111,0,False
229456000,0,85.9019444444,rf_hard_gate,physics_gate,2.4539482102,2.4539482102,0,False
229471000,0,256.149722222,rf_hard_gate,tabular,167.789924079,2122.1025,1954.31257592,True
229548000,0,-3047.71833333,rf_hard_gate,physics_gate,3097.67467555,3097.67467555,0,False
229648000,1,68.2094444444,median_blend,BLEND_MEDIAN,22.3741666667,22.3741666667,0,False
230723000,2,37.9788888889,extra_trees_hard_gate,prior,11.8891666667,7.8986111111,-3.9905555556,False
232012490,0,205.648333333,rf_hard_gate,tabular,105.6595645,132.860277777,27.2007132772,True
232026551,0,26.8955555556,rf_hard_gate,prior,23.9380555555,27.1636111111,3.2255555556,True
232058998,3,85.6202777778,extra_trees_hard_gate,physics_gate,1.4580791272,1.4580791272,0,False
232061535,0,4.87833333333,rf_hard_gate,physics_gate,0.54604305499,0.54604305499,0,False
232062004,0,290.709722222,rf_hard_gate,route,60.056388889,60.056388889,0,False
232063279,3,502.520555556,extra_trees_hard_gate,route,199.288888889,199.288888889,0,False
235010170,4,27.5930555556,hist_gb_hard_gate,route,6.8141666666,6.8141666666,0,False
236623000,0,38.715,rf_hard_gate,tabular,0.4102254903,193.673333333,193.263107843,True
238066000,0,30.7016666667,rf_hard_gate,prior,18.8380015432,41.6033333333,22.7653317901,True
240544000,1,50.1938888889,median_blend,BLEND_MEDIAN,9.4091666667,9.4091666667,0,False
240633000,3,115.341388889,extra_trees_hard_gate,physics_gate,19.0318159707,19.0318159707,0,False
240788000,2,40.0636111111,extra_trees_hard_gate,prior,9.8044444445,14.2583333333,4.4538888888,True
240878000,4,428.973333333,hist_gb_hard_gate,tabular,316.200322168,359.901388889,43.7010667206,True
240893000,3,298.963611111,extra_trees_hard_gate,prior,250.633888889,288.813333333,38.1794444444,True
240942000,1,18.4938888889,median_blend,BLEND_MEDIAN,5.5217361392,0.6105091295,-4.9112270097,False
241287000,0,390.611388889,rf_hard_gate,route,396.2625,396.2625,0,False
241298000,4,40.9797222222,hist_gb_hard_gate,route,6.5619444444,6.5619444444,0,False
241618000,1,175.416666667,median_blend,BLEND_MEDIAN,81.5776664257,80.1930555559,-1.3846108698,False
241689000,2,232.388333333,extra_trees_hard_gate,tabular,61.91613194,148.103333333,86.187201393,True
241745000,0,48.4636111111,rf_hard_gate,tabular,115.702790327,254.768055556,139.065265229,True
241751000,4,32.6686111111,hist_gb_hard_gate,prior,13.1608603395,16.2069444444,3.0460841049,True
241859000,1,42.1702777778,median_blend,BLEND_MEDIAN,18.1409304947,20.0858333334,1.9449028387,True
241929000,2,91.735,extra_trees_hard_gate,tabular,11.501229976,44.2175,32.716270024,True
241953000,3,26.4461111111,extra_trees_hard_gate,physics_gate,1.6747075292,1.6747075292,0,False
242494400,4,-3043.85944444,hist_gb_hard_gate,route,3046.12055555,3048.15598966,2.03543410761,True
244090800,3,33.0186111111,extra_trees_hard_gate,route,7.2133333333,7.2133333333,0,False
244865000,1,54.1683333333,median_blend,BLEND_MEDIAN,40.1966166679,50.4791666667,10.2825499988,True
245278000,2,230.653333333,extra_trees_hard_gate,tabular,108.039257838,109.454722222,1.415464384,True
246518000,1,18.9361111111,median_blend,BLEND_MEDIAN,12.2775685882,7.0532853244,-5.2242832638,False
247018700,4,47.5175,hist_gb_hard_gate,tabular,11.3287899019,8.8025,-2.5262899019,False
247045300,4,10.7030555556,hist_gb_hard_gate,physics_gate,1.25485066751,1.25485066751,0,False
247055200,2,30.1,extra_trees_hard_gate,physics_gate,1.0040010971,1.0040010971,0,False
247069600,1,27.925,median_blend,BLEND_MEDIAN,61.5021340906,76.7225,15.2203659094,True
247077700,4,-595.088611111,hist_gb_hard_gate,physics_gate,597.662701599,597.662701599,0,False
247095300,0,42.1283333333,rf_hard_gate,physics_gate,2.6446766423,2.6446766423,0,False
247100900,0,-136.652222222,rf_hard_gate,route,64.961666667,64.961666667,0,False
247101700,4,-2010.43222222,hist_gb_hard_gate,route,1870.82194444,2013.70267418,142.880729742,True
247104500,3,30.8516666667,extra_trees_hard_gate,physics_gate,1.8761786168,1.8761786168,0,False
247131100,3,-201.613888889,extra_trees_hard_gate,tabular,156.538486204,164.831666667,8.2931804624,True
247144750,4,-2424.53972222,hist_gb_hard_gate,route,29.05166666,29.05166666,0,False
247147120,2,-2422.87055556,extra_trees_hard_gate,prior,2472.73861112,2259.55638889,-213.182222223,False
247153450,4,2378.25222222,hist_gb_hard_gate,tabular,2335.51252816,2122.1025,-213.410028164,False
247176900,3,23.0305555556,extra_trees_hard_gate,prior,25.2991666666,40.4625,15.1633333334,True
247219700,3,15.9166666667,extra_trees_hard_gate,physics_gate,2.6234452436,2.6234452436,0,False
247231200,4,2885.25,hist_gb_hard_gate,tabular,2811.33204865,2831.08166667,19.7496180145,True
247241800,0,-10.6105555556,rf_hard_gate,route,4.96833333338,4.96833333338,0,False
247268300,4,229.347777778,hist_gb_hard_gate,tabular,300.220842667,291.997777778,-8.2230648893,False
247278300,1,3786.35444444,median_blend,BLEND_MEDIAN,3866.23481334,3907.00083333,40.7660199847,True
247282600,3,-2.3475,extra_trees_hard_gate,physics_gate,4.65959655775,4.65959655775,0,False
247296500,2,40.4125,extra_trees_hard_gate,prior,9.4555555556,28.4252777778,18.9697222222,True
247298300,3,-393.143611111,extra_trees_hard_gate,prior,314.289420929,330.493611111,16.2041901822,True
247305480,2,-2525.77555556,extra_trees_hard_gate,prior,2575.64361112,2425.63972223,-150.003888889,False
247306670,1,-2395.48805556,median_blend,BLEND_MEDIAN,649.95167583,29.05166666,-620.90000917,False
247310200,2,25.0463888889,extra_trees_hard_gate,route,14.8961111111,14.8961111111,0,False
247313600,2,54.7930555556,extra_trees_hard_gate,route,32.7086111112,32.7086111112,0,False
247319800,0,11.9872222222,rf_hard_gate,prior,38.8463888889,6.9488888889,-31.8975,False
247324900,2,11.9605555556,extra_trees_hard_gate,route,1.8102777778,1.8102777778,0,False
247333600,4,4084.76305556,hist_gb_hard_gate,route,4147.41305556,4147.41305556,0,False
247343900,2,-2457.65333333,extra_trees_hard_gate,tabular,2348.90421471,2437.04388889,88.1396741716,True
247349400,0,-648.636388889,rf_hard_gate,route,631.274444445,631.274444445,0,False
247351700,4,4051.84972222,hist_gb_hard_gate,route,4253.46361111,4253.46361111,0,False
247355500,0,21.2675,rf_hard_gate,prior,29.5661111111,5.3508333333,-24.2152777778,False
247362500,2,-1851.15305556,extra_trees_hard_gate,prior,1901.02111112,1845.50194445,-55.5191666667,False
247382800,0,-2281.43333333,rf_hard_gate,physics_gate,2284.41228279,2284.41228279,0,False
247383400,4,32.5116666667,hist_gb_hard_gate,route,12.0772222222,12.0772222222,0,False
247392600,2,15.5044444444,extra_trees_hard_gate,physics_gate,0.8465399379,0.8465399379,0,False
247407900,2,1902.665,extra_trees_hard_gate,prior,1852.79694444,1923.27444444,70.4775,True
247408700,4,-120.646388889,hist_gb_hard_gate,route,41.0027777779,41.0027777779,0,False
247415100,0,-174.649444444,rf_hard_gate,route,169.007222222,169.007222222,0,False
247415600,2,18.5783333333,extra_trees_hard_gate,prior,31.2897222223,2.6891666667,-28.6005555556,False
247425900,3,-1542.90277778,extra_trees_hard_gate,tabular,1443.26385962,1506.12055556,62.8566959331,True
247426100,2,-166.650833333,extra_trees_hard_gate,prior,101.34663492,86.0263888886,-15.3202460317,False
247432200,0,24.1022222222,rf_hard_gate,route,16.9936111111,16.9936111111,0,False
247453600,2,-0.8875,extra_trees_hard_gate,route,16.8041666667,16.8041666667,0,False
247483800,1,-3742.03222222,median_blend,BLEND_MEDIAN,3781.05412406,3780.10839537,-0.9457286918,False
247488900,3,29.5083333333,extra_trees_hard_gate,tabular,74.7310572957,42.0558333334,-32.6752239623,False
247530400,0,39.3958333333,rf_hard_gate,physics_gate,0.8005422074,0.8005422074,0,False
248089000,1,26.3880555556,median_blend,BLEND_MEDIAN,4.2527553692,8.9355555556,4.6828001864,True
248105000,1,47.1530555556,median_blend,BLEND_MEDIAN,14.1756944445,27.8969444445,13.72125,True
248159000,2,6.3725,extra_trees_hard_gate,physics_gate,0.80515696296,0.80515696296,0,False
248333000,3,-27.9525,extra_trees_hard_gate,tabular,47.741717596,52.6719444444,4.9302268484,True
248422000,2,-738.6,extra_trees_hard_gate,physics_gate,744.69667571,744.69667571,0,False
248507000,3,68.9125,extra_trees_hard_gate,prior,9.2818904321,6.9213888889,-2.3605015432,False
249004000,1,43.8797222222,median_blend,BLEND_MEDIAN,18.7727306343,27.6844444445,8.9117138102,True
249022000,0,157.519166667,rf_hard_gate,physics_gate,71.0326514846,71.0326514846,0,False
249087000,4,-17.4319444444,hist_gb_hard_gate,tabular,28.397887099,375.711666667,347.313779568,True
249146000,4,-5.64222222222,hist_gb_hard_gate,tabular,51.0347048992,94.4936111108,43.4589062116,True
249172000,3,10.3208333333,extra_trees_hard_gate,physics_gate,2.4084056936,2.4084056936,0,False
249281000,4,-17.3619444444,hist_gb_hard_gate,route,157.2875,157.2875,0,False
249414000,2,2.26111111111,extra_trees_hard_gate,physics_gate,2.57618379973,2.57618379973,0,False
249433000,1,81.2930555556,median_blend,BLEND_MEDIAN,4.6963251482,3.5822339412,-1.114091207,False
249596000,0,10.1502777778,rf_hard_gate,physics_gate,1.73673958188,1.73673958188,0,False
249611000,1,97.4713888889,median_blend,BLEND_MEDIAN,13.6440591406,10.4847995873,-3.1592595533,False
249697000,1,92.2597222222,median_blend,BLEND_MEDIAN,38.4889834948,36.0677777778,-2.421205717,False
249742000,3,247.046944444,extra_trees_hard_gate,tabular,143.433590241,122.322222222,-21.111368019,False
249962000,2,79.1775,extra_trees_hard_gate,tabular,16.7483717441,2.9122222222,-13.8361495219,False
249974000,3,5.33888888889,extra_trees_hard_gate,physics_gate,0.16124475853,0.16124475853,0,False
253000158,1,54.0591666667,median_blend,BLEND_MEDIAN,5.3308333333,3.3011111111,-2.0297222222,False
255779000,3,-15.3402777778,extra_trees_hard_gate,route,77.3313888889,77.3313888889,0,False
255801270,4,88.0419444444,hist_gb_hard_gate,route,19.1294444444,19.1294444444,0,False
255805849,0,97.9855555556,rf_hard_gate,tabular,25.5647622924,8.9852777778,-16.5794845146,False
255805866,1,52.1658333333,median_blend,BLEND_MEDIAN,37.3088428512,38.5939201681,1.2850773169,True
255805951,4,20.465,hist_gb_hard_gate,tabular,24.0166302891,29.7288888889,5.7122585998,True
255805968,1,21.8616666667,median_blend,BLEND_MEDIAN,5.0419444444,14.7530555556,9.71111111119,True
255806044,1,59.5738888889,median_blend,BLEND_MEDIAN,6.7551187143,11.7625130523,5.007394338,True
255806427,1,5.84305555556,median_blend,BLEND_MEDIAN,5.99992133884,0.52726751282,-5.47265382602,False
255915592,3,38.3283333333,extra_trees_hard_gate,route,15.4777777777,15.4777777777,0,False
255915609,1,16.4616666667,median_blend,BLEND_MEDIAN,13.2644994483,9.7049198184,-3.55957962987,False
255915683,2,83.2125,extra_trees_hard_gate,physics_gate,16.1392137255,16.1392137255,0,False
255915693,3,55.1116666667,extra_trees_hard_gate,physics_gate,5.7533383032,5.7533383032,0,False
255915737,0,-82.5058333333,rf_hard_gate,prior,75.9359674329,54.5533333333,-21.3826340996,False
255915759,4,-566.815555556,hist_gb_hard_gate,route,884.835833334,884.835833334,0,False
255915798,2,72.305,extra_trees_hard_gate,prior,22.4369444444,19.5955555556,-2.8413888888,False
255915800,0,-62.65,rf_hard_gate,tabular,1.2224801242,25.8677777778,24.6452976536,True
255915967,0,37.5897222222,rf_hard_gate,prior,13.2438888889,9.9277777778,-3.3161111111,False
255916537,0,25.5236111111,rf_hard_gate,route,6.9336111111,6.9336111111,0,False
255970000,3,22.8913888889,extra_trees_hard_gate,physics_gate,0.6231031881,0.6231031881,0,False
256049000,2,46.6986111111,extra_trees_hard_gate,physics_gate,0.1848985359,0.1848985359,0,False
256227000,0,-80.6244444444,rf_hard_gate,route,86.0263888886,86.0263888886,0,False
256251000,3,59.8719444444,extra_trees_hard_gate,prior,11.5422222222,20.8125,9.2702777778,True
256286000,3,44.5888888889,extra_trees_hard_gate,physics_gate,2.9597914879,2.9597914879,0,False
256392000,0,19.2561111111,rf_hard_gate,prior,31.5775,22.1375,-9.44,False
256436000,0,26.4025,rf_hard_gate,prior,24.4311111111,14.2033333333,-10.2277777778,False
256515000,1,-139.610277778,median_blend,BLEND_MEDIAN,2.751600455,23.703888889,20.952288434,True
256607000,2,6.98527777778,extra_trees_hard_gate,physics_gate,1.41578916871,1.41578916871,0,False
256714000,0,44.4341666667,rf_hard_gate,physics_gate,0.6083496788,0.6083496788,0,False
256812000,2,80.7813888889,extra_trees_hard_gate,route,6.1080555556,6.1080555556,0,False
256885000,1,46.4047222222,median_blend,BLEND_MEDIAN,1.9513700096,2.0869066859,0.1355366763,True
256891000,4,-0.993888888889,hist_gb_hard_gate,route,135.658333333,5.08436142486,-130.573971908,False
257824000,1,121.198611111,median_blend,BLEND_MEDIAN,7.636641554,3.526111111,-4.110530443,False
268251804,2,70.6719444444,extra_trees_hard_gate,route,13.2355555555,13.2355555555,0,False
271000677,1,60.9197222222,median_blend,BLEND_MEDIAN,14.2211111111,14.2211111111,0,False
271000748,0,35.1477777778,rf_hard_gate,physics_gate,2.0609908772,2.0609908772,0,False
271002572,0,40.7847222222,rf_hard_gate,tabular,26.9903858223,17.515,-9.4753858223,False
271040948,2,37.8808333333,extra_trees_hard_gate,physics_gate,0.3303387819,0.3303387819,0,False
271044383,1,67.055,median_blend,BLEND_MEDIAN,37.5925,37.5925,0,False
271051063,1,8.88638888889,median_blend,BLEND_MEDIAN,14.8694188435,4.04938680531,-10.8200320382,False
271051219,4,5.89166666667,hist_gb_hard_gate,physics_gate,1.33839115773,1.33839115773,0,False
271052090,4,65.5586111111,hist_gb_hard_gate,physics_gate,0.2758280931,0.2758280931,0,False
273267690,3,65.6369444444,extra_trees_hard_gate,physics_gate,2.5072814664,2.5072814664,0,False
273271070,2,328.807222222,extra_trees_hard_gate,route,171.288055555,171.288055555,0,False
273276260,3,78.9519444444,extra_trees_hard_gate,prior,210.055817244,239.068333334,29.01251609,True
273277260,3,322.369166667,extra_trees_hard_gate,tabular,196.052101545,239.203055556,43.1509540109,True
273277840,2,314.258055556,extra_trees_hard_gate,tabular,202.072725545,100.211388889,-101.861336656,False
275488000,4,71.3927777778,hist_gb_hard_gate,route,62.1255555556,62.1255555556,0,False
275497000,4,102.308611111,hist_gb_hard_gate,tabular,56.3578787898,60.0744444443,3.7165656545,True
304204000,0,57.4575,rf_hard_gate,route,7.535,7.535,0,False
304427000,4,19.4041666667,hist_gb_hard_gate,physics_gate,1.3786105994,1.3786105994,0,False
304578000,1,25.5877777778,median_blend,BLEND_MEDIAN,19.3084722222,17.5061111111,-1.8023611111,False
304610000,2,65.3591666667,extra_trees_hard_gate,physics_gate,4.060792155,4.060792155,0,False
304785000,4,103.856388889,hist_gb_hard_gate,route,44.2825000001,44.2825000001,0,False
305690000,3,51.4602777778,extra_trees_hard_gate,prior,3.1305555556,43.7633333333,40.6327777777,True
305715000,3,320.296388889,extra_trees_hard_gate,tabular,209.599343557,228.325555556,18.7262119987,True
308628000,2,2.09805555556,extra_trees_hard_gate,route,24.29,24.29,0,False
309467000,4,52.2075,hist_gb_hard_gate,route,29.3569444444,29.3569444444,0,False
310610000,2,-786.144166667,extra_trees_hard_gate,physics_gate,793.146842194,793.146842194,0,False
310772000,2,360.723333333,extra_trees_hard_gate,route,276.9225,276.9225,0,False
310841000,4,22.3866666667,hist_gb_hard_gate,route,15.9344444444,15.9344444444,0,False
311000231,3,-125.627222222,extra_trees_hard_gate,tabular,36.9747513338,61.026388889,24.0516375552,True
311000451,3,-434.634444444,extra_trees_hard_gate,tabular,370.498887011,247.980833333,-122.518053678,False
311000516,3,43.0938888889,extra_trees_hard_gate,route,2.3091666667,2.3091666667,0,False
311000621,1,60.9886111111,median_blend,BLEND_MEDIAN,20.4356944445,26.5813888889,6.1456944444,True
311001060,3,5.45166666667,extra_trees_hard_gate,prior,25.6754618672,2.39611111111,-23.2793507561,False
311001144,4,103.049722222,hist_gb_hard_gate,tabular,3.8820059175,47.824722222,43.9427163045,True
311085000,1,10.5536111111,median_blend,BLEND_MEDIAN,17.7444655845,5.3630555556,-12.3814100289,False
311775000,2,77.9036111111,extra_trees_hard_gate,route,5.8972222222,5.8972222222,0,False
312107000,4,52.7094444444,hist_gb_hard_gate,route,2.4902777777,2.4902777777,0,False
312120000,3,17.4525,extra_trees_hard_gate,route,1.1258333333,1.1258333333,0,False
312333000,4,121.9675,hist_gb_hard_gate,tabular,26.7594106902,49.6625,22.9030893098,True
314001113,1,272.909722222,median_blend,BLEND_MEDIAN,114.711001968,42.256388889,-72.454613079,False
314432000,1,38.3425,median_blend,BLEND_MEDIAN,4.9170725192,11.94,7.0229274808,True
314496000,4,59.7291666667,hist_gb_hard_gate,physics_gate,14.4974045885,14.4974045885,0,False
314509000,2,4.225,extra_trees_hard_gate,physics_gate,2.08529449307,2.08529449307,0,False
314652000,4,-270.887777778,hist_gb_hard_gate,tabular,323.889811972,503.276111111,179.386299139,True
314900000,4,94.1419444444,hist_gb_hard_gate,prior,45.8122222222,43.9227777777,-1.8894444445,False
319076100,3,17.3766666667,extra_trees_hard_gate,route,3.8497222223,0.4452968923,-3.40442533,False
319301000,1,87.4213888889,median_blend,BLEND_MEDIAN,33.325,33.325,0,False
338619000,3,50.7580555556,extra_trees_hard_gate,physics_gate,0.0542529762,0.0542529762,0,False
351656000,3,91.7725,extra_trees_hard_gate,route,53.4513888889,53.4513888889,0,False
352001323,2,18.59,extra_trees_hard_gate,physics_gate,0.945389399,0.945389399,0,False
352001352,4,81.3805555556,hist_gb_hard_gate,physics_gate,0.6673510818,0.6673510818,0,False
352002170,0,31.0708333333,rf_hard_gate,prior,19.7627777778,15.3338888889,-4.4288888889,False
352002243,2,303.231666667,extra_trees_hard_gate,tabular,86.152988384,214.231388889,128.078400505,True
352002310,0,104.6475,rf_hard_gate,route,16.551111111,16.551111111,0,False
352002473,3,54.0963888889,extra_trees_hard_gate,tabular,3.1300622637,21.8877777778,18.7577155141,True
352003272,1,53.6988888889,median_blend,BLEND_MEDIAN,30.3613888889,30.3613888889,0,False
352003495,1,214.046666667,median_blend,BLEND_MEDIAN,129.739304339,118.77753463,-10.9617697094,False
352004307,2,111.593333333,extra_trees_hard_gate,physics_gate,4.239257125,4.239257125,0,False
352004590,0,71.5641666667,rf_hard_gate,tabular,0.7962956348,12.8808333334,12.0845376986,True
352004593,4,274.720555556,hist_gb_hard_gate,route,43.299722222,43.299722222,0,False
352004690,1,533.3925,median_blend,BLEND_MEDIAN,438.168888889,438.168888889,0,False
352004810,3,74.8519444444,extra_trees_hard_gate,physics_gate,0.5474838235,0.5474838235,0,False
352005357,0,250.311388889,rf_hard_gate,tabular,137.760247112,171.359444445,33.5991973326,True
352005660,3,84.285,extra_trees_hard_gate,route,233.735277778,233.735277778,0,False
352006086,0,74.6733333333,rf_hard_gate,route,0.8811111111,0.8811111111,0,False
352506000,4,640.108888889,hist_gb_hard_gate,route,595.0825,595.0825,0,False
352604000,0,70.1394444444,rf_hard_gate,prior,19.3058333333,1.8958333333,-17.41,False
353589000,0,67.3097222222,rf_hard_gate,physics_gate,4.876095544,4.876095544,0,False
354562000,4,58.2997222222,hist_gb_hard_gate,route,1.5722222222,1.5722222222,0,False
355860000,4,57.4363888889,hist_gb_hard_gate,tabular,19.4306516193,13.8319444445,-5.5987071748,False
356324000,0,55.225,rf_hard_gate,physics_gate,3.3581624874,3.3581624874,0,False
356680000,3,75.5544444444,extra_trees_hard_gate,tabular,21.2710400291,5.415,-15.8560400291,False
356755000,3,90.5836111111,extra_trees_hard_gate,physics_gate,9.5744804485,9.5744804485,0,False
356794000,4,11.7391666667,hist_gb_hard_gate,physics_gate,0.2615702762,0.2615702762,0,False
357463000,3,50.9091666667,extra_trees_hard_gate,physics_gate,6.0846585903,6.0846585903,0,False
357983000,3,44.8425,extra_trees_hard_gate,physics_gate,0.0827330567,0.0827330567,0,False
372119000,2,66.6188888889,extra_trees_hard_gate,physics_gate,0.00529810820001,0.00529810820001,0,False
372668000,1,59.9638888889,median_blend,BLEND_MEDIAN,12.8241666667,12.8241666667,0,False
373026000,1,-36.7822222222,median_blend,BLEND_MEDIAN,38.1218551084,42.8613888889,4.7395337805,True
373808000,1,18.7561111111,median_blend,BLEND_MEDIAN,65.5288888889,65.5288888889,0,False
374194000,2,-2439.34805556,extra_trees_hard_gate,route,2514.02138889,2514.02138889,0,False
376304000,4,45.8775,hist_gb_hard_gate,tabular,7.4632569892,8.9155555556,1.4522985664,True
403532001,3,51.7697222222,extra_trees_hard_gate,physics_gate,7.5553162564,7.5553162564,0,False
403660000,4,83.1661111111,hist_gb_hard_gate,physics_gate,6.0821452839,6.0821452839,0,False
428002000,1,81.0472222222,median_blend,BLEND_MEDIAN,30.2891666666,30.2891666666,0,False
431048000,2,426.029722222,extra_trees_hard_gate,tabular,269.609162282,337.029444444,67.4202821622,True
431476000,0,49.2836111111,rf_hard_gate,prior,1.55,26.2708333333,24.7208333333,True
440252000,0,33.7158333333,rf_hard_gate,tabular,20.816096285,41.8386111111,21.0225148261,True
461000256,1,391.848055556,median_blend,BLEND_MEDIAN,296.320836265,301.164722223,4.8438859579,True
461000284,2,334.89,extra_trees_hard_gate,tabular,170.809736143,253.509444444,82.6997083014,True
461000370,4,301.943611111,hist_gb_hard_gate,route,26.863611111,26.863611111,0,False
477630800,2,98.5522222222,extra_trees_hard_gate,physics_gate,2.9413817128,2.9413817128,0,False
477856500,3,3.58555555556,extra_trees_hard_gate,prior,27.5415729783,0.53,-27.0115729783,False
477963900,2,3.05555555556,extra_trees_hard_gate,route,87.5280555555,87.5280555555,0,False
511100560,0,14.895,rf_hard_gate,physics_gate,11.8033329895,11.8033329895,0,False
538001657,0,15.0325,rf_hard_gate,route,19.3747222222,19.3747222222,0,False
538002883,3,79.4730555556,extra_trees_hard_gate,prior,21.9790432099,21.2588888889,-0.720154321,False
538003678,4,-186.653611111,hist_gb_hard_gate,route,47.043333333,47.043333333,0,False
538004518,0,50.4611111111,rf_hard_gate,route,14.5313888889,14.5313888889,0,False
538004558,2,56.1919444444,extra_trees_hard_gate,route,24.8552777778,24.8552777778,0,False
538005330,2,68.4872222222,extra_trees_hard_gate,prior,18.6191666666,15.7777777778,-2.8413888888,False
538005431,3,5.76138888889,extra_trees_hard_gate,prior,25.365739645,2.70583333333,-22.6599063117,False
538005496,3,-163.314166667,extra_trees_hard_gate,tabular,103.935148035,23.339444444,-80.5957035912,False
538005853,1,6.67722222222,median_blend,BLEND_MEDIAN,58.6819444445,58.6819444445,0,False
538006774,0,103.651111111,rf_hard_gate,physics_gate,4.4777088254,4.4777088254,0,False
538007198,3,234.348611111,extra_trees_hard_gate,prior,186.018888889,211.498055555,25.4791666666,True
538007504,0,73.2861111111,rf_hard_gate,prior,22.4525,6.6672222222,-15.7852777778,False
538007511,2,79.2452777778,extra_trees_hard_gate,physics_gate,3.396926551,3.396926551,0,False
538007661,1,50.2191666667,median_blend,BLEND_MEDIAN,2.1128768444,2.4902777777,0.3774009333,True
538008070,3,89.0002777778,extra_trees_hard_gate,physics_gate,3.8238875361,3.8238875361,0,False
538009008,4,334.990833333,hist_gb_hard_gate,tabular,217.368836847,265.429166666,48.0603298193,True
538009052,0,-741.288611111,rf_hard_gate,physics_gate,746.342679099,746.342679099,0,False
538009159,0,88.1566666667,rf_hard_gate,tabular,27.5665978896,34.0266666667,6.4600687771,True
538009183,2,284.9025,extra_trees_hard_gate,tabular,80.817683143,201.736388889,120.918705746,True
538009214,1,79.0844444444,median_blend,BLEND_MEDIAN,0.9353432313,5.6476362458,4.7122930145,True
538009532,2,91.9708333333,extra_trees_hard_gate,physics_gate,1.2016786655,1.2016786655,0,False
538009615,1,190.408611111,median_blend,BLEND_MEDIAN,108.609839193,108.193562022,-0.4162771703,False
538009968,3,68.2436111111,extra_trees_hard_gate,physics_gate,3.9920097721,3.9920097721,0,False
538009987,0,84.0602777778,rf_hard_gate,physics_gate,0.945129046,0.945129046,0,False
538010211,3,-12.6144444444,extra_trees_hard_gate,tabular,64.0469253333,126.995833334,62.9489080003,True
538010262,1,64.9925,median_blend,BLEND_MEDIAN,5.1469444444,5.1469444444,0,False
538010540,2,96.8438888889,extra_trees_hard_gate,physics_gate,0.7623108861,0.7623108861,0,False
538010653,3,90.6833333333,extra_trees_hard_gate,route,227.336944445,227.336944445,0,False
538010874,0,2.93777777778,rf_hard_gate,physics_gate,1.37292533979,1.37292533979,0,False
538011225,0,13.5269444444,rf_hard_gate,physics_gate,0.9693289786,0.9693289786,0,False
538011848,4,-79.6066666667,hist_gb_hard_gate,route,170.29,170.29,0,False
538011969,3,34.5391666667,extra_trees_hard_gate,tabular,6.5905086125,0.6086111111,-5.9818975014,False
538012456,1,-5.65111111111,median_blend,BLEND_MEDIAN,89.9361111111,89.9361111111,0,False
538071393,2,-2.32222222222,extra_trees_hard_gate,route,26.4244444444,26.4244444444,0,False
538090701,3,297.199444444,extra_trees_hard_gate,tabular,127.863513648,206.550555555,78.6870419071,True
544203120,1,102.057222222,median_blend,BLEND_MEDIAN,58.2180555553,61.0774999998,2.8594444445,True
548651000,4,-76.6530555556,hist_gb_hard_gate,route,279.809722222,279.809722222,0,False
563003300,1,46.5769444444,median_blend,BLEND_MEDIAN,12.566720222,18.9969444445,6.4302242225,True
563162400,1,372.982222222,median_blend,BLEND_MEDIAN,294.00085886,293.804722222,-0.1961366379,False
563186100,3,82.6511111111,extra_trees_hard_gate,physics_gate,0.359790453,0.359790453,0,False
563205300,3,67.0344444444,extra_trees_hard_gate,tabular,13.2265929175,5.0433333333,-8.1832595842,False
563246500,2,-654.671944444,extra_trees_hard_gate,physics_gate,749.140108748,749.140108748,0,False
563279900,3,34.4177777778,extra_trees_hard_gate,physics_gate,3.9098990371,3.9098990371,0,False
563280700,3,49.8680555556,extra_trees_hard_gate,physics_gate,2.6414342288,2.6414342288,0,False
564724000,2,14.0841666667,extra_trees_hard_gate,prior,35.7838888889,33.0680555555,-2.7158333334,False
565712000,0,53.4486111111,rf_hard_gate,physics_gate,28.2268687132,28.2268687132,0,False
566453000,4,83.8008333333,hist_gb_hard_gate,physics_gate,0.83024142,0.83024142,0,False
566579000,4,3.88861111111,hist_gb_hard_gate,route,0.98972222222,0.13589710613,-0.85382511609,False
566722000,4,36.4436111111,hist_gb_hard_gate,prior,11.8861111111,26.6786111111,14.7925,True
577339000,4,88.0297222222,hist_gb_hard_gate,route,254.680555555,254.680555555,0,False
578001200,4,7.66361111111,hist_gb_hard_gate,route,4.29694444449,4.29694444449,0,False
605026210,3,34.4072222222,extra_trees_hard_gate,route,6.8141666666,6.8141666666,0,False
605076070,2,69.5616666667,extra_trees_hard_gate,tabular,65.9974067163,21.1216666666,-44.8757400497,False
613404821,1,368.455555556,median_blend,BLEND_MEDIAN,271.611666667,271.611666667,0,False
613471602,1,367.818333333,median_blend,BLEND_MEDIAN,279.970555555,279.970555555,0,False
613992601,2,64.6044444444,extra_trees_hard_gate,prior,14.7363888888,2.4505555556,-12.2858333332,False
629009126,3,96.3855555556,extra_trees_hard_gate,prior,48.0558333334,86.6205555556,38.5647222222,True
630001201,1,29.0869444444,median_blend,BLEND_MEDIAN,29.3044603483,31.1619444445,1.8574840962,True
636011638,3,63.5813888889,extra_trees_hard_gate,tabular,13.874016083,15.5961111111,1.7220950281,True
636012378,2,44.8680555556,extra_trees_hard_gate,prior,5.1446203528,20.1244444444,14.9798240916,True
636013095,1,64.7330555556,median_blend,BLEND_MEDIAN,12.540925926,9.94,-2.600925926,False
636014168,2,12.5461111111,extra_trees_hard_gate,physics_gate,1.1715335708,1.1715335708,0,False
636015710,0,100.489444444,rf_hard_gate,route,35.496944444,35.496944444,0,False
636015940,4,38.6913888889,hist_gb_hard_gate,tabular,111.403378607,76.6500000001,-34.753378607,False
636016014,1,94.4358333333,median_blend,BLEND_MEDIAN,41.4533487408,40.3394444444,-1.1139042964,False
636016205,3,45.0263888889,extra_trees_hard_gate,tabular,35.0403542278,19.98,-15.0603542278,False
636017773,3,87.8477777778,extra_trees_hard_gate,physics_gate,4.6569559992,4.6569559992,0,False
636018276,1,10.6444444444,median_blend,BLEND_MEDIAN,0.6132651976,6.0865303952,5.4732651976,True
636018323,1,47.1522222222,median_blend,BLEND_MEDIAN,15.9791031024,25.0677777778,9.0886746754,True
636018629,2,47.7572222222,extra_trees_hard_gate,tabular,43.1999131721,28.5080555556,-14.6918576165,False
636018926,4,75.9636111111,hist_gb_hard_gate,tabular,58.8359739179,15.9997222222,-42.8362516957,False
636019542,3,65.5738888889,extra_trees_hard_gate,route,18.9969444445,18.9969444445,0,False
636019819,2,95.2236111111,extra_trees_hard_gate,physics_gate,14.2227212771,14.2227212771,0,False
636019983,4,760.620833333,hist_gb_hard_gate,tabular,650.061680095,706.921944444,56.8602643491,True
636020064,4,70.4255555556,hist_gb_hard_gate,tabular,8.137525494,29.6408333334,21.5033078394,True
636020328,2,124.724722222,extra_trees_hard_gate,tabular,65.012542097,34.1411111109,-30.8714309861,False
636020540,1,92.9991666667,median_blend,BLEND_MEDIAN,45.4816666667,45.4816666667,0,False
636020938,1,78.1888888889,median_blend,BLEND_MEDIAN,46.5358333331,46.5358333331,0,False
636020986,1,61.695,median_blend,BLEND_MEDIAN,5.9693700413,8.4444444444,2.4750744031,True
636021078,0,25.8052777778,rf_hard_gate,prior,25.0283333333,18.6966666667,-6.33166666661,False
636021161,0,182.796111111,rf_hard_gate,tabular,71.336729645,103.550833333,32.2141036882,True
636021246,4,7.10861111111,hist_gb_hard_gate,physics_gate,0.33155598942,0.33155598942,0,False
636021362,0,22.8505555556,rf_hard_gate,route,11.5672222222,11.5672222222,0,False
636021365,3,41.7258333333,extra_trees_hard_gate,tabular,42.4555371503,22.2925,-20.1630371503,False
636021513,0,81.255,rf_hard_gate,route,0.2077777778,0.2077777778,0,False
636021596,4,48.7227777778,hist_gb_hard_gate,physics_gate,5.1511478436,5.1511478436,0,False
636021665,4,41.3936111111,hist_gb_hard_gate,tabular,5.0954101934,6.4831343852,1.3877241918,True
636021700,3,-356.462777778,extra_trees_hard_gate,tabular,287.359398936,235.816388889,-51.5430100469,False
636021702,4,17.0086111111,hist_gb_hard_gate,route,30.1436111111,30.1436111111,0,False
636021733,4,16.7352777778,hist_gb_hard_gate,physics_gate,0.0311373596,0.0311373596,0,False
636021739,1,1.41805555556,median_blend,BLEND_MEDIAN,39.845659588,36.9102777777,-2.9353818103,False
636021781,4,76.2652777778,hist_gb_hard_gate,route,38.6755555556,38.6755555556,0,False
636022183,1,3.93583333333,median_blend,BLEND_MEDIAN,0.22514053564,2.12500329351,1.89986275787,True
636022522,0,75.9841666667,rf_hard_gate,tabular,11.90999517,23.1966666667,11.2866714967,True
636022541,2,18.0111111111,extra_trees_hard_gate,prior,31.8569444445,17.1366666667,-14.7202777778,False
636022867,1,67.5058333333,median_blend,BLEND_MEDIAN,8.6626760118,1.8688888889,-6.7937871229,False
636022905,0,57.4680555556,rf_hard_gate,tabular,23.2428020226,10.3158333334,-12.9269686892,False
636023127,2,14.9733333333,extra_trees_hard_gate,tabular,73.1048837967,26.0063888889,-47.0984949078,False
636023250,0,46.2247222222,rf_hard_gate,tabular,2.1708012658,7.8344444445,5.6636431787,True
636023526,1,38.3211111111,median_blend,BLEND_MEDIAN,2.6586111111,2.6586111111,0,False
636023809,0,75.8911111111,rf_hard_gate,physics_gate,0.8030819075,0.8030819075,0,False
636024336,1,711.461944444,median_blend,BLEND_MEDIAN,672.254702964,673.133611111,0.8789081464,True
636024536,3,52.4452777778,extra_trees_hard_gate,physics_gate,2.0485163188,2.0485163188,0,False
636024606,3,36.4069444444,extra_trees_hard_gate,tabular,38.7735174789,37.6797222223,-1.0937952566,False
636024786,4,74.3922222222,hist_gb_hard_gate,physics_gate,4.7882241492,4.7882241492,0,False
636024805,1,27.5413888889,median_blend,BLEND_MEDIAN,31.59,44.0227777778,12.4327777778,True
636024824,4,647.133888889,hist_gb_hard_gate,tabular,499.994104839,561.513611111,61.5195062722,True
636024855,3,72.7880555556,extra_trees_hard_gate,physics_gate,13.231653656,13.231653656,0,False
636024939,2,54.13,extra_trees_hard_gate,tabular,11.0146736835,11.4438888889,0.4292152054,True
636025061,3,58.6833333333,extra_trees_hard_gate,prior,10.3536111111,17.5819444445,7.2283333334,True
636025888,2,12.1338888889,extra_trees_hard_gate,prior,26.9029489603,47.44,20.5370510397,True
636025912,2,21.8638888889,extra_trees_hard_gate,tabular,32.2615783589,48.2755555555,16.0139771966,True
636092313,0,39.0594444444,rf_hard_gate,prior,11.7741666667,41.9877777778,30.2136111111,True
636092552,0,90.6488888889,rf_hard_gate,physics_gate,8.0741465761,8.0741465761,0,False
636093132,0,74.0866666667,rf_hard_gate,prior,23.2530555556,26.5691666667,3.3161111111,True
636093171,0,46.4288888889,rf_hard_gate,tabular,5.1475668961,7.7011111111,2.553544215,True
636093237,4,208.744166667,hist_gb_hard_gate,route,134.6575,134.6575,0,False
636093368,4,52.7875,hist_gb_hard_gate,physics_gate,2.0918489766,2.0918489766,0,False
647553008,0,69.0719444444,rf_hard_gate,route,234.159722223,234.159722223,0,False
667001639,2,48.3297222222,extra_trees_hard_gate,tabular,21.0986161405,1.8894444445,-19.209171696,False
667002240,2,60.2488888889,extra_trees_hard_gate,physics_gate,3.2622122738,3.2622122738,0,False
667002260,1,318.020277778,median_blend,BLEND_MEDIAN,113.068926682,43.299722222,-69.76920446,False
667002373,2,-128.244166667,extra_trees_hard_gate,prior,178.112222223,207.196111111,29.0838888888,True
671500100,2,101.826388889,extra_trees_hard_gate,route,20.7791666668,20.7791666668,0,False
671562100,4,40.6058333333,hist_gb_hard_gate,route,2.6269444444,2.6269444444,0,False
672296000,2,42.2341666667,extra_trees_hard_gate,tabular,24.3029708672,11.9341666666,-12.3688042006,False
677089900,0,85.1122222222,rf_hard_gate,prior,34.2786111111,4.065,-30.2136111111,False
