outer_fold,candidate_id,n,mae_h,medae_h,rmse_h,p90_ae_h,p95_ae_h,within_24h,within_48h,within_72h,prediction_min_h,prediction_max_h,nonfinite_prediction_count,abs_gt_1y_prediction_count
0,expert_physics_gate,78,155.844487222,16.7723611111,517.367229672,240.342222223,648.534679643,0.576923076923,0.74358974359,0.794871794872,-201.613888889,2378.25222222,0,0
0,expert_prior,78,144.734811154,23.8888888889,463.925707987,227.33106779,686.689805227,0.512820512821,0.705128205128,0.782051282051,-154.553343731,1001.08144642,0,0
0,expert_route,78,157.639437322,18.1058333333,522.676614848,240.342222223,648.115736111,0.564102564103,0.74358974359,0.782051282051,-201.613888889,2378.25222222,0,0
0,expert_tabular,78,125.955833972,19.2224847675,457.873198331,146.769150202,535.284703654,0.551282051282,0.717948717949,0.820512820513,-115.024638651,169.070882942,0,0
0,extra_trees_hard_gate,78,150.754478988,19.8917969456,516.810697121,194.735472222,648.534679643,0.589743589744,0.74358974359,0.820512820513,-115.024638651,2378.25222222,0,0
0,hist_gb_hard_gate,78,150.036193888,19.5655555556,507.032353072,190.199527778,648.115736111,0.551282051282,0.75641025641,0.807692307692,-201.613888889,2378.25222222,0,0
0,logit_soft_gate,78,151.722010095,16.7385050981,515.937858076,175.381246849,654.600451633,0.615384615385,0.769230769231,0.794871794872,-138.218605019,2377.36235433,0,0
0,mean_blend,78,141.730245443,18.0634757437,477.746400845,182.715863853,651.849764638,0.589743589744,0.769230769231,0.794871794872,-152.05231039,1461.48642225,0,0
0,median_blend,78,146.0734661,17.5358587093,483.768538066,207.447514335,648.404654248,0.564102564103,0.75641025641,0.794871794872,-178.08361631,1689.66683432,0,0
0,nnls_convex,78,141.532946153,18.128430988,477.058422018,182.856186218,653.109594028,0.589743589744,0.769230769231,0.794871794872,-149.826363924,1404.08828128,0,0
0,rf_hard_gate,78,125.620104888,19.56875,457.036771426,168.155113522,431.514291667,0.589743589744,0.75641025641,0.807692307692,-201.613888889,303.231666667,0,0
0,selected_nested_mixture,78,125.620104888,19.56875,457.036771426,168.155113522,431.514291667,0.589743589744,0.75641025641,0.807692307692,-201.613888889,303.231666667,0,0
1,expert_physics_gate,77,155.443861566,25.9872222223,630.962483374,196.2695,328.565555556,0.480519480519,0.753246753247,0.805194805195,-2424.53972222,274.720555556,0,0
1,expert_prior,77,180.847799935,21.3116666667,623.784621581,277.956958334,522.307777778,0.519480519481,0.701298701299,0.74025974026,-1066.53303724,258.44900463,0,0
1,expert_route,77,154.918318903,25.9872222223,629.687289267,196.2695,328.565555556,0.480519480519,0.753246753247,0.805194805195,-2424.53972222,274.720555556,0,0
1,expert_tabular,77,186.588002938,26.3141369627,683.561863505,224.163369884,431.916719092,0.467532467532,0.727272727273,0.805194805195,-121.4095898,161.340549839,0,0
1,extra_trees_hard_gate,77,153.911606315,21.1108333333,601.202235673,224.163369884,315.34216781,0.506493506494,0.688311688312,0.792207792208,-2424.53972222,258.44900463,0,0
1,hist_gb_hard_gate,77,150.324288989,18.9969444445,601.003508937,196.716764161,322.991374176,0.532467532468,0.727272727273,0.805194805195,-2424.53972222,258.44900463,0,0
1,logit_soft_gate,77,155.524168054,23.5386147623,619.43220357,214.846380211,324.849763388,0.506493506494,0.714285714286,0.805194805195,-2206.14441429,178.431691529,0,0
1,mean_blend,77,166.773423253,21.5617929993,630.615894317,271.115469199,481.137040884,0.506493506494,0.714285714286,0.766233766234,-1464.85410629,190.279492753,0,0
1,median_blend,77,163.457481579,20.4356944445,632.179288533,274.955222222,480.525446276,0.519480519481,0.727272727273,0.779220779221,-1745.53637973,204.951351096,0,0
1,nnls_convex,77,170.391973795,20.1899241313,627.445503094,265.003778343,495.150019841,0.532467532468,0.714285714286,0.753246753247,-1336.76708708,152.267845549,0,0
1,rf_hard_gate,77,149.259953886,18.9969444445,600.337921724,196.716764161,309.767986431,0.532467532468,0.714285714286,0.818181818182,-2424.53972222,258.44900463,0,0
1,selected_nested_mixture,77,163.457481579,20.4356944445,632.179288533,274.955222222,480.525446276,0.519480519481,0.727272727273,0.779220779221,-1745.53637973,204.951351096,0,0
2,expert_physics_gate,77,242.578517177,17.1366666667,650.640417036,746.474048925,1990.53083333,0.558441558442,0.701298701299,0.714285714286,-163.314166667,214.046666667,0,0
2,expert_prior,77,257.793739041,30.9133333333,667.016143347,745.7709327,1999.28671587,0.376623376623,0.701298701299,0.727272727273,-65.3041984127,81.2357944192,0,0
2,expert_route,77,249.233174603,24.29,654.248998662,789.601055556,1990.53083333,0.493506493506,0.688311688312,0.714285714286,-163.314166667,247.046944444,0,0
2,expert_tabular,77,245.65087585,24.3029708672,658.560889696,745.558533021,1961.49653157,0.493506493506,0.675324675325,0.727272727273,-125.993722048,217.078678283,0,0
2,extra_trees_hard_gate,77,242.030020132,20.7791666667,661.904865696,746.474048925,1990.59773183,0.532467532468,0.688311688312,0.727272727273,-108.749118616,217.078678283,0,0
2,hist_gb_hard_gate,77,242.605315062,24.29,650.541216967,756.4783355,1934.14883333,0.493506493506,0.649350649351,0.727272727273,-163.314166667,217.078678283,0,0
2,logit_soft_gate,77,245.633534719,17.6765715324,662.121975946,750.925123171,1979.97609555,0.558441558442,0.714285714286,0.714285714286,-86.25152346,154.940697515,0,0
2,mean_blend,77,246.425207242,19.8925401398,657.081614354,764.122960373,1986.00197574,0.571428571429,0.714285714286,0.727272727273,-88.1367023374,149.180164085,0,0
2,median_blend,77,247.198891924,21.01625,656.984320974,747.271354691,1988.34589592,0.545454545455,0.714285714286,0.714285714286,-80.6244444444,163.115998339,0,0
2,nnls_convex,77,257.793739041,30.9133333333,667.016143347,745.7709327,1999.28671587,0.376623376623,0.701298701299,0.727272727273,-65.3041984127,81.2357944192,0,0
2,rf_hard_gate,77,243.862490977,22.4369444444,662.384971472,746.474048925,1990.59773183,0.506493506494,0.688311688312,0.753246753247,-125.993722048,217.078678283,0,0
2,selected_nested_mixture,77,242.030020132,20.7791666667,661.904865696,746.474048925,1990.59773183,0.532467532468,0.688311688312,0.727272727273,-108.749118616,217.078678283,0,0
3,expert_physics_gate,77,76.4713231487,13.231653656,201.033932923,230.489444445,240.958611111,0.649350649351,0.714285714286,0.753246753247,-186.653611111,318.020277778,0,0
3,expert_prior,77,84.401005718,18.7047222222,207.011920748,259.167,317.228524361,0.584415584416,0.74025974026,0.792207792208,-422.590462963,289.007761688,0,0
3,expert_route,77,79.9134848485,18.9969444445,201.39488319,230.489444445,240.958611111,0.597402597403,0.701298701299,0.74025974026,-186.653611111,318.020277778,0,0
3,expert_tabular,77,77.1301299094,34.7153502649,191.32960135,178.295842629,273.984156003,0.415584415584,0.649350649351,0.753246753247,-99.6389181553,231.880210286,0,0
3,extra_trees_hard_gate,77,74.0237024567,13.231653656,193.673472055,209.781933032,257.978990898,0.584415584416,0.701298701299,0.753246753247,-99.6389181553,318.020277778,0,0
3,hist_gb_hard_gate,77,73.2406852996,13.2265929175,191.498896406,203.413070756,238.249277778,0.61038961039,0.688311688312,0.727272727273,-186.653611111,318.020277778,0,0
3,logit_soft_gate,77,73.2162728281,16.2776870662,195.484025718,213.208629,286.24521397,0.636363636364,0.727272727273,0.779220779221,-145.750619509,261.272393796,0,0
3,mean_blend,77,75.8562785693,18.2351798284,196.499943737,212.296864181,272.579184592,0.597402597403,0.727272727273,0.766233766234,-136.044066796,270.174598263,0,0
3,median_blend,77,75.5328384098,13.9212400068,196.604805684,226.067467395,263.529961294,0.636363636364,0.727272727273,0.753246753247,-146.151558733,303.514019733,0,0
3,nnls_convex,77,79.0911460773,21.6393360884,197.294376392,243.916310152,299.859416001,0.519480519481,0.727272727273,0.779220779221,-200.91464509,235.398919747,0,0
3,rf_hard_gate,77,74.2058712801,13.231653656,192.282699328,209.781933032,238.249277778,0.597402597403,0.701298701299,0.74025974026,-186.653611111,318.020277778,0,0
3,selected_nested_mixture,77,74.0237024567,13.231653656,193.673472055,209.781933032,257.978990898,0.584415584416,0.701298701299,0.753246753247,-99.6389181553,318.020277778,0,0
4,expert_physics_gate,77,334.771244042,29.3569444444,914.720147673,641.366398737,2263.89833333,0.454545454545,0.649350649351,0.688311688312,-2395.48805556,328.807222222,0,0
4,expert_prior,77,345.777577543,28.5089197531,916.10046716,751.248548256,2363.44238692,0.402597402597,0.636363636364,0.727272727273,-1447.85333508,242.869148418,0,0
4,expert_route,77,333.692045454,29.6408333334,909.775176587,639.818277778,2263.89833333,0.441558441558,0.636363636364,0.675324675325,-2395.48805556,328.807222222,0,0
4,expert_tabular,77,351.986403671,29.4829735707,948.111808348,622.020700791,2523.55591563,0.402597402597,0.597402597403,0.701298701299,-133.191512163,150.094767496,0,0
4,extra_trees_hard_gate,77,313.237838547,21.4915541353,899.961511244,599.928306795,2259.94840973,0.506493506494,0.675324675325,0.727272727273,-2395.48805556,256.149722222,0,0
4,hist_gb_hard_gate,77,325.064804583,26.7594106902,913.238260928,618.622292998,2430.67643226,0.480519480519,0.662337662338,0.714285714286,-2395.48805556,328.807222222,0,0
4,logit_soft_gate,77,319.583919918,25.2732422643,906.805940292,631.830164263,2355.05853094,0.467532467532,0.636363636364,0.701298701299,-2351.57927175,198.162441145,0,0
4,mean_blend,77,337.572534898,28.2885135338,913.831881372,734.697810537,2330.47887146,0.454545454545,0.623376623377,0.688311688312,-1552.93932151,256.482166956,0,0
4,median_blend,77,331.350517986,28.7968055555,910.365365915,639.378291712,2313.08649901,0.480519480519,0.61038961039,0.675324675325,-1921.67069532,285.83818532,0,0
4,nnls_convex,77,333.917258111,29.1702339052,909.33993158,638.101384243,2283.60938306,0.441558441558,0.61038961039,0.662337662338,-2146.72755226,307.443495195,0,0
4,rf_hard_gate,77,321.211647531,24.0166302891,913.809672935,599.928306795,2430.67643226,0.493506493506,0.675324675325,0.714285714286,-2395.48805556,150.094767496,0,0
4,selected_nested_mixture,77,325.064804583,26.7594106902,913.238260928,618.622292998,2430.67643226,0.480519480519,0.662337662338,0.714285714286,-2395.48805556,328.807222222,0,0
