outer_fold,candidate_id,n,mae_h,medae_h,rmse_h,p90_ae_h,p95_ae_h,within_24h,within_48h,within_72h,prediction_min_h,prediction_max_h,nonfinite_prediction_count,abs_gt_1y_prediction_count,selected
0,rf_hard_gate,308,192.427223702,18.8571245129,662.034833734,291.955954509,778.239049111,0.555194805195,0.717532467532,0.772727272727,-2424.53972222,978.235239198,0,0,True
0,hist_gb_hard_gate,308,193.096379183,18.1162935779,665.027224281,298.142727187,747.544969789,0.564935064935,0.717532467532,0.766233766234,-2424.53972222,978.235239198,0,0,False
0,extra_trees_hard_gate,308,193.753095954,19.7966666667,659.267627467,307.543015134,778.239049111,0.548701298701,0.698051948052,0.756493506494,-2424.53972222,978.235239198,0,0,False
0,median_blend,308,195.101107409,18.108085269,652.812976973,305.038649832,747.455439889,0.581168831169,0.724025974026,0.766233766234,-1818.06138293,295.468920068,0,0,False
0,mean_blend,308,199.779303645,21.4019072678,651.303364724,319.333444861,906.459928545,0.548701298701,0.707792207792,0.756493506494,-1509.86484634,273.17889525,0,0,False
0,logit_soft_gate,308,203.676565211,19.6825962874,668.596399715,337.685139684,862.822033114,0.558441558442,0.701298701299,0.75974025974,-2374.84448947,784.645108882,0,0,False
0,nnls_convex,308,210.463075841,22.620221968,678.335291952,301.502668929,1559.1885385,0.516233766234,0.707792207792,0.756493506494,-2081.54041443,301.26870993,0,0,False
1,median_blend,309,197.954884621,21.1216666667,619.425869642,310.181898992,790.905528772,0.540453074434,0.673139158576,0.728155339806,-1634.81009882,268.984290613,0,0,True
1,rf_hard_gate,309,198.564471393,23.8625,621.325055414,362.827338473,1099.92457362,0.504854368932,0.686084142395,0.754045307443,-845.080475427,301.943611111,0,0,False
1,hist_gb_hard_gate,309,199.027312414,21.5854814202,624.68949125,348.064888889,1099.92457362,0.521035598706,0.666666666667,0.744336569579,-845.080475427,301.943611111,0,0,False
1,mean_blend,309,199.683913592,21.6255581585,619.087400454,332.606824668,920.00979532,0.543689320388,0.68284789644,0.73786407767,-1420.26478636,246.291980729,0,0,False
1,extra_trees_hard_gate,309,200.165604213,23.3224701623,621.499403958,352.108281746,1099.92457362,0.504854368932,0.692556634304,0.750809061489,-845.080475427,301.943611111,0,0,False
1,nnls_convex,309,201.747197109,23.2394942576,627.107830463,340.044219905,1162.42921338,0.508090614887,0.699029126214,0.754045307443,-286.634326554,223.47473699,0,0,False
1,logit_soft_gate,309,205.56973511,20.537195197,626.513930888,411.0842294,1134.07079554,0.546925566343,0.708737864078,0.747572815534,-845.079471554,240.235323453,0,0,False
2,extra_trees_hard_gate,309,182.805876146,20.6328915094,630.644727809,312.103357135,646.101258215,0.533980582524,0.711974110032,0.773462783172,-144.395192918,408.554430556,0,0,True
2,logit_soft_gate,309,184.169943744,21.9739485002,634.49767391,310.152734786,649.029510998,0.527508090615,0.731391585761,0.779935275081,-115.160615492,407.037430395,0,0,False
2,rf_hard_gate,309,184.772421588,21.9697222222,632.954542834,301.285803531,664.772491528,0.517799352751,0.699029126214,0.763754045307,-144.395192918,408.554430556,0,0,False
2,hist_gb_hard_gate,309,185.582654826,21.8642509939,638.484680088,286.791659216,672.371448889,0.52427184466,0.68932038835,0.773462783172,-160.58489887,408.554430556,0,0,False
2,mean_blend,309,186.514262268,23.5858504819,635.762228574,298.957218702,653.992538126,0.504854368932,0.708737864078,0.773462783172,-165.037106434,162.666622128,0,0,False
2,median_blend,309,187.288763438,22.6254011987,636.760078352,302.046516054,658.598540022,0.517799352751,0.718446601942,0.760517799353,-176.484629535,174.803572389,0,0,False
2,nnls_convex,309,191.656976469,25.3325002946,636.841508208,312.609155322,676.257126282,0.482200647249,0.699029126214,0.783171521036,-121.243485321,392.837047307,0,0,False
3,extra_trees_hard_gate,309,226.377137961,21.1158333333,708.204696821,375.866114821,1998.5934962,0.527508090615,0.711974110032,0.757281553398,-403.598112087,328.807222222,0,0,True
3,logit_soft_gate,309,230.998813412,20.6052426041,732.874026571,389.805477134,2047.60219379,0.550161812298,0.711974110032,0.757281553398,-2360.68845078,295.158405545,0,0,False
3,hist_gb_hard_gate,309,232.665115418,22.2341859568,738.620255171,329.78794247,2044.53694444,0.511326860841,0.699029126214,0.757281553398,-2422.87055556,328.807222222,0,0,False
3,rf_hard_gate,309,233.111721881,24.9841727908,719.627345941,444.028045441,2090.51271794,0.488673139159,0.68284789644,0.750809061489,-1160.49503401,328.807222222,0,0,False
3,mean_blend,309,234.816908018,22.1980810647,719.472754994,561.691834451,1896.45382364,0.514563106796,0.708737864078,0.763754045307,-1546.50189343,1467.79701036,0,0,False
3,median_blend,309,236.265223423,21.4641030093,725.637854978,511.839671551,1907.88262271,0.527508090615,0.711974110032,0.770226537217,-1922.19221612,1690.06714661,0,0,False
3,nnls_convex,309,240.589038414,26.2060327609,727.777784162,567.679086883,2128.2336155,0.46925566343,0.705501618123,0.757281553398,-1394.81169371,1257.35791859,0,0,False
4,hist_gb_hard_gate,309,151.007420813,19.9858333333,511.530570582,239.0743475,616.279881755,0.550161812298,0.711974110032,0.763754045307,-2422.87055556,328.807222222,0,0,True
4,median_blend,309,152.315053219,18.4191666667,515.620822449,235.829555556,629.837088155,0.585760517799,0.734627831715,0.763754045307,-1817.58075184,307.6509781,0,0,False
4,nnls_convex,309,152.529336155,18.3539140863,515.844921095,247.175437394,626.958781212,0.572815533981,0.728155339806,0.750809061489,-2177.60619034,313.159572431,0,0,False
4,mean_blend,309,153.236394331,19.9059954212,516.868140394,236.023275546,706.464055221,0.566343042071,0.721682847896,0.766990291262,-1509.46600583,278.092179648,0,0,False
4,logit_soft_gate,309,155.279990146,19.5427689701,518.982387004,259.874128256,710.42449574,0.553398058252,0.718446601942,0.750809061489,-1213.84597064,240.742089511,0,0,False
4,extra_trees_hard_gate,309,156.649503644,20.9578562512,520.384071591,253.519186728,709.012300846,0.521035598706,0.711974110032,0.766990291262,-1212.29094812,318.020277778,0,0,False
4,rf_hard_gate,309,157.096758891,19.1032067272,517.426550102,271.745358399,709.012300846,0.543689320388,0.715210355987,0.776699029126,-1212.29094812,318.020277778,0,0,False
