replicate,gain_h
0,0.829331814936
1,9.37837026259
2,15.587341083
3,4.34268478194
4,3.03441234362
5,5.20234250197
6,7.65632408012
7,13.1036933029
8,8.58967016249
9,-0.340073776306
10,2.48890374841
11,6.37667136828
12,6.67428921044
13,3.25970154483
14,7.26409706556
15,2.82871724037
16,9.41463915176
17,0.892264467327
18,16.9509370456
19,4.56967169801
20,28.2750388755
21,11.3838150474
22,12.4078661131
23,13.8000125182
24,5.46786391922
25,6.8576142856
26,4.26288409222
27,4.12853963443
28,-2.25102679187
29,-0.0500731228523
30,2.93270744807
31,6.10070896003
32,7.73297383918
33,8.59029128557
34,5.06597422932
35,1.18597665597
36,8.41262453165
37,15.3221288448
38,9.08820663091
39,0.169179303038
40,1.68746330611
41,8.12591878894
42,15.2102061468
43,11.3831367876
44,-0.308978655407
45,2.57213712223
46,8.97519266585
47,-0.772928573619
48,2.48144044523
49,2.61802870577
50,10.2118282641
51,3.1958508195
52,10.3015122262
53,24.7967869556
54,10.6983476703
55,14.0353788713
56,3.70823301953
57,12.1095761329
58,2.36801602751
59,4.03656107732
60,11.5065769271
61,10.9813431397
62,10.4043011975
63,-0.306155526066
64,10.6925016104
65,10.4950250322
66,8.26989792374
67,0.348118918053
68,3.02152646976
69,0.394090733425
70,-0.734727415209
71,1.79376838398
72,14.8978766107
73,2.55051491544
74,-2.63445027187
75,7.8791876525
76,20.7790011587
77,2.21621779133
78,20.0530640577
79,4.27560997372
80,2.5565904394
81,20.5535399422
82,1.31598649825
83,0.748833025659
84,-1.46168087261
85,2.72575688872
86,4.97024109468
87,10.1898142257
88,6.7204740036
89,15.7212789815
90,20.2485239746
91,0.531340664187
92,3.05814460473
93,10.0220538873
94,5.88521192921
95,23.7840690737
96,14.2623425195
97,13.0728947309
98,11.5121941517
99,10.1879487235
100,1.10093516847
101,0.103979722714
102,3.33637475141
103,10.0816093798
104,7.1630706588
105,21.5682249975
106,21.1737788419
107,-0.228289102978
108,0.181865413999
109,7.99822863868
110,-0.656788758559
111,1.02239321209
112,10.9785258838
113,1.59231779758
114,12.0692236645
115,2.09566590916
116,6.99554493694
117,5.92435400949
118,2.97742817952
119,2.93287523845
120,-3.82238374514
121,4.28203380156
122,0.0830436903705
123,21.3912949063
124,2.38732498598
125,16.2489979345
126,12.2124749556
127,-0.625959766988
128,6.66891514479
129,4.31620185019
130,2.63589809607
131,7.44727329129
132,2.51983180748
133,-0.137458417201
134,6.59531482131
135,17.1230577509
136,8.70449665533
137,8.93902267027
138,2.17818305941
139,7.52047879898
140,4.67484380965
141,-1.7552713013
142,-0.972618841513
143,7.81077632415
144,5.08813299239
145,15.5829214054
146,3.76354399086
147,7.87501164726
148,12.4970322452
149,3.68130861799
150,4.36396843338
151,8.20235513885
152,4.23480933523
153,-1.67377675096
154,4.19574570144
155,19.4403520459
156,2.13052990227
157,8.41378644316
158,1.22665797068
159,1.38365843996
160,21.8452230552
161,13.8767810964
162,12.4744004515
163,3.25298019389
164,10.6940017142
165,0.606641659984
166,15.4676260268
167,6.42477824835
168,6.45453670009
169,1.37982489957
170,2.27969750011
171,2.2387946024
172,8.47758456615
173,1.38344810556
174,1.87345404685
175,4.21889918879
176,7.75140740263
177,22.0807343917
178,21.1370246213
179,8.10904942814
180,6.38268244682
181,1.86352931414
182,2.94663833099
183,5.28697179042
184,15.4523554253
185,-1.22087533165
186,3.19478624475
187,10.4951855209
188,0.189795630201
189,-3.98641258085
190,0.170500247552
191,6.92051393172
192,13.8362880503
193,9.13573946553
194,-2.77105770791
195,6.27924175954
196,3.93915139967
197,9.19009451744
198,4.08241531261
199,4.56232655414
200,2.74764391246
201,27.4296175193
202,13.3016472364
203,0.616186291846
204,-0.825082181165
205,13.4849033163
206,5.64865740403
207,13.3629748032
208,4.85106571334
209,8.76809700859
210,3.56999521964
211,10.0498453761
212,9.56565413638
213,17.2467722532
214,15.0516850557
215,4.84540616357
216,3.19028992126
217,23.7966194878
218,22.7657031922
219,3.2351088459
220,16.8188875978
221,5.10177097453
222,-0.591147322494
223,2.6015749864
224,5.49301008848
225,5.95061474304
226,7.33653727925
227,11.3834648873
228,11.457829383
229,6.97943754718
230,14.7129237539
231,9.44744268261
232,1.88649611351
233,1.2334413948
234,15.9137105707
235,3.81411651751
236,4.20630158747
237,-2.87818591778
238,10.6563466096
239,0.905613304307
240,3.05075165428
241,11.1322443371
242,-1.33754593375
243,16.3032773125
244,20.6176610882
245,1.90746152349
246,14.1621209348
247,0.542546548133
248,5.92444180222
249,4.67569644739
250,15.287456244
251,7.29191380203
252,13.4639374661
253,2.43480848151
254,4.97479944088
255,3.03752443791
256,1.72591218539
257,1.17141588921
258,9.44581667292
259,13.1796791506
260,-0.978651818079
261,16.8161831424
262,11.1158355361
263,5.49795850155
264,11.9220282206
265,4.54836512111
266,16.8070189156
267,6.3187022844
268,15.2655111513
269,2.97647713459
270,8.01614643837
271,9.39641246031
272,7.71292873407
273,6.4838406595
274,-2.031899528
275,5.41523327306
276,-1.47582935279
277,14.5313907378
278,-1.92367288917
279,1.81272462525
280,2.80029677649
281,13.2077480416
282,6.65370402448
283,5.63496990524
284,4.32148062426
285,14.7424203643
286,24.169946933
287,8.42879158072
288,7.29145880786
289,18.761285286
290,6.64457200387
291,18.1515750862
292,2.20283245633
293,15.7123695524
294,10.0843719804
295,5.45615000562
296,5.67323813211
297,-0.0362604609669
298,9.27434425705
299,20.9873481849
300,2.99934608984
301,0.238306651859
302,0.971144219656
303,13.3393173547
304,17.964416537
305,12.0011471753
306,-0.589143738224
307,5.3648369022
308,10.0977053322
309,11.7714095154
310,8.16436739537
311,4.05971036448
312,3.96831728058
313,10.797059943
314,4.16058176167
315,4.42135100166
316,3.94986493813
317,8.83660256178
318,20.445395059
319,4.19532936455
320,5.34002557363
321,10.8520820679
322,3.17954422849
323,13.191574867
324,8.92221456756
325,6.87309529945
326,7.68002376814
327,13.2459550405
328,8.46952366769
329,8.88116227466
330,8.03727180037
331,4.35195425577
332,13.6505717466
333,11.3238070426
334,16.8177577538
335,2.31059429663
336,11.3381565145
337,1.44114261547
338,-0.525441957858
339,4.77924853874
340,14.8160195928
341,2.77954483789
342,14.3011172294
343,6.99961743945
344,3.63123148159
345,-0.791841473095
346,8.93158301288
347,9.67125690812
348,13.631227862
349,13.9483537247
350,-0.645264496732
351,1.64882628183
352,18.9333847571
353,3.57146741046
354,11.3638827487
355,12.4494846682
356,9.09280173305
357,7.09303124177
358,2.99822011186
359,16.3812611134
360,0.154551773087
361,5.15057092605
362,5.9540875615
363,7.42790295537
364,0.682490707425
365,3.76772403392
366,2.62740292314
367,2.7943844709
368,21.705808054
369,5.15805014777
370,2.09415297335
371,8.68907374237
372,9.07035095357
373,14.3506829912
374,7.53123678081
375,0.98895449031
376,9.13544308041
377,3.65399409111
378,10.1430692989
379,8.48512961143
380,16.143818822
381,8.85729997171
382,0.407122932812
383,0.75872083291
384,6.89666473872
385,0.549523566633
386,11.1863451158
387,18.2201035773
388,12.446656885
389,6.5905204893
390,5.86998524693
391,9.56224637212
392,11.9345534116
393,9.34887601947
394,5.95678010114
395,1.21371340325
396,14.118723252
397,4.99573610183
398,0.411886834039
399,4.64850458665
400,-4.28748083621
401,4.17977173804
402,10.3280630396
403,0.964181296785
404,5.51665265241
405,8.89428398293
406,1.55758635175
407,1.65267673141
408,8.89856433121
409,2.45536897497
410,2.89980798805
411,0.0321153546904
412,7.73199372166
413,9.03864118529
414,10.6034532838
415,12.7311344861
416,6.12765603471
417,6.42423978812
418,4.43484951441
419,5.91601923673
420,-0.965220122406
421,1.18890935569
422,10.0318598018
423,9.13934072575
424,13.0719948722
425,4.74325442282
426,11.8692127637
427,8.52571287493
428,21.9934466183
429,5.16467290612
430,17.4378898217
431,0.972356718261
432,11.964362599
433,-0.761139422005
434,16.3492440799
435,9.83310082397
436,0.0548396988012
437,1.91469307857
438,22.6532820609
439,14.4897713319
440,17.3587326041
441,4.80603471134
442,7.83435331633
443,8.79195864954
444,0.881588686059
445,7.37270979626
446,3.10607420885
447,10.1831269314
448,5.30310251919
449,15.6601781025
450,3.66517089266
451,3.59353560954
452,5.05322040651
453,19.5836280829
454,5.51139387169
455,10.7184158844
456,13.8824674138
457,0.866206974397
458,-1.41409839023
459,9.07541339865
460,2.70104161444
461,13.2878848813
462,19.6044436528
463,9.21118431815
464,4.90930953512
465,12.618942372
466,15.3048193133
467,12.6125406457
468,12.5416296266
469,2.1411707942
470,11.5816494538
471,2.50826675629
472,5.23691480283
473,0.115797538899
474,2.36414028716
475,6.83527294703
476,16.3436814466
477,-0.209746576695
478,3.54869441926
479,-0.86667517513
480,2.05983294799
481,10.0679303594
482,4.06467743398
483,10.9263355676
484,13.7553979413
485,6.33736433333
486,2.57215983693
487,4.32094720723
488,-1.16701311668
489,2.29711664575
490,0.846356730405
491,5.54878852935
492,1.56061785504
493,12.5967266288
494,2.75865600587
495,6.84048861107
496,9.64560499937
497,6.61229160966
498,4.20266997613
499,0.06628606518
500,5.86438783911
501,9.97735129708
502,0.927909393213
503,8.33376337914
504,-0.913388030118
505,3.1152130051
506,3.53694070149
507,3.47883177162
508,11.3132000415
509,16.6866258396
510,4.32019032968
511,14.5609008223
512,7.38051836501
513,7.9031117481
514,4.87155821382
515,17.5854220336
516,2.89599900559
517,10.2303734589
518,1.85306092043
519,11.003023138
520,-1.20938517933
521,-1.14005517457
522,4.18543765615
523,9.90002709726
524,7.39665093983
525,14.442025612
526,23.667708563
527,5.24723964783
528,5.40120766025
529,9.68150677809
530,9.83507742272
531,15.1818926383
532,9.82196727733
533,17.7571229623
534,10.6983745611
535,5.1818882714
536,5.72072589556
537,2.57492944352
538,4.5681600128
539,6.3202073907
540,-1.19411741804
541,6.19369837705
542,6.46709171929
543,7.61718426632
544,0.110513551258
545,8.43477238907
546,2.07906640661
547,17.127336572
548,8.51679952537
549,5.1483611775
550,9.12884195087
551,4.53381766603
552,9.14836134306
553,17.5381261515
554,-0.909544803866
555,1.85916252433
556,13.1627380971
557,3.0883368799
558,13.8434595836
559,21.2132165312
560,5.50638442757
561,2.43357750655
562,6.56164209335
563,9.05475657011
564,3.5366768681
565,12.5386050899
566,7.13323570926
567,2.86865201148
568,13.1427670923
569,6.13613094807
570,18.8291938931
571,14.2332995205
572,10.491130843
573,5.46966960847
574,11.7473935041
575,10.1410191649
576,4.76373931203
577,5.54346849767
578,5.70586577983
579,8.01652769401
580,4.02091606218
581,6.20962419462
582,12.2160803283
583,14.1040600889
584,13.6102676632
585,15.4074172269
586,11.6818993148
587,1.91564624959
588,7.19385215763
589,19.2014347077
590,2.03783661861
591,9.08577712566
592,11.2612935619
593,5.32427596678
594,7.74162699911
595,4.48635649779
596,11.6194978622
597,7.37237193047
598,12.6948105749
599,2.30756944412
600,11.2791222399
601,2.19312974548
602,5.13360085058
603,15.7433713047
604,7.20939389635
605,8.74806881911
606,5.42429218325
607,2.66830980366
608,2.55999922365
609,2.37476921976
610,14.1210332801
611,8.48287033885
612,7.69590947754
613,7.12443530441
614,11.785725461
615,14.8165223509
616,15.5181683403
617,18.437719744
618,5.53612501521
619,11.0394931557
620,5.89008065077
621,7.59222540324
622,1.27458752914
623,15.6132540614
624,9.51654351213
625,10.4546726195
626,0.686731345478
627,11.6919087143
628,2.0828222902
629,1.63497041278
630,13.751718254
631,20.9376697218
632,5.16089509649
633,-2.15536155497
634,3.91007092468
635,18.4895921729
636,3.58790928456
637,12.205043156
638,11.7179606037
639,-1.05712051588
640,0.439494123753
641,7.0073156976
642,12.2440848287
643,1.65565996395
644,2.09547858822
645,6.48780463774
646,9.31392599412
647,7.31149049055
648,23.0176588062
649,10.419454313
650,18.5202979399
651,5.25461038538
652,18.8016356653
653,9.72288079469
654,6.9189706619
655,1.31475475973
656,17.5190141171
657,3.9438231967
658,13.3812849564
659,7.87501992523
660,0.84659224808
661,7.07422162737
662,3.77383085901
663,11.5273268754
664,15.8709516061
665,9.49074621403
666,18.708904277
667,11.2406620343
668,1.87849969359
669,6.22221010808
670,2.59597683769
671,4.39061197407
672,13.5214254817
673,7.50074669396
674,0.702174822667
675,8.24846146159
676,2.31651402794
677,0.178181187791
678,12.9089289826
679,4.42869412697
680,17.0728220891
681,-2.47306725066
682,-1.11578271067
683,8.31217748138
684,17.0971325898
685,0.284067064549
686,-3.65017289497
687,3.45339428208
688,7.41160696042
689,1.23342002209
690,3.64853469208
691,-1.02770429894
692,4.84518040872
693,13.1454064608
694,7.69391703701
695,8.14123867121
696,-1.73688225913
697,8.29378829897
698,2.90403304182
699,14.3320156828
700,-0.6327227174
701,6.38324725818
702,5.98669228399
703,0.94649576713
704,-3.00794220763
705,12.2174102384
706,6.56451729356
707,9.62289363667
708,9.08696140454
709,3.36348528546
710,4.39728482037
711,10.4425819441
712,11.6522463745
713,20.3847797687
714,1.93745554881
715,6.68607105553
716,5.39680340399
717,6.83499721262
718,12.6024341037
719,14.6904625188
720,7.86176181183
721,8.23430221461
722,11.1824684024
723,3.05053935595
724,9.72205308276
725,9.91459961594
726,0.2590998495
727,-1.05899217942
728,3.69699423897
729,2.88041277163
730,-1.63212023047
731,3.5556489322
732,3.30104375815
733,6.91547025337
734,22.0949295266
735,-3.12564111133
736,11.1344062669
737,3.71883404918
738,6.32573194334
739,7.85581024264
740,6.21622369541
741,5.90153125958
742,20.1577790146
743,16.681165993
744,10.5611931136
745,2.21917229956
746,3.14567667819
747,10.6169611672
748,6.35652085114
749,1.77267819674
750,3.77628092401
751,-1.43148939686
752,2.54135219585
753,5.84150624644
754,6.67611671737
755,-0.262778844514
756,13.2939784521
757,13.3640966849
758,8.19676846599
759,13.8664536179
760,2.44300308996
761,3.10522026903
762,7.64478525213
763,6.10236412451
764,3.39241179963
765,2.57829343451
766,4.35956161968
767,-1.22155249986
768,9.69142979463
769,24.222063888
770,11.0075444122
771,6.99922727368
772,9.57388856173
773,1.19292030529
774,5.96339414067
775,3.33795067089
776,6.82464382256
777,5.76787751705
778,17.7320180958
779,4.04315925721
780,11.5871691635
781,5.31194428442
782,5.45039690772
783,7.38674954006
784,5.05091081613
785,9.69741484314
786,5.25682609883
787,7.30635690157
788,8.37011933743
789,-1.89764572174
790,9.05559409682
791,18.9092350892
792,8.86910303378
793,3.81122110517
794,14.0974486988
795,5.01935358742
796,-1.68378243867
797,7.26949262368
798,-2.76061917115
799,1.38519881568
800,4.4355484101
801,3.44424796656
802,18.2759955195
803,9.53232170267
804,7.72424679985
805,9.44080803423
806,15.3896761279
807,15.1949075627
808,8.87351711409
809,13.2755015367
810,9.83076338104
811,2.36486867486
812,4.50965691795
813,3.2749406251
814,11.2658941119
815,6.37162747969
816,2.74081956411
817,7.36772555918
818,3.07213829244
819,6.61525200605
820,14.067557937
821,3.6659583278
822,8.01465667925
823,2.79333395764
824,4.95281630426
825,4.51027301235
826,10.7570284704
827,-5.3306944206
828,10.5788966141
829,12.8228493301
830,11.461109177
831,12.4209362457
832,3.56239032344
833,9.82161661473
834,10.9150444128
835,3.17885960907
836,11.1949436729
837,9.10504143146
838,5.37914871707
839,11.1278849512
840,2.18993713477
841,4.24020357713
842,-2.2453590357
843,0.637503519703
844,4.8786404489
845,-2.14045451787
846,0.955656719796
847,8.19873671354
848,4.17308565464
849,0.378036450951
850,4.05152392718
851,-3.01483560188
852,7.12487616637
853,8.15338756089
854,6.51029560615
855,12.1515172939
856,4.0826464367
857,2.81813682612
858,0.437005378222
859,13.7833374268
860,2.4193581834
861,6.59595230389
862,15.0517234885
863,15.706446685
864,5.39301253627
865,2.6258855392
866,2.99831494517
867,1.34846450364
868,0.487129750136
869,2.40552349978
870,16.264390588
871,9.22325355218
872,3.09089518825
873,6.47750076696
874,1.92807578279
875,2.02396733107
876,2.46527880629
877,3.02271964124
878,2.52053385368
879,21.6192406091
880,-1.68721444536
881,3.79836276455
882,15.8379732555
883,1.52790937095
884,-0.0731960884042
885,21.8829730514
886,13.7085546336
887,8.79365747604
888,15.5470123004
889,2.85323746879
890,10.3194546596
891,11.6162733373
892,-4.59168207848
893,5.85889242773
894,16.8622601734
895,1.95516839245
896,13.228403911
897,7.64790101189
898,2.00851011057
899,6.4343398094
900,17.5122130174
901,14.1913897012
902,8.81918028159
903,6.51124026824
904,7.08741918808
905,-1.57438922954
906,1.65309566871
907,13.8151231816
908,9.46009712176
909,23.026609748
910,4.16660431513
911,7.79077899555
912,8.82560132799
913,0.389050698336
914,-1.11199465369
915,2.64222300172
916,-0.166265585883
917,1.66833641854
918,0.316058682098
919,7.26742166145
920,6.05916776632
921,14.869106592
922,7.38408652988
923,7.13646145493
924,18.6040425384
925,9.19147760962
926,12.7679844446
927,5.33239133977
928,11.2034006002
929,2.1722129466
930,6.16314356816
931,11.7639522092
932,-0.971661038995
933,1.7870492913
934,7.48302607183
935,9.45417017042
936,1.71622929603
937,-2.69982407551
938,5.84104783223
939,12.2973479962
940,20.1867749312
941,6.54338553892
942,4.73187513083
943,-0.184700003894
944,-0.872418706143
945,8.91323795718
946,0.925863928175
947,10.5653162275
948,2.50637145372
949,0.0427724364318
950,8.73958521839
951,4.59842242528
952,7.15991076875
953,7.58997353863
954,11.7172430465
955,7.54515724007
956,2.46782969666
957,6.28461042099
958,8.61089163883
959,9.95111028427
960,18.8632642557
961,9.41785218733
962,10.208036056
963,6.54096955056
964,8.15166525463
965,7.09775246347
966,7.87200081912
967,6.41733742229
968,5.38290367766
969,12.5800688075
970,7.90861669089
971,-3.72551691071
972,9.25656047896
973,8.99759643828
974,1.84876985625
975,7.6919085985
976,5.37366347389
977,9.73342744497
978,11.3742900367
979,11.2428345552
980,0.757263898936
981,11.5166729991
982,1.80993953208
983,6.8259197776
984,11.5300000663
985,12.6940495238
986,3.62451460443
987,13.208513499
988,1.54930720043
989,2.03690152844
990,16.2516619557
991,3.81214238996
992,8.28826031379
993,-2.15085573437
994,5.42477060377
995,5.96301949404
996,1.11391536802
997,14.5341522873
998,7.7676872845
999,4.07695571013
1000,15.4759860167
1001,10.6057778608
1002,13.2731488331
1003,3.80354675794
1004,6.25000003035
1005,0.829128298068
1006,11.9586638588
1007,10.1545635916
1008,12.6368353029
1009,7.01652348445
1010,16.2535746649
1011,21.3660001913
1012,2.14169572732
1013,4.26228663844
1014,20.6948899284
1015,6.69488481388
1016,8.19162979871
1017,6.97444469527
1018,7.14062596456
1019,18.6300221555
1020,18.0814845348
1021,13.498328225
1022,4.16625121401
1023,2.10552359719
1024,24.9069988186
1025,2.14536050455
1026,15.2572027496
1027,6.78323033908
1028,9.59375290685
1029,3.55889984719
1030,4.49091644176
1031,13.5525543215
1032,4.32271200681
1033,10.464247369
1034,8.66408797949
1035,8.74610461981
1036,5.87191845046
1037,-0.130642839633
1038,3.89043831684
1039,13.4593894724
1040,3.03108614023
1041,4.67519267695
1042,4.88703132887
1043,7.67575702843
1044,2.38018042261
1045,3.4336974482
1046,1.59943678276
1047,0.132249875053
1048,3.01125119057
1049,1.23646335718
1050,12.2564564553
1051,9.52278576292
1052,6.02164171098
1053,-0.703732279464
1054,1.70801759765
1055,9.94748464901
1056,2.34343435689
1057,0.78400578755
1058,16.2492317651
1059,9.54999665175
1060,5.27378265719
1061,1.30262631484
1062,5.54898752475
1063,3.76628196625
1064,2.99592292807
1065,10.8626860921
1066,4.77187394304
1067,8.33926739791
1068,2.40046767731
1069,0.57197441288
1070,4.22107791597
1071,4.96693315519
1072,9.51926843691
1073,6.69505986078
1074,5.53273415965
1075,9.23348059265
1076,11.5810576054
1077,5.47606292568
1078,4.48422170149
1079,1.63348544163
1080,14.5581999833
1081,2.48287272186
1082,6.82395750157
1083,10.4162768192
1084,4.51206014434
1085,11.0819452655
1086,1.5385966364
1087,8.22038801549
1088,25.2722216687
1089,1.27029478881
1090,12.2225320316
1091,2.8158365871
1092,3.21641670524
1093,5.05602248462
1094,2.88133181074
1095,2.34188909584
1096,12.1892613255
1097,2.47760975282
1098,-0.330585159884
1099,11.0333528158
1100,8.04480659807
1101,4.93155471017
1102,8.40859999583
1103,19.415250164
1104,22.9446362591
1105,0.0951717605279
1106,11.3889587642
1107,6.21525564864
1108,24.611123366
1109,-3.83975477358
1110,-3.0873446968
1111,10.6894580684
1112,6.88413125432
1113,13.1252975589
1114,6.0076898878
1115,1.29115307687
1116,3.79287051573
1117,3.75334641231
1118,2.49577678399
1119,15.244255247
1120,9.17179168034
1121,2.56159911342
1122,1.20138286582
1123,6.07115229791
1124,13.3453420414
1125,7.14650514182
1126,0.355197397451
1127,13.7718288301
1128,17.899528226
1129,4.38110587474
1130,7.32639975876
1131,5.0770884084
1132,1.43185775871
1133,5.38162110067
1134,-2.58380296514
1135,13.0362714267
1136,12.957040567
1137,4.02407168853
1138,17.3280331485
1139,4.40367647089
1140,23.9723583264
1141,0.461316923055
1142,9.76820660111
1143,3.04028672523
1144,12.6407161412
1145,15.5027642195
1146,6.10181213455
1147,10.4743103428
1148,-0.226737474103
1149,4.82349996062
1150,-0.706361565402
1151,1.2776403495
1152,-3.25327966098
1153,8.65526778921
1154,5.49089483945
1155,5.95061602267
1156,12.6379953808
1157,7.05642609976
1158,2.42874148366
1159,2.26624599442
1160,9.32778335288
1161,18.7043959269
1162,4.82587813489
1163,20.3727939617
1164,-2.76297566217
1165,6.38094779521
1166,4.00446269139
1167,4.95390819803
1168,6.31963598873
1169,4.43552189442
1170,7.27594310045
1171,20.3372227915
1172,10.2032552248
1173,11.2202589773
1174,9.36586520762
1175,2.29984605297
1176,13.8824205136
1177,17.4412285531
1178,3.16665527297
1179,17.7862884391
1180,1.47548339791
1181,5.58051131631
1182,4.06566612919
1183,12.1503576033
1184,2.90538961298
1185,3.71160777758
1186,-2.37760381523
1187,7.13680226497
1188,7.11863942886
1189,2.95110537476
1190,14.5423845222
1191,12.1205894288
1192,13.0297873195
1193,6.75371488345
1194,2.83730664248
1195,1.51621175308
1196,11.9154292907
1197,2.96176346964
1198,7.6425369994
1199,6.02058070793
1200,3.85336905183
1201,1.08041331739
1202,9.17199707464
1203,14.8947255336
1204,9.6265496735
1205,5.5679925096
1206,1.8350506201
1207,4.26192471881
1208,10.7492953397
1209,5.97969382448
1210,21.4158728137
1211,2.69187146989
1212,-1.33959217953
1213,6.02881790247
1214,-3.66873908781
1215,2.1441851133
1216,4.31204733261
1217,2.2384037164
1218,6.53083409978
1219,2.30670856367
1220,5.96089963609
1221,10.4503295566
1222,5.56705501301
1223,3.55423874359
1224,2.16732048323
1225,7.2923076
1226,4.01559660036
1227,14.4606508507
1228,8.73411285407
1229,-2.07401847252
1230,8.61440714925
1231,2.78013660558
1232,3.56109515481
1233,4.79805991183
1234,15.3865056208
1235,7.13983442911
1236,0.334353009504
1237,2.25479028517
1238,6.91842952288
1239,0.327063065699
1240,8.57923812824
1241,9.95461218659
1242,1.01845261673
1243,7.24113903714
1244,6.59493008023
1245,13.0762418694
1246,3.88235894205
1247,5.83582688264
1248,10.356880663
1249,1.89755415446
1250,-3.46217552784
1251,8.54047012354
1252,4.41938650239
1253,3.959004755
1254,7.5179541421
1255,6.15778280809
1256,6.52135767482
1257,1.48389410489
1258,8.83949736642
1259,11.8531415303
1260,2.7443767763
1261,0.172236913095
1262,3.35084546503
1263,1.40424076908
1264,4.78265913958
1265,5.74534386978
1266,7.61796178808
1267,13.7163771586
1268,24.2566507249
1269,11.9950769559
1270,5.34029659404
1271,13.8509253786
1272,5.4904971882
1273,2.28269116146
1274,6.07787839267
1275,3.58821337547
1276,12.9800603923
1277,9.12586325723
1278,5.66732746832
1279,7.58865723329
1280,6.68697560029
1281,9.32322356524
1282,1.11178733142
1283,28.5823691741
1284,9.51905085316
1285,2.23573027301
1286,11.398447568
1287,5.40186770001
1288,14.3645395475
1289,36.0216079985
1290,29.2350134946
1291,-0.134075174989
1292,5.24890906619
1293,19.9341036592
1294,-2.41896311706
1295,5.13429977789
1296,7.62482238113
1297,12.7365903444
1298,0.988417066153
1299,2.57032421692
1300,3.50368237049
1301,4.89505021965
1302,2.09369889489
1303,1.91466689939
1304,4.92801714219
1305,2.3976920126
1306,10.9454986042
1307,13.826930525
1308,9.41874872428
1309,18.2279230279
1310,0.466933546549
1311,1.1359422963
1312,1.63400655395
1313,3.09659100345
1314,3.09592705404
1315,7.51444271365
1316,1.83721098849
1317,15.9176904093
1318,10.5421378209
1319,17.5603976119
1320,12.9291710082
1321,10.1425700134
1322,8.14246478519
1323,-0.694595780821
1324,11.6992660687
1325,1.47876050639
1326,18.1412142255
1327,11.055450928
1328,3.49391356196
1329,10.065158034
1330,17.6660634116
1331,12.652615156
1332,0.568608919506
1333,11.6964642262
1334,8.23060770726
1335,1.63140384791
1336,1.69031756077
1337,6.6018215713
1338,2.91960913076
1339,-1.34761704635
1340,-2.91660480613
1341,2.03693162113
1342,4.24697333433
1343,-0.557258534316
1344,6.92631786591
1345,5.26013149464
1346,11.1853034097
1347,15.0597981937
1348,-0.442262693815
1349,1.98281061546
1350,0.961087400353
1351,10.1535700741
1352,7.50667858445
1353,-1.85164984073
1354,3.07921326578
1355,17.5682868895
1356,10.4445200331
1357,0.87696108054
1358,1.1025278501
1359,1.74489907792
1360,1.30907211181
1361,16.1521846251
1362,-0.185772092931
1363,10.1704712463
1364,-1.37469724279
1365,12.9954932472
1366,12.6154303791
1367,11.0407698016
1368,4.36376719176
1369,19.8349392615
1370,4.71036960596
1371,7.27585264379
1372,1.27434271685
1373,4.07427271559
1374,1.63740294319
1375,8.74169941334
1376,13.5920203665
1377,7.96586551773
1378,12.2697565233
1379,9.92482637658
1380,4.65248480097
1381,2.76125018939
1382,6.23734600485
1383,1.93635354786
1384,9.01475997174
1385,3.06206653866
1386,4.04318614793
1387,6.53972167119
1388,11.2635813732
1389,6.8058663222
1390,7.48579211932
1391,3.7343998448
1392,15.6779888097
1393,6.73261948716
1394,7.47689026355
1395,3.97723540593
1396,9.18350998727
1397,11.1312171803
1398,15.825228956
1399,2.57967959284
1400,19.7263208543
1401,10.9990375249
1402,14.8856018336
1403,11.6502699446
1404,6.408893978
1405,13.0487626544
1406,9.74082634302
1407,4.53408883728
1408,12.3697667687
1409,22.609532209
1410,21.3837753526
1411,-2.99695317049
1412,4.13147843375
1413,21.8867515908
1414,0.835107409888
1415,11.8877433778
1416,11.0198253772
1417,1.58871214613
1418,8.56227190632
1419,2.63569252128
1420,7.05780800867
1421,10.9817985655
1422,16.0143973256
1423,12.8222271315
1424,12.6711489309
1425,1.08321342142
1426,0.161581884414
1427,2.72629825031
1428,3.88945315817
1429,6.9684108578
1430,0.681833407171
1431,-4.31759698551
1432,-2.14022549599
1433,12.3064842889
1434,4.58800797841
1435,13.7156823734
1436,-3.87689540336
1437,6.87183251343
1438,2.32559182662
1439,1.47335417476
1440,-1.48551777504
1441,11.7182585244
1442,5.70032558386
1443,6.79040927124
1444,2.45412035395
1445,25.117885621
1446,14.23637578
1447,7.05347621515
1448,21.8015230121
1449,9.50218874678
1450,15.0048842003
1451,2.37301506626
1452,-1.22189411609
1453,13.1072739992
1454,6.80077040215
1455,8.43878058813
1456,5.80429074433
1457,0.344070691974
1458,0.561149605288
1459,8.53539138948
1460,1.59578319995
1461,4.38732101884
1462,-0.066970139279
1463,9.64951448459
1464,6.28575125104
1465,2.20945205503
1466,6.88016423839
1467,10.3598788926
1468,-0.208746264286
1469,12.6008383674
1470,2.41410451596
1471,6.52863213963
1472,9.10348674544
1473,14.3103488731
1474,14.8120001245
1475,11.6762878124
1476,5.71268747835
1477,7.1270341243
1478,5.78086781144
1479,0.225449388255
1480,8.15677475151
1481,10.8695855269
1482,9.74400801488
1483,3.64111443901
1484,12.4539102692
1485,4.01102381054
1486,10.4289116873
1487,10.2706773574
1488,11.2571807336
1489,19.4773622686
1490,5.57957152288
1491,13.5554213504
1492,1.05525418198
1493,10.7800073771
1494,2.13763766039
1495,-2.02831676625
1496,13.6069612051
1497,1.24767252021
1498,12.8673818818
1499,8.61060759533
1500,5.61712906141
1501,17.40619214
1502,2.40320391854
1503,7.59303311127
1504,0.182810686018
1505,-0.257276191416
1506,2.22995610499
1507,3.58513416594
1508,12.2281546025
1509,12.667884214
1510,12.4607767447
1511,6.47471028916
1512,6.02794871812
1513,10.4210301668
1514,5.87004309297
1515,2.64298125875
1516,4.31883275285
1517,2.84694507201
1518,2.55186997414
1519,2.09637796583
1520,3.48913544378
1521,12.3100736007
1522,-1.29137190275
1523,6.54473629364
1524,6.30144898402
1525,6.13090844898
1526,3.87940045743
1527,10.6347060491
1528,3.59433582624
1529,10.4553397015
1530,12.475907958
1531,-0.0612663965264
1532,2.63306410631
1533,11.8840814807
1534,3.863581612
1535,8.45254438686
1536,14.9264299645
1537,9.87047162527
1538,7.16816396989
1539,2.49003895449
1540,8.86528088186
1541,12.2533284329
1542,-1.63477308588
1543,8.71067790679
1544,11.0885017592
1545,8.65482190416
1546,10.6325857357
1547,9.6230937351
1548,0.203131192589
1549,7.7082640218
1550,0.113335074085
1551,16.2164788386
1552,23.1538041063
1553,5.04204440369
1554,-0.568406019775
1555,8.91422428449
1556,-0.995017931129
1557,2.78217285018
1558,8.29039770418
1559,2.26867080322
1560,4.93595644402
1561,9.05538348786
1562,3.65531475671
1563,8.94094925822
1564,6.52214628638
1565,16.1160973215
1566,1.69484119118
1567,4.07350575391
1568,1.06230405974
1569,9.02886417559
1570,0.626882620001
1571,5.16388134736
1572,2.06882523175
1573,4.47135485811
1574,17.1863000551
1575,-1.466339943
1576,4.00246030523
1577,-0.67674866938
1578,0.791118452856
1579,2.34262259018
1580,11.3020797119
1581,9.23643057113
1582,-3.17565354338
1583,10.6813267581
1584,12.8865233179
1585,0.797931870404
1586,12.3154041097
1587,21.5235176394
1588,1.50812264042
1589,3.2475617712
1590,15.3940841995
1591,7.52006862544
1592,16.1572127621
1593,13.3325461044
1594,3.1664917167
1595,12.0583699095
1596,-0.863288899695
1597,11.8635784907
1598,20.2015321028
1599,1.66517730287
1600,4.22703969834
1601,1.86985848121
1602,-1.19172398272
1603,11.0020189296
1604,11.8740714213
1605,7.26748778157
1606,-0.121371661339
1607,8.24306339513
1608,10.846751832
1609,9.18390401745
1610,13.2610590514
1611,8.86010806703
1612,2.03308762697
1613,2.21432693984
1614,5.35392833017
1615,0.97098254667
1616,1.12451379233
1617,10.3717884581
1618,2.87820292622
1619,10.4041057424
1620,7.95475557426
1621,1.64211832528
1622,10.9217118151
1623,13.2803928292
1624,0.124941845973
1625,7.20394355229
1626,13.3177679284
1627,12.8533902444
1628,10.5931079484
1629,14.27207976
1630,1.00457162694
1631,4.22737466475
1632,0.422147265495
1633,12.5995499631
1634,7.77413103161
1635,4.63229957264
1636,9.30369988469
1637,-1.67908985373
1638,4.91594063944
1639,3.82410317266
1640,3.69728905605
1641,-0.494943082824
1642,7.33264642975
1643,4.71981279311
1644,5.05767797636
1645,5.03858580497
1646,5.49937965174
1647,2.18682655462
1648,7.8915790933
1649,0.715668175419
1650,4.2399040668
1651,24.5650685501
1652,8.76621411127
1653,1.01905684082
1654,3.84827789783
1655,3.83956561903
1656,3.88550417397
1657,13.5524197367
1658,5.04513821411
1659,4.98390133794
1660,7.06359313102
1661,3.00286168025
1662,10.6508611415
1663,12.004456849
1664,7.16304063937
1665,6.89505687625
1666,8.58375492931
1667,9.62322344817
1668,14.5095987992
1669,5.25471917852
1670,10.9799257621
1671,8.19506899244
1672,1.12407725592
1673,0.0815675508435
1674,-0.425733980746
1675,9.71326594233
1676,9.18591885278
1677,11.3923598066
1678,0.792129491033
1679,4.92481623595
1680,4.01227391179
1681,3.71276204999
1682,12.4615311866
1683,0.469285256337
1684,2.56888693391
1685,2.88454287039
1686,8.24579276487
1687,2.63297085599
1688,8.33360451521
1689,3.56144073487
1690,0.63615452745
1691,13.2932803972
1692,4.70502535195
1693,2.33940659237
1694,9.15414033957
1695,2.35150623294
1696,4.62472365539
1697,9.60195043597
1698,8.65223035841
1699,13.374721171
1700,-1.13845889257
1701,8.79950622346
1702,13.0477046569
1703,13.2707805924
1704,6.39674892293
1705,24.0101748211
1706,9.64298501929
1707,1.73566478648
1708,10.5078888889
1709,3.37598193555
1710,7.69815643193
1711,-5.27292877449
1712,7.92331233134
1713,12.8433031293
1714,10.1473198535
1715,3.13315324378
1716,12.4244647985
1717,1.12168515556
1718,3.41305632408
1719,2.64502849878
1720,10.7349166309
1721,8.39891376042
1722,16.7559390265
1723,11.234385364
1724,2.29387406007
1725,-1.87082115661
1726,13.0550191862
1727,4.91773709456
1728,9.5433471656
1729,8.67363067955
1730,1.89408770884
1731,1.93011250766
1732,4.68426962059
1733,2.72006192709
1734,0.936125806634
1735,9.66369208922
1736,3.04180776108
1737,20.3425418174
1738,5.96929827563
1739,-0.779926438151
1740,6.65080389124
1741,9.77944402612
1742,-5.15622727356
1743,11.1363078638
1744,7.04714066717
1745,2.3623832457
1746,13.6403256672
1747,11.0913842682
1748,13.6591685351
1749,7.72148790965
1750,4.15160841234
1751,1.88272995368
1752,3.81300146852
1753,0.418520191908
1754,0.106492015026
1755,-0.425790175133
1756,4.39032678282
1757,4.30828721951
1758,12.1284703985
1759,2.84642365631
1760,4.35819191568
1761,9.61175956398
1762,4.51163903975
1763,6.63385671073
1764,0.083554792861
1765,7.45948607803
1766,1.65226407729
1767,1.56743327226
1768,8.42151193613
1769,18.7239741029
1770,0.339350588828
1771,3.13056438519
1772,0.823883296697
1773,7.5169194166
1774,8.73637028567
1775,4.18938750435
1776,6.3683846435
1777,1.03970812513
1778,14.7173823705
1779,3.16664149157
1780,7.30750472173
1781,7.09328127191
1782,4.23972138188
1783,2.73447693712
1784,7.63808806959
1785,3.16606682687
1786,3.44547733934
1787,-3.09206548688
1788,5.22654893082
1789,0.748039106641
1790,6.83581254518
1791,5.86698511956
1792,0.0406781190629
1793,11.1273300935
1794,6.78311660631
1795,7.11064823435
1796,3.3054240241
1797,10.7649643996
1798,-2.23247303276
1799,13.6320747486
1800,11.7671919928
1801,2.21029577515
1802,-4.19521061639
1803,5.43558075442
1804,10.1165071756
1805,-0.393985132795
1806,10.8786822943
1807,10.83078939
1808,-0.334858005919
1809,-1.95916399591
1810,6.4976548723
1811,10.0491690553
1812,16.7652439554
1813,21.772549412
1814,8.67270761354
1815,17.7141226659
1816,4.32417605355
1817,-5.11741994094
1818,6.52986656284
1819,21.4585692628
1820,10.717106097
1821,8.9114692937
1822,3.41238555634
1823,14.1047709188
1824,0.00221561442493
1825,1.40589389148
1826,1.96023784389
1827,7.79629460012
1828,-2.88963436541
1829,6.27169267165
1830,-3.9976456073
1831,0.519202876954
1832,2.14333026538
1833,-1.25773585582
1834,9.14658095184
1835,8.08588681447
1836,5.51803743424
1837,20.5088129321
1838,4.03116435869
1839,-0.641858548352
1840,7.23886659706
1841,4.72356746119
1842,-1.3479785183
1843,8.26682406682
1844,8.12855173821
1845,11.2989582212
1846,14.1416914723
1847,13.5870268447
1848,6.33421699427
1849,15.7528908742
1850,18.5603701841
1851,5.08161767366
1852,4.96395160966
1853,7.17394594077
1854,10.3758309346
1855,8.00578478432
1856,0.52320163723
1857,1.21252842431
1858,3.00327902596
1859,10.7186751389
1860,17.7572906985
1861,8.48777420296
1862,1.79110788796
1863,2.86869012423
1864,2.04923736306
1865,7.91673937367
1866,14.8442906766
1867,11.7899062547
1868,14.6411802764
1869,9.45674754429
1870,6.14968642513
1871,12.1541831983
1872,15.637948144
1873,6.6955600358
1874,-2.1076299325
1875,-3.7682321613
1876,0.970422258418
1877,1.54389121627
1878,9.65653394222
1879,4.86307885781
1880,8.73745963282
1881,4.81132195555
1882,21.4955501793
1883,1.46477947838
1884,2.29122201851
1885,16.2465630724
1886,7.75114396241
1887,10.0954116261
1888,6.58124553805
1889,7.53488694923
1890,-1.978166328
1891,2.909835082
1892,11.5377232604
1893,6.47755429685
1894,0.621155876605
1895,10.191475943
1896,2.17997228487
1897,-0.658257970052
1898,3.3922853184
1899,14.5061343922
1900,6.18083213639
1901,4.04013860747
1902,0.332872086462
1903,8.96555309429
1904,2.75852888827
1905,15.0609861179
1906,7.70813133529
1907,8.70286772178
1908,3.14710041441
1909,13.7755111331
1910,7.78174904339
1911,-0.0227889423319
1912,8.07256797007
1913,3.12555743929
1914,6.59011409742
1915,8.72546095781
1916,3.99587666131
1917,1.74407551521
1918,3.3639011212
1919,12.9086145026
1920,2.0261304597
1921,1.35997881452
1922,9.61990912751
1923,6.78531218115
1924,9.8121919967
1925,5.10752887357
1926,8.89972329074
1927,5.39782593456
1928,5.18046043362
1929,1.79935531607
1930,-0.618396771459
1931,-0.685499710581
1932,-0.650327743337
1933,11.9596000728
1934,5.3679004398
1935,13.157005746
1936,6.64266692394
1937,-1.25735629947
1938,1.43377323179
1939,3.08154275265
1940,7.47156204713
1941,2.53786132974
1942,5.06813615951
1943,12.7208125377
1944,-0.17122509031
1945,5.19986206367
1946,7.2329984414
1947,24.5785142292
1948,13.7904954592
1949,6.57904372595
1950,8.23920768129
1951,5.80428916739
1952,15.3542255634
1953,10.2046341531
1954,14.4598507485
1955,5.67009054912
1956,9.3227194857
1957,11.1318605035
1958,6.76321360935
1959,3.06401335264
1960,15.1141300801
1961,1.62925293029
1962,8.49728635594
1963,12.8037160592
1964,1.16823400652
1965,4.02189806358
1966,-0.412593029959
1967,3.7142282895
1968,3.44166575043
1969,3.13853766626
1970,13.8620643543
1971,0.979113109815
1972,3.7480558667
1973,1.06912063637
1974,8.15348472297
1975,12.1236177214
1976,11.3501771596
1977,19.207149014
1978,0.840626610454
1979,9.9800255148
1980,13.3087156887
1981,4.34359890823
1982,-3.29653129075
1983,11.2854381957
1984,13.6847776413
1985,4.29345648298
1986,7.7456948769
1987,4.83234552393
1988,19.1645151708
1989,6.61005407776
1990,7.51712966263
1991,15.5199960795
1992,8.11084740568
1993,18.8566678957
1994,4.33237396019
1995,9.30737745544
1996,3.19579893706
1997,9.84647865786
1998,11.1640534119
1999,11.8540313242
2000,3.70817092193
2001,2.26143393883
2002,24.2578939914
2003,-1.46309674502
2004,4.76917963025
2005,2.75188132978
2006,3.27115279396
2007,2.86504879476
2008,0.739939438241
2009,7.10069425049
2010,10.066271046
2011,7.59033907209
2012,12.449840625
2013,4.93606169338
2014,8.47027295565
2015,9.53780361932
2016,2.1816894286
2017,-0.699143343364
2018,2.28320339823
2019,4.65485982484
2020,15.5196395621
2021,15.7800025523
2022,17.3120889105
2023,12.5677295338
2024,-0.856094192491
2025,8.3256368649
2026,7.00247355307
2027,8.23987128736
2028,7.74391305565
2029,5.23455351196
2030,4.59447120712
2031,2.84749021726
2032,15.3027901286
2033,13.8725549354
2034,15.6313802189
2035,7.29910482675
2036,7.59350431523
2037,-4.27296424846
2038,7.12621494958
2039,9.92506197438
2040,3.41952692988
2041,9.47404669103
2042,3.01801124753
2043,-3.0377410036
2044,15.9906916659
2045,9.08928783139
2046,6.69578524084
2047,2.6729962469
2048,5.30619227848
2049,4.35441990919
2050,4.77221976366
2051,-2.90535115206
2052,4.78428104948
2053,0.00877347269109
2054,10.4887601532
2055,17.8725740976
2056,-2.21309933329
2057,1.03490220759
2058,7.01763888229
2059,9.18343473655
2060,12.9956404013
2061,1.09010106704
2062,1.79066341885
2063,13.4470837928
2064,15.9463687209
2065,-3.04728755605
2066,12.2249279695
2067,0.115989366174
2068,7.46575171584
2069,11.7947311262
2070,9.54412303937
2071,3.12654525859
2072,7.84805583673
2073,3.01022264401
2074,1.83599752334
2075,9.98456353592
2076,5.35549012725
2077,2.43887604287
2078,1.69725855984
2079,2.61587287622
2080,8.12749388844
2081,4.18296641934
2082,6.69917766559
2083,4.01129509034
2084,5.30614668313
2085,1.69720016273
2086,-0.305937738038
2087,1.37739265306
2088,0.314064469648
2089,7.03029707954
2090,2.67430668669
2091,-2.56332010289
2092,3.1556289732
2093,8.39327649693
2094,9.99983456363
2095,3.309277738
2096,14.5010001526
2097,2.37414839496
2098,8.71686001206
2099,2.60686469402
2100,6.41864651767
2101,11.638505144
2102,23.0263134078
2103,5.89311885412
2104,14.4655810983
2105,5.9520573069
2106,11.0509693492
2107,6.44177660804
2108,2.72979393089
2109,9.46050743868
2110,27.9466734286
2111,2.76558365871
2112,11.6926627395
2113,0.903266833631
2114,24.2137651594
2115,13.4312752728
2116,1.12649158647
2117,17.419500549
2118,7.76967800672
2119,1.43109075113
2120,9.67685127404
2121,2.1567084775
2122,16.9403148901
2123,12.7376473783
2124,2.01826427122
2125,10.726815961
2126,4.93327889431
2127,6.89974532319
2128,8.58301567283
2129,14.2025421332
2130,4.416703735
2131,0.660018050301
2132,2.63135248681
2133,-1.4767589735
2134,17.2179648486
2135,3.12220131246
2136,6.26426976253
2137,1.98893150921
2138,25.1499702268
2139,7.56215150262
2140,11.1037473462
2141,9.97311855494
2142,3.08687279756
2143,-0.366826723689
2144,1.1299933822
2145,6.1521905178
2146,2.92167095028
2147,3.15913255238
2148,8.87643997186
2149,6.19441134508
2150,7.54473803789
2151,0.196790733642
2152,7.1515074647
2153,7.729316131
2154,10.8804531256
2155,3.0988054931
2156,12.6320804741
2157,6.48421853348
2158,3.52658575828
2159,13.1223560907
2160,17.4837920889
2161,7.35518945869
2162,6.18776204288
2163,4.16615552767
2164,7.37621273724
2165,-0.592436919366
2166,5.6716515697
2167,1.3730141577
2168,0.0543920181158
2169,5.48236225196
2170,8.15724057089
2171,6.03098859661
2172,2.32039545909
2173,14.8399781964
2174,14.6549406736
2175,22.4053762338
2176,10.2428119644
2177,12.9016179254
2178,2.75278283794
2179,2.60970015212
2180,-0.939868061535
2181,17.57329538
2182,7.14090514671
2183,2.06890228618
2184,11.6663248188
2185,3.65451532536
2186,3.02363260122
2187,5.41254558554
2188,2.97897968823
2189,-0.331151767375
2190,5.38141310208
2191,4.04457050549
2192,2.99389694095
2193,0.67126494007
2194,6.20236519181
2195,5.6749215248
2196,15.0570341411
2197,-3.39839305535
2198,6.15047905614
2199,9.00273816381
2200,7.70709288181
2201,2.78193970838
2202,4.76440350706
2203,12.3000126952
2204,12.6609579335
2205,6.55366824216
2206,6.36151832952
2207,10.4421938625
2208,4.72762618708
2209,-1.68303589705
2210,10.0109638623
2211,20.8160566249
2212,5.72881040885
2213,3.68884541025
2214,5.05343027167
2215,8.66935553682
2216,7.38995781573
2217,0.817590969117
2218,10.281081446
2219,17.292509837
2220,5.35373641443
2221,2.73673295003
2222,-1.44099616179
2223,1.56971757478
2224,7.78827835196
2225,4.75474080886
2226,10.1315307257
2227,6.48727965561
2228,21.6409501607
2229,9.57616523631
2230,-1.23703314691
2231,8.47045179784
2232,5.02785811136
2233,13.0930461894
2234,20.0188367413
2235,23.0779751851
2236,8.30129506555
2237,9.59750198802
2238,9.26774589588
2239,4.37898926626
2240,3.97183285066
2241,1.42664393399
2242,4.74718775719
2243,6.44624600847
2244,9.58917892435
2245,-0.744761639733
2246,15.6630350722
2247,18.4563837391
2248,3.19351998442
2249,7.28038258862
2250,23.2082324498
2251,3.03706307544
2252,1.97886672258
2253,2.31189372149
2254,3.70317892675
2255,8.8620341657
2256,3.52930885
2257,-0.157961648965
2258,5.17750709878
2259,6.88374794973
2260,-3.66133443457
2261,10.7290795511
2262,4.4374563017
2263,29.6410884153
2264,4.49455078656
2265,7.73307910347
2266,1.50299998093
2267,3.31415128302
2268,13.6672912326
2269,11.6186670047
2270,6.11733931314
2271,1.08161384993
2272,7.46316801362
2273,-3.74744553721
2274,4.28006978731
2275,3.46309726996
2276,14.2461717314
2277,-1.9549920229
2278,13.4064441636
2279,16.305707639
2280,1.84358541594
2281,0.439083333134
2282,15.3433007258
2283,2.11531266559
2284,1.51154115715
2285,3.88701241302
2286,4.6196961583
2287,7.43287033349
2288,14.6250601071
2289,5.29258356891
2290,5.45960855701
2291,4.58525018141
2292,0.733392026763
2293,-1.32097149865
2294,12.0815459198
2295,1.97578466578
2296,11.4638201468
2297,6.64247286039
2298,12.7124839537
2299,7.5623262379
2300,14.6360937036
2301,9.00952638814
2302,9.49030355622
2303,7.93064726504
2304,2.4368929791
2305,6.66319386652
2306,0.529857905384
2307,-0.769914655503
2308,4.62139351986
2309,17.0494657761
2310,7.81098620421
2311,4.22586942442
2312,6.27789041745
2313,6.97569226931
2314,-1.28620731759
2315,7.58190763659
2316,-1.15754808644
2317,4.49378236511
2318,14.5828828724
2319,6.6771615553
2320,5.27448407336
2321,5.33746683517
2322,1.40214154073
2323,1.96222590886
2324,6.85904432309
2325,14.0239006557
2326,0.0719646795059
2327,-0.058791182067
2328,5.06298403799
2329,1.34282242522
2330,0.623276849023
2331,2.96380124305
2332,4.32439226626
2333,0.176057293264
2334,2.71990047176
2335,-0.343559148552
2336,3.50564398109
2337,-0.0270639586643
2338,6.28954867795
2339,0.992915397598
2340,1.3858385046
2341,1.39187793117
2342,3.47204944652
2343,12.9229890239
2344,7.49860450612
2345,0.524680296833
2346,5.76495706079
2347,-2.90365270062
2348,-0.305331691808
2349,1.49892485824
2350,8.30156796585
2351,1.44459825648
2352,0.0583293343885
2353,6.49153924115
2354,17.1899728843
2355,8.48770550989
2356,12.9483082941
2357,1.66951029269
2358,17.1681548723
2359,4.81284179444
2360,4.06060751221
2361,12.8402500251
2362,11.0207826092
2363,5.16369467137
2364,11.2418125212
2365,18.9508786421
2366,17.5404996613
2367,4.29407175458
2368,16.4202675266
2369,2.94612978224
2370,6.27297788944
2371,10.2602264336
2372,18.0754939444
2373,0.908794993862
2374,6.23606257361
2375,8.13876530724
2376,12.9588131908
2377,20.6565764348
2378,6.9760642337
2379,11.0536094734
2380,-1.09522305736
2381,3.78747278115
2382,1.55280600118
2383,10.0378417472
2384,-1.89226008525
2385,15.2315559479
2386,7.48587889157
2387,11.7575210518
2388,4.68546730491
2389,10.3683061051
2390,1.99956592171
2391,6.04542984318
2392,14.5738438251
2393,3.02701642793
2394,10.2247872292
2395,9.50079321199
2396,2.86851489516
2397,3.88478504447
2398,2.52050557734
2399,4.78253416828
2400,7.09328973134
2401,10.0628566738
2402,8.23720951109
2403,8.06388245364
2404,5.2675243552
2405,28.0366141454
2406,8.01919198299
2407,9.37583906368
2408,15.9656729954
2409,17.5240718461
2410,2.53192230236
2411,0.600354698877
2412,6.08496531106
2413,9.46651443227
2414,-4.34725818227
2415,12.9172570904
2416,-0.885388261963
2417,2.16547253268
2418,4.28539108868
2419,13.6485301496
2420,8.10116298412
2421,4.24945291892
2422,14.2460375838
2423,1.34838428027
2424,7.67020955502
2425,3.19329392005
2426,6.69412898672
2427,6.95997327425
2428,14.4673670361
2429,7.2252564762
2430,1.09061351686
2431,4.54678204707
2432,8.05376326373
2433,8.08599835999
2434,8.59856448249
2435,-0.83507939656
2436,0.360809652325
2437,5.51434264086
2438,7.37894785608
2439,6.36192297826
2440,20.9102917431
2441,3.44265572271
2442,5.9930842358
2443,-0.523765888643
2444,7.47478022726
2445,2.64623347099
2446,13.6623657481
2447,8.40134897436
2448,16.7867720511
2449,16.2313903234
2450,8.97752187813
2451,18.7895799091
2452,1.4405690219
2453,11.9193166919
2454,0.132022246779
2455,20.7661964929
2456,0.769925750013
2457,3.77436794936
2458,8.04491403736
2459,7.66040305756
2460,6.69805091715
2461,2.40231847461
2462,13.6367529564
2463,3.13174686707
2464,4.17366944396
2465,7.11006777319
2466,3.46530049667
2467,5.80681109116
2468,6.87519883418
2469,11.0092680917
2470,1.09025179066
2471,15.5959299156
2472,1.86707264594
2473,5.69742809697
2474,8.6730529224
2475,7.03056213624
2476,10.3566842772
2477,2.60469193034
2478,8.49129085438
2479,6.93065573232
2480,13.8550452672
2481,5.52287465001
2482,3.31457345559
2483,1.18779035271
2484,1.68407745249
2485,7.84799697116
2486,1.4313375773
2487,8.8962206354
2488,-0.573741488458
2489,3.03196240152
2490,0.0458688066958
2491,9.91093030832
2492,-1.04196424045
2493,0.716845073066
2494,1.89842021758
2495,9.72633380587
2496,4.62325964123
2497,3.04289009219
2498,9.73296384353
2499,12.503624917
2500,19.274004902
2501,5.53690401591
2502,9.33019847965
2503,6.06450102691
2504,0.802837443518
2505,10.7583874621
2506,4.73760587905
2507,4.95449017766
2508,15.263038647
2509,7.75230780483
2510,7.01131066322
2511,7.31889706596
2512,10.6746175944
2513,17.3974252852
2514,5.47754727807
2515,4.04549002108
2516,10.6202946094
2517,-1.95740282681
2518,-2.98385507759
2519,0.584795639086
2520,26.5818044465
2521,17.6587656106
2522,4.54169923935
2523,8.98825331061
2524,3.07120607244
2525,4.93985642659
2526,7.46991814234
2527,-0.354032952954
2528,8.06964659347
2529,3.74704810781
2530,2.4891835768
2531,3.38088122186
2532,-5.94355266552
2533,8.17916190846
2534,9.68368582263
2535,4.54229999459
2536,5.74538081148
2537,1.7718928303
2538,6.73192320829
2539,6.55141737169
2540,23.3793183716
2541,-0.0700670344947
2542,10.6557423929
2543,-0.65869917521
2544,13.5095300042
2545,6.43541290189
2546,-0.749471822809
2547,8.38170801252
2548,1.50632593316
2549,6.42776342285
2550,3.51567546674
2551,15.9293871815
2552,22.1055780457
2553,13.9999104228
2554,3.41146082443
2555,4.92892722313
2556,9.86766970248
2557,5.32721983083
2558,8.71290202497
2559,3.76304890777
2560,4.95055351085
2561,15.0186447262
2562,8.93861786364
2563,12.0573156584
2564,12.7228700346
2565,8.00400239178
2566,3.00262751912
2567,0.543640815856
2568,1.02478128228
2569,3.14578511027
2570,24.3976262069
2571,5.40599952535
2572,8.63543535813
2573,-2.13289533045
2574,12.5131033919
2575,-6.78612927001
2576,4.45974043964
2577,6.67553541343
2578,8.77847593918
2579,4.95137644166
2580,4.44005436806
2581,2.12911369839
2582,18.7112861197
2583,12.4098964431
2584,4.58013138831
2585,10.6219985855
2586,-4.46954334433
2587,-2.59313769313
2588,7.87681736886
2589,3.96168370055
2590,4.04503446895
2591,0.756132563605
2592,1.98694604173
2593,5.10396600354
2594,3.28064479233
2595,6.51891100368
2596,4.65180604051
2597,17.5086799966
2598,3.56984191997
2599,10.3368183538
2600,9.34884501206
2601,7.91823980651
2602,-0.478964308267
2603,11.4417030268
2604,1.21017974204
2605,0.365514589195
2606,10.3761759796
2607,9.05752213235
2608,18.6380042826
2609,4.57791732384
2610,2.78543347358
2611,6.77596361497
2612,7.2046287519
2613,12.3969040496
2614,0.336460155737
2615,4.81431288264
2616,17.9375190369
2617,15.9102961094
2618,7.24083877228
2619,6.06793446123
2620,-1.33802160259
2621,6.4837851128
2622,2.85656901281
2623,5.75061346869
2624,0.273308495363
2625,19.3385217558
2626,5.49604516121
2627,-0.584993280295
2628,9.34504005841
2629,17.8392167805
2630,9.92765253343
2631,12.3307694968
2632,21.139868111
2633,9.33471039447
2634,5.26584150312
2635,2.28437901562
2636,6.59903234948
2637,1.2129076036
2638,5.48885621529
2639,14.1517752744
2640,9.43038421832
2641,1.84082337711
2642,5.88895091694
2643,8.60389968739
2644,11.5738886215
2645,4.06505655545
2646,11.5070640075
2647,5.71065747514
2648,-0.063533249876
2649,6.48999463007
2650,11.2310420546
2651,3.20782403406
2652,6.04748985272
2653,6.20702648608
2654,5.75537065656
2655,17.4394696631
2656,8.3640147289
2657,1.49081052926
2658,17.2943407334
2659,1.24717938185
2660,8.49833904913
2661,15.3915372428
2662,7.30144305899
2663,5.09983884044
2664,0.255413609178
2665,1.57829846315
2666,5.93730451986
2667,8.66339293567
2668,3.58933070405
2669,8.22892271685
2670,0.926660072552
2671,5.48379073473
2672,9.28193295392
2673,6.73566328939
2674,11.1071212082
2675,8.77612620254
2676,2.22831112547
2677,1.62907385886
2678,1.02663659658
2679,3.8397145905
2680,15.6800176087
2681,2.55455309214
2682,6.69740593783
2683,2.36319503296
2684,8.44340599769
2685,4.03039210364
2686,4.17021138519
2687,0.828259116883
2688,8.63215899812
2689,0.731208284589
2690,1.37353961017
2691,7.57922639369
2692,-1.59029467318
2693,1.90506667476
2694,3.10875411817
2695,5.81144958854
2696,12.2092922292
2697,5.72268440382
2698,-0.146179379642
2699,9.37248855502
2700,8.73981579406
2701,0.0552569403228
2702,5.99219586092
2703,0.495915091832
2704,1.65861013114
2705,1.484387603
2706,3.86477047355
2707,10.2692118779
2708,-0.663751710052
2709,4.14452125133
2710,-2.78390622826
2711,7.48506914369
2712,11.2382892039
2713,3.05558301816
2714,17.8321926102
2715,4.41585500954
2716,5.86447454414
2717,6.70314175684
2718,10.7877492087
2719,3.96134469511
2720,2.4643598375
2721,4.10699305428
2722,12.1098658236
2723,7.92552644623
2724,13.4581960669
2725,16.9674865663
2726,-3.85503079241
2727,9.59325292492
2728,10.6408307209
2729,3.46711600308
2730,2.17225358875
2731,3.17451766673
2732,2.08914533796
2733,5.05186891216
2734,0.671023469259
2735,2.1214170831
2736,20.5453647551
2737,1.27886450972
2738,-1.03499490851
2739,9.84794934874
2740,-1.83106068516
2741,9.73510980321
2742,8.05667262147
2743,1.71640091677
2744,16.9465949414
2745,-1.82596077009
2746,8.04677133512
2747,7.25761379563
2748,-2.17723752094
2749,6.56267117386
2750,-0.348322239829
2751,21.3408072008
2752,10.1695630254
2753,10.6786287094
2754,15.4149042947
2755,16.0444835652
2756,12.6180428034
2757,4.39495896122
2758,0.739530466677
2759,1.42637547652
2760,7.23133895246
2761,7.86023777878
2762,10.2739198674
2763,12.1144499225
2764,4.53392663814
2765,12.3478872178
2766,10.8249451925
2767,10.7324929075
2768,-2.0537955117
2769,6.32838129531
2770,16.1372930547
2771,2.80159055765
2772,19.1006266025
2773,5.52093241085
2774,8.26163485259
2775,8.61566533555
2776,9.97190026802
2777,6.24740817381
2778,14.6253711812
2779,4.55715665521
2780,1.95653086113
2781,5.69659048191
2782,3.2730424437
2783,3.26831806161
2784,7.49047883888
2785,4.84137451996
2786,8.33189665882
2787,16.8086292723
2788,2.11597513851
2789,4.53313850255
2790,8.34363038241
2791,9.20343008831
2792,5.25929463821
2793,13.4760008785
2794,7.47617023625
2795,8.70634154437
2796,8.61525506727
2797,23.4152124398
2798,7.69365937794
2799,4.86306581635
2800,14.906158942
2801,-3.04829106859
2802,6.90374647464
2803,2.13629864606
2804,8.20763949131
2805,5.51671663629
2806,2.84766252088
2807,15.8966106022
2808,5.62012573719
2809,6.61554748572
2810,8.51740851611
2811,6.04551452531
2812,10.0558733279
2813,2.20480157979
2814,4.54381251813
2815,10.3128130087
2816,6.91457533661
2817,3.25680284962
2818,8.42815987893
2819,10.4172304104
2820,7.27249675953
2821,5.10109276223
2822,11.9621648432
2823,1.97231478261
2824,5.24077703829
2825,14.0566808634
2826,4.5174970443
2827,13.5632898719
2828,13.4463023472
2829,11.7672115822
2830,10.0978712676
2831,11.7446882481
2832,17.4557757013
2833,5.40914271279
2834,13.1065960128
2835,6.76868627819
2836,9.12372307768
2837,8.86819507041
2838,-3.44624573749
2839,14.0460812169
2840,2.78812247152
2841,-1.63532537414
2842,3.6654002071
2843,3.10636285269
2844,5.32100535112
2845,4.58833543594
2846,6.26312523771
2847,14.4479493361
2848,2.89058911475
2849,-0.898039651322
2850,4.72823625345
2851,2.39879150687
2852,-0.600128895286
2853,4.49321498127
2854,4.91557456144
2855,14.6279090693
2856,23.0514981988
2857,3.30359296284
2858,1.26815044857
2859,5.20359062925
2860,7.38870039402
2861,-0.00970361846378
2862,13.0374073222
2863,6.91065355144
2864,-2.39055566408
2865,12.4533358994
2866,5.06661141503
2867,4.23966105725
2868,4.76490265485
2869,10.1981486005
2870,9.85447838788
2871,9.01443154024
2872,6.69019329601
2873,2.24090630669
2874,8.49307211183
2875,3.55071829224
2876,13.0054943652
2877,8.1803938232
2878,11.8644638172
2879,14.5269619738
2880,11.0849504601
2881,-1.42256299538
2882,4.347092505
2883,16.7911144321
2884,6.56311052827
2885,17.1280707286
2886,1.71819469291
2887,5.69324476662
2888,1.76497473411
2889,1.98918102265
2890,0.718147310826
2891,5.9845064556
2892,6.85067839855
2893,14.4620613319
2894,4.22932522196
2895,5.23252596223
2896,0.861357383373
2897,0.095398325614
2898,17.4293207596
2899,13.2356831263
2900,12.7902768849
2901,9.48554998146
2902,3.33795223685
2903,6.64663303315
2904,5.93153692203
2905,8.121974102
2906,8.389529112
2907,6.59294656409
2908,1.21162681192
2909,1.35779580757
2910,3.4808617581
2911,14.3833906094
2912,5.40344406371
2913,6.02348343213
2914,6.15591148409
2915,8.90046839057
2916,7.99709503091
2917,2.37245249897
2918,5.56298942951
2919,-0.130333739439
2920,9.82330899085
2921,0.64894696385
2922,4.85264079509
2923,4.21943182355
2924,3.59428269268
2925,1.32256190197
2926,9.79698335127
2927,12.9662592106
2928,4.5777734836
2929,13.7125780398
2930,-1.05228652722
2931,5.0118076251
2932,0.830475140173
2933,0.0763732821558
2934,7.41242672401
2935,24.7125689692
2936,8.51733783036
2937,1.22682345674
2938,6.62955829161
2939,3.96145235516
2940,-0.331746837124
2941,2.24001811656
2942,5.21156312546
2943,2.21869957633
2944,6.94702979049
2945,3.08204703658
2946,4.30741627988
2947,8.66387971547
2948,7.08823544948
2949,6.71220071682
2950,12.4943075914
2951,7.0739536084
2952,2.19369940135
2953,-2.3276281632
2954,2.87175865131
2955,6.086553377
2956,5.61031268662
2957,1.05946835673
2958,7.71557687655
2959,2.72989487312
2960,-1.51637260431
2961,-2.4374090948
2962,7.59482652075
2963,5.92404929815
2964,-1.76778897179
2965,-3.18816125665
2966,4.00670412977
2967,2.06467981468
2968,2.52490359667
2969,-1.52314618692
2970,0.740605038486
2971,1.15433890382
2972,7.20747656244
2973,0.993275985518
2974,4.01999433203
2975,4.52022372386
2976,10.3549759873
2977,1.35917990022
2978,1.8278735814
2979,3.95358885006
2980,4.31908121307
2981,11.8319041795
2982,5.77070297195
2983,2.48722297678
2984,6.31544029644
2985,14.8114715129
2986,12.8570171587
2987,1.27608957248
2988,3.38856738506
2989,10.7277799941
2990,12.8601857453
2991,12.3981604994
2992,6.86545012749
2993,-1.31600303856
2994,7.47852728576
2995,17.6356268655
2996,9.58251319824
2997,5.45773387582
2998,8.30435184922
2999,6.68378059366
3000,-0.923138099236
3001,9.88603133515
3002,3.86060193792
3003,10.7769423731
3004,8.91595953672
3005,6.67678159525
3006,-4.09457756469
3007,3.66859107796
3008,6.80680809398
3009,15.0394713179
3010,-0.993742394278
3011,8.70102452147
3012,3.22949350866
3013,5.4852928913
3014,6.19027574818
3015,13.3353415119
3016,0.619984155004
3017,12.0082245443
3018,3.60412293352
3019,2.96231163408
3020,4.56172078466
3021,13.4271334613
3022,1.24720901616
3023,1.75172748494
3024,5.35437288081
3025,2.45894655292
3026,9.84251516759
3027,1.85070287775
3028,3.20369926251
3029,10.2771246033
3030,10.0052297298
3031,13.1821738504
3032,18.3864259084
3033,4.15172597964
3034,8.66858386709
3035,10.2180839501
3036,16.5795749392
3037,3.4523892896
3038,10.1818384424
3039,11.8948428219
3040,4.8177474867
3041,5.52858490911
3042,4.07233869246
3043,13.889473969
3044,8.42106476779
3045,11.6553996862
3046,16.6748052706
3047,-5.14775993816
3048,11.9865741921
3049,4.28985077591
3050,14.0719569094
3051,8.8541592238
3052,-2.25472123859
3053,6.25824728443
3054,3.2956402929
3055,0.429900243217
3056,7.7427732316
3057,1.31869813708
3058,-0.833592203645
3059,12.0921798223
3060,15.5638839837
3061,6.94636760148
3062,8.94096998786
3063,5.36877088558
3064,14.9724913886
3065,9.66720303289
3066,17.8362933509
3067,2.15482084461
3068,3.21867349578
3069,8.0029680649
3070,3.2640789345
3071,1.22778691372
3072,11.3110107228
3073,4.12445022859
3074,9.55609151714
3075,6.24115966283
3076,7.80417348696
3077,8.79293046532
3078,4.28410203865
3079,0.857727128043
3080,-1.01168269137
3081,0.0327297678712
3082,17.2726520668
3083,5.0972283301
3084,5.64903491352
3085,0.589465561493
3086,5.2007387604
3087,11.873858198
3088,4.66925151734
3089,4.13622012307
3090,-5.19042429384
3091,15.3720169513
3092,8.81961241982
3093,11.7908073437
3094,13.7642386349
3095,15.8747872632
3096,11.954494549
3097,8.7644595354
3098,8.61678578704
3099,13.3011787852
3100,2.04433483299
3101,6.74864636531
3102,9.48280055098
3103,2.77915546242
3104,7.91372411765
3105,10.4740028779
3106,11.4033663579
3107,0.525029368591
3108,1.66318268207
3109,7.76992483395
3110,3.51605000684
3111,11.3377457126
3112,6.60749731172
3113,0.434530471621
3114,21.4587150341
3115,7.26577169826
3116,13.7867066247
3117,7.85109437418
3118,7.5862766108
3119,2.87497585493
3120,4.3842773107
3121,-0.361327656683
3122,15.6196869828
3123,1.87565701259
3124,3.10851507443
3125,4.03261468537
3126,6.62978159189
3127,8.75939570997
3128,8.91550118515
3129,14.9488232557
3130,0.592133836492
3131,6.57860792265
3132,19.1063387829
3133,-0.804369174834
3134,4.76118695885
3135,3.58872768621
3136,7.60531206408
3137,13.3355373748
3138,4.12361413688
3139,10.4233045766
3140,8.37112227088
3141,4.25336695623
3142,11.242253962
3143,3.01026309105
3144,8.07678961708
3145,-2.58643223021
3146,2.5610691599
3147,4.37425863229
3148,-3.07800022254
3149,7.25045485523
3150,9.54337619345
3151,4.81768566231
3152,4.14607115703
3153,14.5379153571
3154,9.08939118016
3155,12.788750792
3156,11.3925996711
3157,4.71163593066
3158,12.3203381722
3159,14.0255949821
3160,4.48984506274
3161,10.4479789239
3162,3.81494570661
3163,4.56289559095
3164,0.407352951441
3165,7.72953533135
3166,5.80931067579
3167,6.06423935542
3168,2.84247695266
3169,7.20929032702
3170,6.28655712645
3171,7.46814055248
3172,14.7340977428
3173,5.03453431832
3174,12.9177994079
3175,3.22729801111
3176,5.44777899372
3177,15.5733310857
3178,7.36387631204
3179,1.1292000728
3180,8.63965914337
3181,10.4487818514
3182,-0.730296754487
3183,16.5960883134
3184,2.86662971847
3185,1.64175698448
3186,10.0062232673
3187,-0.735207485035
3188,6.89536348235
3189,2.62157126222
3190,8.18718534629
3191,11.8854386506
3192,0.35410796337
3193,1.67126949125
3194,3.12612503775
3195,4.78252663647
3196,7.5489240902
3197,1.77138476661
3198,10.7809061917
3199,6.07714953229
3200,4.91244708939
3201,14.3482620431
3202,11.585807715
3203,15.5888597199
3204,7.86152424314
3205,3.28320488499
3206,7.2702412051
3207,9.45947203388
3208,4.34074275554
3209,6.91000730514
3210,2.68300711897
3211,12.3084072275
3212,3.63351892739
3213,14.2746760028
3214,6.93632668496
3215,14.3492357318
3216,8.27294322822
3217,-0.381396665708
3218,-0.406008676778
3219,10.4040717993
3220,7.92479379319
3221,3.36183522948
3222,-0.955275316845
3223,5.62459415283
3224,2.76884273616
3225,3.4565709788
3226,5.17373874518
3227,20.497371032
3228,12.213820129
3229,0.215433602709
3230,8.69467433821
3231,16.5950488089
3232,3.62300537194
3233,5.38026194618
3234,5.13616542239
3235,-0.196488188349
3236,12.0749315556
3237,2.17708911631
3238,7.03457949316
3239,2.8398895481
3240,3.42208632219
3241,3.15093359664
3242,2.39641163177
3243,10.1700616923
3244,7.048488631
3245,-1.94776644731
3246,11.1939539148
3247,2.79686649426
3248,3.59107178026
3249,9.49575879233
3250,23.5100913871
3251,9.58852338135
3252,2.90424729742
3253,5.8383867558
3254,11.34826461
3255,10.6690274868
3256,10.764863175
3257,11.6874272191
3258,17.1927894472
3259,10.3530693964
3260,8.28052009513
3261,3.4229336103
3262,8.31372841841
3263,13.1331820008
3264,10.2082362025
3265,3.1438822707
3266,1.11168616183
3267,15.3596096916
3268,0.591271292513
3269,9.59755848445
3270,-1.74991957186
3271,-0.227455628078
3272,7.57042189194
3273,3.40316780014
3274,4.3103598977
3275,12.128771758
3276,8.35002291631
3277,-3.79055666603
3278,7.20394363072
3279,8.22792382033
3280,3.72645493126
3281,1.49920775136
3282,2.01188306107
3283,9.5773138997
3284,5.02841330603
3285,2.11611787729
3286,14.1445635191
3287,15.1999922855
3288,2.54891400976
3289,12.2128088078
3290,7.84640648556
3291,10.8114564171
3292,8.69441831954
3293,2.48745305523
3294,-0.250587745322
3295,2.16148367966
3296,5.60353261153
3297,5.90251493891
3298,7.83140963507
3299,1.58269891398
3300,2.08059953631
3301,7.63997251832
3302,5.47224911444
3303,2.2131711005
3304,12.7837085161
3305,2.30872573579
3306,12.9527062511
3307,10.4982687686
3308,7.51480567792
3309,20.0590554755
3310,6.38032678745
3311,17.4546829241
3312,7.25090101513
3313,5.35893402215
3314,-2.63922102334
3315,6.81326303611
3316,21.1974047149
3317,15.4957330285
3318,9.59858256632
3319,3.26058774155
3320,-3.72713034482
3321,12.3995563422
3322,1.21234373903
3323,11.3688707803
3324,0.582470209691
3325,8.52683882359
3326,3.88655185166
3327,4.69518412345
3328,1.47288359939
3329,2.67620405592
3330,6.64582770244
3331,-0.0773937593283
3332,1.02774551287
3333,3.4438232916
3334,0.718128297934
3335,4.86870920095
3336,5.6133225503
3337,18.5005386183
3338,2.46803394018
3339,8.10383606851
3340,7.25049412221
3341,7.63538046913
3342,10.1496788076
3343,-0.0250731177282
3344,9.09524801969
3345,0.604458539147
3346,4.20696441467
3347,8.46093601816
3348,6.28297524976
3349,-2.15791654631
3350,8.85791144183
3351,7.02558292064
3352,8.70133759573
3353,6.76114853979
3354,12.9518073759
3355,5.51926319297
3356,13.610418871
3357,5.31859897726
3358,9.73496536281
3359,6.16471417966
3360,-2.29294358432
3361,9.60699729407
3362,19.4036841465
3363,7.18634435853
3364,4.26881116424
3365,1.28303169861
3366,11.9468927507
3367,3.18810335203
3368,4.30744808783
3369,9.66642092844
3370,0.347211325055
3371,11.1029050205
3372,-0.297639554628
3373,16.0269796073
3374,7.50518407112
3375,13.7684236796
3376,16.4685840644
3377,1.39181767009
3378,0.720802253048
3379,6.19974085399
3380,6.39391604131
3381,9.4986585964
3382,11.1749186092
3383,0.450256489273
3384,1.43890010073
3385,-4.08274090463
3386,3.34151107353
3387,5.63100121452
3388,16.1638940424
3389,5.03644831691
3390,9.19751682307
3391,5.8548012264
3392,13.9902169092
3393,11.8932340247
3394,10.2728473785
3395,10.1390624713
3396,11.3243994774
3397,10.375549081
3398,3.6599950978
3399,3.30813884002
3400,2.18158267759
3401,28.1885021716
3402,14.3224275376
3403,-1.11532382438
3404,3.55753598106
3405,-0.15258678411
3406,18.081022907
3407,1.82478444819
3408,6.96162428301
3409,7.13746114767
3410,10.6074567429
3411,2.66620422083
3412,1.28208197848
3413,-1.26424803664
3414,1.30129866123
3415,2.78905450437
3416,6.17056833215
3417,4.63591470998
3418,7.0139320161
3419,6.76491023602
3420,8.15709325561
3421,9.2633852758
3422,6.43330878286
3423,2.08215663381
3424,-0.411880184121
3425,11.028366818
3426,5.23262049812
3427,4.49619125958
3428,4.68788358874
3429,7.60174535583
3430,2.9561705984
3431,9.30784921277
3432,2.98547922855
3433,3.74261509048
3434,11.7183220293
3435,13.7557260919
3436,3.59027397803
3437,16.2606226912
3438,15.9999177582
3439,5.58438175979
3440,1.04838848617
3441,8.37098899784
3442,10.169094838
3443,1.50046418353
3444,7.37626169554
3445,7.46316368871
3446,3.91226866763
3447,7.04639157477
3448,3.45496630348
3449,11.76172028
3450,5.04030974695
3451,19.9246321954
3452,4.93253971385
3453,9.98048089909
3454,0.630625044916
3455,3.20785434391
3456,7.47024449439
3457,4.98214623166
3458,16.6334054729
3459,2.78378066521
3460,12.3410938933
3461,2.03570371779
3462,14.4842298144
3463,10.5807299605
3464,-1.62354333473
3465,-2.09492891131
3466,9.7530915922
3467,7.3330763162
3468,-1.20549955352
3469,2.60936456023
3470,-2.80260073067
3471,15.7008728022
3472,2.68056068401
3473,8.8969783132
3474,8.63286488768
3475,4.85359030797
3476,-1.02421872272
3477,4.61969697771
3478,16.3124307607
3479,1.97689747395
3480,3.9952410016
3481,2.92993051077
3482,0.997502224422
3483,8.70097468454
3484,3.44751749902
3485,18.8453091625
3486,4.64406308363
3487,-4.8616188377
3488,7.88930072954
3489,7.48286244488
3490,-3.60961930001
3491,9.79164229518
3492,5.15564667948
3493,4.82767935767
3494,20.9936830982
3495,13.5876678813
3496,6.42287995725
3497,15.7479153834
3498,13.2021309426
3499,9.01557493798
3500,0.725052391415
3501,4.74132580849
3502,2.41050894787
3503,13.4088210711
3504,5.84925952259
3505,12.7068015629
3506,8.22216055093
3507,3.14112261305
3508,16.8462553366
3509,2.94803837965
3510,1.41895477878
3511,6.58410507468
3512,9.07307768785
3513,1.75781842679
3514,0.233598041704
3515,19.6623469628
3516,1.8568223351
3517,4.50554995053
3518,10.6965822697
3519,3.99720656137
3520,5.63150325217
3521,10.6597569471
3522,2.21145265113
3523,1.16554346871
3524,8.11286511065
3525,3.27353082815
3526,2.53500783792
3527,1.44787754608
3528,17.4414178161
3529,9.21944996667
3530,8.17514946123
3531,3.20668115639
3532,-3.78628411696
3533,5.95437291274
3534,5.85550745631
3535,2.66710887425
3536,2.45819720023
3537,6.37568775216
3538,11.8068292649
3539,11.0663632786
3540,6.93805227564
3541,-0.0910513482696
3542,0.567739126593
3543,17.2364326575
3544,-1.50015263072
3545,6.11363451611
3546,-1.22882204518
3547,3.44494853349
3548,1.55784444912
3549,12.3362541626
3550,5.36646573163
3551,12.7260099188
3552,-6.27630490347
3553,13.6295953391
3554,5.32360968503
3555,10.780123375
3556,3.6266156716
3557,5.38138302363
3558,13.0249642172
3559,7.68999442632
3560,6.61731532793
3561,4.89827445235
3562,5.76725233068
3563,5.62441695135
3564,10.7260119194
3565,2.06744774219
3566,3.70639421051
3567,11.5236811857
3568,7.28985093778
3569,5.61324444477
3570,5.25751127696
3571,7.44570311164
3572,8.7965352081
3573,6.62607850486
3574,7.00310106243
3575,2.75946436106
3576,18.4659328871
3577,17.6028219728
3578,8.80412033535
3579,8.72614050916
3580,2.56780859238
3581,7.71302703349
3582,0.223489507046
3583,4.30095967979
3584,0.0349206654747
3585,5.43974301944
3586,0.489898000152
3587,7.63050813526
3588,2.39456085196
3589,10.9261027774
3590,2.295604932
3591,9.57511352257
3592,1.47849644569
3593,5.34493866683
3594,19.0896651012
3595,16.1241837363
3596,3.91092859493
3597,7.12293431606
3598,6.04192543654
3599,15.1735743542
3600,10.8853863272
3601,7.44090244518
3602,3.82333777758
3603,1.09117401698
3604,8.78640774767
3605,7.63009536365
3606,6.73934174954
3607,8.45206207006
3608,-0.512846710643
3609,8.40649531445
3610,1.90517833815
3611,7.83198484925
3612,1.90611503105
3613,7.96707697816
3614,6.52746835112
3615,11.7710773185
3616,2.33957177812
3617,12.3573740562
3618,3.42439258367
3619,2.51068207746
3620,6.47949143527
3621,7.08488686449
3622,7.32020545685
3623,5.19566289367
3624,6.02970105217
3625,9.00432651837
3626,5.51166211149
3627,10.8026806794
3628,18.3578005354
3629,3.49623443301
3630,3.75372302665
3631,0.676622372643
3632,23.8203041048
3633,-0.249137836899
3634,2.050800227
3635,8.54153201255
3636,4.2254512801
3637,1.57205120503
3638,7.98139576381
3639,10.1698478774
3640,12.4396071952
3641,9.41867431928
3642,7.48955727237
3643,11.0778764171
3644,14.5648270477
3645,10.2994941493
3646,9.62350286441
3647,3.2055177565
3648,6.4924409495
3649,14.9721322881
3650,-1.35342511856
3651,4.66712980681
3652,10.0728073279
3653,1.44467133566
3654,-2.98759269797
3655,5.43615959956
3656,5.06146362233
3657,25.7938320293
3658,0.192024147198
3659,6.20420807568
3660,1.51395887391
3661,10.3344464422
3662,7.69666323495
3663,2.41013978984
3664,5.65031564727
3665,-1.02003062671
3666,11.6462860403
3667,3.72890860672
3668,10.0217975188
3669,9.05389794618
3670,7.77968342544
3671,9.54261494436
3672,8.85008900227
3673,3.17402535641
3674,11.2004549185
3675,8.42243878557
3676,1.90386302727
3677,19.5777794988
3678,7.83428857041
3679,3.11068306345
3680,3.41627203082
3681,2.49504905163
3682,5.49778520956
3683,9.05690714212
3684,1.34630085364
3685,1.90422508735
3686,9.33493449691
3687,20.6055108308
3688,6.90427177126
3689,6.49316165631
3690,7.41935605943
3691,4.89975223053
3692,15.8860800569
3693,0.787360596606
3694,10.3230371362
3695,10.6139578844
3696,4.36693138369
3697,9.50037208612
3698,13.8854037641
3699,-1.66445947596
3700,2.93185274413
3701,13.3589928125
3702,3.23889887741
3703,9.17647757679
3704,15.1598377865
3705,3.52846685928
3706,7.95158985995
3707,1.42847382986
3708,13.0833094705
3709,14.1605571361
3710,9.67385363739
3711,2.76646461796
3712,3.56416076208
3713,9.37151347467
3714,7.24788336498
3715,9.9716964754
3716,15.567668521
3717,15.3318248143
3718,11.6128333178
3719,1.22103461097
3720,12.0904020344
3721,11.3424489758
3722,1.02338754017
3723,5.70281725835
3724,3.49930851061
3725,24.3502751517
3726,11.3341130866
3727,6.65886773381
3728,2.7870141065
3729,11.7783607289
3730,16.5498891739
3731,10.4265844576
3732,1.42907591206
3733,11.5751026466
3734,7.79351231826
3735,6.58592636695
3736,5.17844530486
3737,23.5364149454
3738,4.38897022866
3739,5.87645746057
3740,8.78484364108
3741,2.69102148423
3742,0.613374865217
3743,12.0620499104
3744,0.629094764721
3745,8.89453333499
3746,9.77127278783
3747,5.40354546397
3748,7.4472067207
3749,5.7940831246
3750,12.7905383271
3751,9.52455258917
3752,9.44266250793
3753,2.36945896199
3754,6.72740265382
3755,6.86888288221
3756,5.73862157593
3757,4.65182025238
3758,0.557035251376
3759,11.4105962477
3760,4.8046287993
3761,9.35252867774
3762,3.23852529859
3763,7.65976995254
3764,14.3137054849
3765,6.82411331752
3766,-0.654754927334
3767,11.5830286571
3768,9.37613521518
3769,-6.64200523367
3770,19.4985073974
3771,8.80483336385
3772,6.00854895559
3773,5.48930646222
3774,15.3040169597
3775,0.501273533788
3776,4.59940609066
3777,15.146176293
3778,4.002880225
3779,2.75385992593
3780,9.27812016212
3781,-3.88145001339
3782,8.97392325179
3783,10.2124965279
3784,1.66610150514
3785,22.4368797413
3786,14.5404850739
3787,8.95270387305
3788,8.53250699903
3789,9.91575870016
3790,-0.368358960491
3791,-2.12520017192
3792,12.3818159055
3793,20.925204858
3794,-1.52070016963
3795,3.05064471844
3796,2.05679693665
3797,7.76253919393
3798,3.48539244358
3799,3.89835212577
3800,10.231605512
3801,14.1553667222
3802,13.3135655668
3803,36.7662792949
3804,7.8403528308
3805,9.16073026555
3806,7.58436665935
3807,12.1061373133
3808,3.93495251562
3809,7.37087603414
3810,13.4359092785
3811,5.40626251307
3812,16.1879797344
3813,0.192042591015
3814,6.21475055676
3815,0.99573666753
3816,14.9308269302
3817,13.3088065215
3818,8.90354188999
3819,3.11943389869
3820,1.40642781065
3821,12.2168901267
3822,8.18007520828
3823,0.611049038352
3824,4.27334489594
3825,11.0542381454
3826,7.86030172886
3827,11.5891879527
3828,7.56931056283
3829,5.22941437531
3830,12.5974683377
3831,-2.6382627951
3832,1.57292745654
3833,1.85346149135
3834,5.24519420345
3835,7.77829688905
3836,5.93665537763
3837,18.9208789709
3838,1.40798526779
3839,-4.30687757592
3840,1.57655392601
3841,20.7426205574
3842,6.33290404564
3843,5.05337301125
3844,12.6878019279
3845,3.36482226437
3846,8.38113680534
3847,13.7569569996
3848,2.71787281045
3849,-3.34639210085
3850,7.53986097643
3851,10.3829344459
3852,2.3927115568
3853,8.07718106055
3854,0.738990386703
3855,1.72255176945
3856,4.91804414046
3857,8.13167639685
3858,-1.28890413576
3859,7.47194878191
3860,9.35113746258
3861,-0.956777733877
3862,12.6045244785
3863,16.2766985307
3864,7.98828721481
3865,7.69987349339
3866,7.61017985085
3867,4.49737671951
3868,5.32119791619
3869,4.74029154879
3870,3.52516421572
3871,12.3924603171
3872,2.99036537982
3873,19.8443305963
3874,2.51766529125
3875,12.8165324484
3876,6.30088790571
3877,10.0534209416
3878,28.2460327564
3879,5.06233913343
3880,6.93990048052
3881,3.27442451524
3882,0.819054300557
3883,13.4542143356
3884,24.1429024571
3885,8.67978317112
3886,10.4162322482
3887,11.4836458968
3888,-0.39491872964
3889,3.47797011661
3890,7.02035520362
3891,11.1727357856
3892,4.37204024429
3893,2.2320943109
3894,5.53061031505
3895,9.55695470146
3896,2.01306981127
3897,6.70094063282
3898,9.02922215626
3899,14.2605880735
3900,10.9593490324
3901,-0.373852595719
3902,9.16694197761
3903,-0.524345904424
3904,5.33636765369
3905,1.14802298298
3906,9.67271996582
3907,1.83396239666
3908,13.0436407254
3909,1.63018719556
3910,7.88100413165
3911,13.3162331819
3912,5.06348155048
3913,4.84413199881
3914,12.5074070133
3915,4.62130375662
3916,13.8047814005
3917,5.29486761762
3918,-0.526480854974
3919,8.10144144378
3920,0.815942505555
3921,3.01936811456
3922,19.192938606
3923,13.8616504964
3924,11.3846308219
3925,5.83609875268
3926,7.38481627466
3927,0.891711468368
3928,1.58700606116
3929,7.18392998026
3930,7.17975846211
3931,14.3099727925
3932,18.4250261592
3933,16.0999885411
3934,5.21203293003
3935,4.40352407569
3936,10.9007970901
3937,4.63349672459
3938,7.30395477951
3939,3.57884171141
3940,3.75625594782
3941,8.40295744878
3942,1.11344541783
3943,8.56802122874
3944,3.35304623574
3945,5.5502349661
3946,16.4680345992
3947,-0.187123920482
3948,9.11565937998
3949,5.9222367736
3950,-0.489401565051
3951,-0.179095846569
3952,16.137222182
3953,7.43061339555
3954,0.670952080208
3955,3.10140143998
3956,-0.125828510258
3957,1.61051291313
3958,8.10776695081
3959,-2.27722488987
3960,3.70865738577
3961,-0.260706529984
3962,1.61033826646
3963,5.77889444164
3964,5.20860337642
3965,14.8392631506
3966,5.70699188573
3967,16.4786711224
3968,4.92092064623
3969,7.12978940274
3970,4.76295258484
3971,2.85425414732
3972,8.82905326355
3973,17.4459491941
3974,10.6470703816
3975,16.0750296569
3976,0.21877777384
3977,6.41414613032
3978,7.0206587837
3979,18.5480683529
3980,6.72956296825
3981,13.951298429
3982,7.15352263474
3983,-0.970572544821
3984,2.7314557068
3985,3.15351009588
3986,7.11703675353
3987,9.88770461954
3988,4.03538687987
3989,11.6875325107
3990,1.15886025156
3991,10.8728643578
3992,4.84318771058
3993,5.51168829799
3994,15.1930515185
3995,10.0634988737
3996,4.23133424744
3997,7.4640528922
3998,13.1219418836
3999,11.6468368661
4000,6.25225006058
4001,-2.95778069251
4002,10.0319383424
4003,-1.30316639681
4004,6.81900909036
4005,22.3482916827
4006,8.42192696134
4007,17.3165022014
4008,5.45584470845
4009,6.05233954878
4010,2.23683593316
4011,7.10724425963
4012,23.8018664476
4013,-4.92296231205
4014,5.60789924171
4015,-1.63024191128
4016,9.74206966129
4017,6.54092496847
4018,8.75751832413
4019,6.31287676101
4020,17.8538792424
4021,12.7922699946
4022,10.5706153325
4023,14.2962115334
4024,0.103563349649
4025,16.5266954762
4026,10.1017713018
4027,17.1094662647
4028,4.40858041403
4029,3.55830892794
4030,3.03694981339
4031,8.22941591791
4032,-0.105504597935
4033,9.49938165472
4034,-2.31224402278
4035,19.4821751749
4036,11.0823353802
4037,12.4730219139
4038,15.3957137549
4039,1.78718400906
4040,0.185318909986
4041,10.3569629235
4042,4.8524390214
4043,4.18095416112
4044,2.19364853262
4045,6.73623858886
4046,20.0309944752
4047,5.20545900133
4048,4.11905009379
4049,3.97150558697
4050,6.03416056138
4051,9.92246497013
4052,6.59531221858
4053,12.6248873229
4054,8.49841565606
4055,0.284532880292
4056,11.0761070773
4057,5.06415678871
4058,7.91492894485
4059,5.80923738243
4060,3.00532373519
4061,10.2795709058
4062,3.27198296988
4063,13.1543410043
4064,4.11043070437
4065,6.54014972321
4066,-2.34047829453
4067,0.349679841027
4068,8.00046153271
4069,3.61711476321
4070,5.96936663811
4071,12.1939460421
4072,10.5678412437
4073,7.33216609978
4074,11.4602567779
4075,12.7853484834
4076,10.0924041873
4077,-0.900815690611
4078,16.5484251476
4079,5.82533260777
4080,18.2319878654
4081,3.62237378022
4082,11.7827745228
4083,8.62338038408
4084,10.3582242
4085,5.36906438572
4086,0.291810425298
4087,9.56438533698
4088,9.726666438
4089,3.94924233972
4090,16.153223873
4091,25.0459147417
4092,6.08663646044
4093,4.39065588629
4094,4.21968699183
4095,5.30248524846
4096,18.6237002948
4097,3.15563693395
4098,1.51039108736
4099,6.42291191446
4100,6.05477424799
4101,6.7116861458
4102,2.7183149186
4103,6.42206702449
4104,4.63104384816
4105,4.67930594894
4106,6.27695896234
4107,5.52235017852
4108,1.10686110389
4109,6.24739137568
4110,3.38688777625
4111,0.934251212084
4112,12.6870027348
4113,4.47469862526
4114,5.13055366109
4115,8.13282192454
4116,5.57961977507
4117,24.668387253
4118,6.6938571806
4119,4.80098581928
4120,13.8684270298
4121,3.82766187655
4122,10.6478987493
4123,7.18757514656
4124,6.65887015914
4125,2.90070842842
4126,7.36522520614
4127,2.12735135814
4128,8.80589930061
4129,6.88978405776
4130,9.67021182986
4131,4.10716681614
4132,17.8259653648
4133,6.91679016958
4134,0.530226994975
4135,9.04621521611
4136,11.5658185971
4137,4.89415686466
4138,6.67787251951
4139,0.765505288005
4140,5.19447850274
4141,7.10647551439
4142,0.738858507271
4143,3.70150211175
4144,6.58982289002
4145,13.4548529648
4146,1.52390735052
4147,7.75144597481
4148,6.86488891921
4149,2.17960082834
4150,6.69815148438
4151,-1.72411567313
4152,3.38308046637
4153,0.898305233143
4154,10.9199151566
4155,6.62983223736
4156,15.1040646282
4157,6.37040484704
4158,0.889717240207
4159,7.07214959064
4160,8.35528701257
4161,9.67460511918
4162,8.39028743833
4163,13.6873361977
4164,4.86385815697
4165,16.9544131439
4166,3.1205642001
4167,-1.45729738433
4168,8.40820938283
4169,0.154424787044
4170,4.56622081036
4171,9.50638901973
4172,5.46154959359
4173,-5.306158768
4174,0.913431067354
4175,20.1808917747
4176,11.0330278919
4177,9.96202846774
4178,6.42541504923
4179,11.6580141937
4180,15.0787726228
4181,3.49589339034
4182,16.2487866647
4183,8.15353710875
4184,5.51371626161
4185,4.19288641061
4186,8.25190150437
4187,1.67353286469
4188,8.22132716289
4189,3.24598119365
4190,10.6364721079
4191,10.1950888215
4192,8.82051669178
4193,4.40338837798
4194,11.1677375184
4195,3.92368979631
4196,13.8491044875
4197,-2.54883690609
4198,7.23706203181
4199,-2.71813814985
4200,9.29917887747
4201,24.2674066176
4202,7.27250462522
4203,2.80799897248
4204,6.15904202473
4205,1.58538876247
4206,7.1862845432
4207,-0.449068513245
4208,8.15055643038
4209,8.47641161541
4210,3.91056203978
4211,18.0696763759
4212,5.23602622119
4213,2.7421499777
4214,4.4571290976
4215,6.27241034969
4216,13.2851713151
4217,2.13212477529
4218,13.8401830958
4219,6.21042743035
4220,9.037027701
4221,-0.771058558281
4222,12.9012441834
4223,18.5909697195
4224,10.9633281031
4225,7.60489639879
4226,4.44600446132
4227,3.22079025871
4228,7.53437981778
4229,2.9558714179
4230,5.19043695059
4231,13.182164675
4232,11.1917995475
4233,2.60468639153
4234,7.8561274615
4235,20.0371447491
4236,0.772995853668
4237,5.57615112393
4238,11.3375961779
4239,2.65085577606
4240,1.70434223101
4241,0.0605548086604
4242,7.19714583025
4243,5.57396966235
4244,8.65118975846
4245,7.78744445508
4246,7.81400793157
4247,2.94709005814
4248,11.3273286924
4249,1.04278223611
4250,20.0810289254
4251,1.67584900033
4252,-2.97466153614
4253,7.63649136957
4254,9.88935106999
4255,10.8244341507
4256,1.8448128208
4257,10.0569636193
4258,22.8008137322
4259,10.7411955532
4260,6.31274598946
4261,9.47855379486
4262,6.29402711246
4263,0.17028792855
4264,12.7756697555
4265,11.3176783572
4266,5.86572243454
4267,3.70014597266
4268,12.7084335882
4269,4.58390285097
4270,12.4683400264
4271,19.1276378718
4272,6.41693907452
4273,1.62063034245
4274,2.15580723798
4275,10.3160106728
4276,7.04764979698
4277,0.672585491201
4278,7.1206144047
4279,1.50122407317
4280,4.75034247251
4281,14.75824288
4282,12.2966152215
4283,4.72295466107
4284,-0.813771283192
4285,10.3254616804
4286,1.12731962065
4287,1.34824413369
4288,-1.28860984259
4289,1.50491524036
4290,7.69073238244
4291,7.26205280838
4292,-3.15380024819
4293,4.38312968338
4294,12.4292737083
4295,18.0911540946
4296,5.03874885667
4297,4.06987111052
4298,1.74412832341
4299,4.72854897668
4300,8.21328333471
4301,7.59446832152
4302,8.86721951537
4303,11.7751053223
4304,5.25744343067
4305,7.12688331034
4306,12.285048789
4307,19.097191687
4308,3.24777325678
4309,9.19218730379
4310,3.29797073705
4311,0.613106191893
4312,4.00062904298
4313,11.9183940162
4314,8.15567030798
4315,11.204561116
4316,-0.0429971023601
4317,4.41534945369
4318,18.7786761048
4319,3.45881309033
4320,4.04785062333
4321,4.76037510989
4322,4.99217874516
4323,5.4782479418
4324,15.1946413515
4325,11.0672779181
4326,7.27553110283
4327,6.76671831653
4328,11.0562252721
4329,2.44956869493
4330,13.7456002179
4331,13.9151126251
4332,2.16512691186
4333,8.20481637065
4334,3.75228547721
4335,2.9586518459
4336,6.39974097884
4337,4.54825379523
4338,15.389670508
4339,11.038162032
4340,4.23537261866
4341,0.0597117347074
4342,4.64189315687
4343,2.11667979736
4344,16.1381976562
4345,9.00985402853
4346,17.8418108586
4347,1.50414981757
4348,4.04404060949
4349,7.14262811012
4350,8.47318649524
4351,6.50609702414
4352,6.22759113019
4353,5.01085761441
4354,-1.03972016471
4355,6.84560245288
4356,8.08410342444
4357,7.80422722113
4358,12.5793779407
4359,7.45799544959
4360,15.1595478862
4361,0.793778044139
4362,4.93051275357
4363,10.5822056938
4364,3.38757504711
4365,9.66855375441
4366,9.04214848442
4367,3.8120609488
4368,9.99877854947
4369,5.86085546064
4370,12.2086314514
4371,23.0881657296
4372,-0.533690594082
4373,-1.92200167446
4374,0.478966055798
4375,1.4222723768
4376,4.71686915699
4377,0.0166307813234
4378,-0.522354275088
4379,2.30047645621
4380,15.1365761173
4381,2.46675681898
4382,8.3045219681
4383,7.62401826117
4384,3.6585150822
4385,6.73194421131
4386,3.98723400604
4387,-0.326185514968
4388,-1.89443088777
4389,10.5458640474
4390,2.34447993692
4391,7.85909898232
4392,2.80084014313
4393,3.83213529103
4394,6.52528255939
4395,7.69786322943
4396,8.50899825341
4397,-2.02196861168
4398,-2.659848529
4399,2.63302671806
4400,2.39048413585
4401,19.0409876026
4402,5.82214379886
4403,4.14694835259
4404,9.30030048234
4405,2.40093120821
4406,1.55159977861
4407,11.8220750788
4408,13.3715459304
4409,-0.0299741903472
4410,3.36814636882
4411,10.5866110613
4412,0.00298640987976
4413,2.84951295687
4414,0.116827684383
4415,8.57314451548
4416,7.25630883566
4417,11.7773581264
4418,7.36381638224
4419,14.3876151426
4420,-3.68604871331
4421,15.4750060954
4422,9.6297512011
4423,12.2706657297
4424,13.0197374216
4425,9.82130653826
4426,4.53579253085
4427,11.3388353197
4428,6.50234996247
4429,1.41274082622
4430,7.93656716147
4431,-2.20202160027
4432,1.6216361472
4433,-0.625755561625
4434,3.50741067957
4435,7.86812165765
4436,9.52955396491
4437,10.0908279035
4438,3.58739309162
4439,-0.0456646920625
4440,5.79132102144
4441,9.34135167564
4442,2.88153452269
4443,3.36412019168
4444,5.94494601684
4445,2.70963551842
4446,12.573942565
4447,0.0773053682774
4448,10.3392028739
4449,5.35469364673
4450,-2.0499032651
4451,12.1231205846
4452,7.5526705362
4453,14.5552767817
4454,21.7320141201
4455,0.847591402718
4456,6.44618151217
4457,1.08121868023
4458,10.0008395592
4459,6.39343375247
4460,2.2897571708
4461,10.4582374126
4462,4.21197261932
4463,4.88092262103
4464,7.61222753565
4465,2.86799202758
4466,3.8962530563
4467,7.00352467677
4468,6.95546557242
4469,14.9361034842
4470,15.914674737
4471,13.4262633012
4472,7.58755228803
4473,4.94332053985
4474,4.54843428093
4475,3.90485275945
4476,-1.84990648692
4477,5.66252015706
4478,8.76408333094
4479,3.92018478672
4480,11.5662520564
4481,6.15295579754
4482,4.36148456716
4483,15.5843120463
4484,12.9949470316
4485,14.2003659001
4486,5.02823892511
4487,8.83548218857
4488,1.85396151486
4489,10.0068191843
4490,7.04365162204
4491,-1.95921983642
4492,0.537747727303
4493,3.87884033373
4494,-0.139832024582
4495,4.60108968382
4496,14.1711219496
4497,13.4522907897
4498,5.8297249732
4499,2.29099014457
4500,7.27312930427
4501,4.31882876168
4502,-5.20796867434
4503,5.21011051546
4504,5.3344018485
4505,8.36284170008
4506,12.1443105355
4507,3.05599946447
4508,3.58507549757
4509,12.5438932343
4510,7.46607558773
4511,5.45283532978
4512,0.743325771167
4513,4.19989107584
4514,-3.70888405432
4515,6.43180728328
4516,8.6957201529
4517,3.39806301937
4518,8.76470168079
4519,2.68591439972
4520,18.7758149053
4521,17.8438873653
4522,7.87030103556
4523,27.1096230351
4524,9.80286224091
4525,16.6132210324
4526,23.000585308
4527,5.77033381898
4528,5.75329767213
4529,12.886330774
4530,5.02553507018
4531,12.4887395281
4532,8.36071181688
4533,-2.47555918641
4534,11.9403962361
4535,0.82389862163
4536,5.85531980278
4537,8.53021065952
4538,11.2880893196
4539,13.8352378062
4540,6.82268954714
4541,29.898013926
4542,4.74066855963
4543,5.85850981763
4544,18.7985297814
4545,0.925316152597
4546,2.15669960682
4547,7.43365861634
4548,4.11529352927
4549,10.6051646976
4550,11.9866793063
4551,3.43919738205
4552,5.21110024181
4553,4.04792688075
4554,10.4022787031
4555,3.17320966891
4556,1.65908857946
4557,-0.12123559179
4558,0.803189745775
4559,3.71673737373
4560,14.7581659924
4561,7.50511463696
4562,6.53064579737
4563,3.46392338889
4564,11.7589065262
4565,14.871921619
4566,8.87555866664
4567,16.0262631039
4568,11.3157211919
4569,4.52273143081
4570,11.0096669621
4571,10.5757593994
4572,9.5259108921
4573,22.1938462197
4574,5.57234299994
4575,3.95091009833
4576,9.85642137876
4577,8.52616324596
4578,30.3037559763
4579,6.4951653487
4580,6.25751367749
4581,0.466037749275
4582,1.11904953935
4583,9.65323493241
4584,-1.28258003606
4585,16.4710252012
4586,4.08040367323
4587,5.19376566904
4588,8.9058147277
4589,8.55997776714
4590,3.43465509474
4591,-0.98988275009
4592,2.79514558513
4593,9.73968068607
4594,13.4857216995
4595,6.29550848524
4596,1.65517795595
4597,5.2519944065
4598,8.39146280033
4599,0.281660184018
4600,6.28039940938
4601,12.9682343905
4602,3.65195319636
4603,16.0429509769
4604,9.22943299217
4605,15.0303647255
4606,11.3134209788
4607,11.9769099132
4608,9.95907352021
4609,2.4147591412
4610,8.1354979466
4611,1.35599419654
4612,15.5381974168
4613,14.3040236427
4614,9.76782066217
4615,-0.422767939676
4616,12.78137051
4617,6.21877695175
4618,7.70556088265
4619,9.33582511367
4620,9.09839267385
4621,-3.4621297955
4622,10.4899999579
4623,3.12995298978
4624,14.8569790789
4625,4.89836412678
4626,9.33098796029
4627,17.1000939289
4628,3.83556122244
4629,14.5221932968
4630,0.415103703741
4631,15.0256874511
4632,7.0336352784
4633,8.1140187907
4634,10.2665832759
4635,6.99565183713
4636,11.6082233578
4637,-0.777877054521
4638,6.81457603709
4639,16.8522045683
4640,0.0722399527071
4641,9.88605773355
4642,0.400655992021
4643,0.306082270751
4644,13.5552574127
4645,9.78903573741
4646,13.5388340763
4647,0.225173330581
4648,3.12234044271
4649,3.71781606969
4650,1.08814591422
4651,15.0160404088
4652,8.07779332407
4653,8.16141006375
4654,15.0144708736
4655,8.71237015534
4656,8.30645106404
4657,15.7793035328
4658,9.09016659571
4659,9.07550303161
4660,-5.47788617928
4661,10.5978283521
4662,17.197952314
4663,3.3702237426
4664,3.25247134099
4665,5.49892967244
4666,10.434526775
4667,4.73469277898
4668,5.22366060541
4669,5.96858093401
4670,12.6066125872
4671,4.70467253319
4672,1.36904235637
4673,0.0983514149822
4674,17.5986756357
4675,10.728491083
4676,9.24126210934
4677,12.5604141283
4678,-1.24379138613
4679,7.33343853618
4680,24.1320554633
4681,12.7292251939
4682,5.63079262525
4683,13.5913472303
4684,7.42267948262
4685,4.68466653799
4686,9.91459388959
4687,13.3475420218
4688,14.0019047894
4689,17.4188879594
4690,-1.81451309847
4691,10.5126912885
4692,2.69787366699
4693,6.89133000612
4694,7.21273163835
4695,4.16928522943
4696,4.60029142276
4697,7.66427246902
4698,5.7434557416
4699,-0.415613733973
4700,8.5725513372
4701,15.9427889934
4702,18.9056010706
4703,5.04690927381
4704,12.65653974
4705,12.364452546
4706,9.82680267902
4707,9.78507695601
4708,2.63562250156
4709,8.01832445043
4710,6.48073359767
4711,1.67381962793
4712,8.07290299224
4713,14.2465071156
4714,3.97481598425
4715,-1.37417607873
4716,10.8451944096
4717,3.11589864155
4718,13.5361093147
4719,9.40330686288
4720,6.44504029601
4721,2.63616356084
4722,-0.493500552705
4723,-0.10308614935
4724,-1.6092078102
4725,10.0267592459
4726,7.02971744601
4727,3.02716732275
4728,14.877252944
4729,5.93744851997
4730,7.01526471556
4731,15.7780822271
4732,9.40111953043
4733,10.0936716288
4734,9.05335213225
4735,-1.95933269954
4736,13.3482490245
4737,1.313888739
4738,3.74566862579
4739,8.81957802701
4740,12.3607567505
4741,14.0498743307
4742,9.20411344167
4743,0.686570480446
4744,0.82128736985
4745,11.0883321796
4746,13.7813398469
4747,13.211876885
4748,5.25626211192
4749,5.16291227196
4750,-0.459737710434
4751,1.15687629
4752,17.048961437
4753,7.42901690527
4754,13.7931527284
4755,5.38364589925
4756,13.8540079059
4757,3.73446225387
4758,14.4364433513
4759,7.46382165011
4760,19.4207582456
4761,0.779418364372
4762,7.44476594716
4763,2.49002021742
4764,-4.05857192716
4765,14.2335949706
4766,2.02507184917
4767,-1.24626978353
4768,3.51332225337
4769,4.99002329465
4770,10.0538479738
4771,3.53302233815
4772,0.822640985552
4773,5.55951301435
4774,19.5120299121
4775,0.813664978249
4776,16.2417043794
4777,0.763401302957
4778,5.51204082473
4779,7.40505684234
4780,2.81677447724
4781,-0.0514915937773
4782,5.83764838926
4783,5.69061862288
4784,1.46557081644
4785,4.81695580424
4786,9.21842228636
4787,9.83776143698
4788,13.639964277
4789,10.3051417821
4790,2.30639992833
4791,8.76883543098
4792,10.6422487173
4793,2.72536157754
4794,5.50090809118
4795,7.64098862104
4796,4.69305232418
4797,4.43132917461
4798,7.90847715173
4799,7.93536423731
4800,2.48312190258
4801,1.61725412717
4802,9.54547515443
4803,0.789090414043
4804,7.65420399025
4805,7.25448976576
4806,5.66803039424
4807,7.44654228267
4808,4.61766526294
4809,9.32602719106
4810,10.2749908925
4811,4.56107974311
4812,2.51452032766
4813,3.87421372964
4814,16.8204712547
4815,6.32991690646
4816,-0.980068927399
4817,3.27343374766
4818,6.45163890297
4819,10.5450178436
4820,24.1716109488
4821,20.0315580881
4822,-2.48491762878
4823,16.244847038
4824,11.517449659
4825,11.9043118757
4826,11.3320035976
4827,4.11294052626
4828,9.45779306127
4829,23.9977936118
4830,14.7291094855
4831,7.19500658273
4832,6.10982208148
4833,-2.15607696081
4834,15.3985591374
4835,11.8393846884
4836,1.60253740041
4837,5.78022076463
4838,0.934044642955
4839,10.6353084856
4840,0.532705294938
4841,18.0359111892
4842,10.8457221549
4843,9.51845729185
4844,20.9364456795
4845,9.81302346694
4846,10.9662199116
4847,3.23995996664
4848,12.1618907927
4849,9.13977925832
4850,3.66623336441
4851,-0.463593127258
4852,0.652477439085
4853,2.40651315113
4854,2.83921471788
4855,9.32520637653
4856,8.71364158799
4857,11.99485701
4858,2.49796122172
4859,2.37384335803
4860,4.9737614484
4861,17.1300209538
4862,9.6463812329
4863,7.47114341968
4864,16.8944562475
4865,10.6106015886
4866,11.0571190451
4867,-0.501146833888
4868,7.08909898539
4869,3.51605930721
4870,10.5793097831
4871,4.3583977648
4872,6.20392209711
4873,2.87597763173
4874,4.19238832919
4875,15.4312754546
4876,14.0542916402
4877,8.94903731293
4878,11.869944038
4879,0.0833096278257
4880,10.8223429422
4881,9.76269269762
4882,3.7383589391
4883,14.6233975615
4884,1.30799412646
4885,8.30862534043
4886,2.26671058116
4887,1.94614240017
4888,6.62024488254
4889,16.5440407689
4890,3.8517144793
4891,22.1675563114
4892,15.668434017
4893,3.34782314066
4894,3.3954332018
4895,9.46416635155
4896,8.52960497175
4897,3.92604246062
4898,10.554905582
4899,18.7060893587
4900,16.2330046112
4901,10.7974989204
4902,5.6297630496
4903,4.35770004912
4904,-1.41582215608
4905,12.060992859
4906,13.9653037376
4907,5.89828173002
4908,1.59249391704
4909,5.65559884139
4910,1.54010637793
4911,6.49057001498
4912,-0.941773157468
4913,2.92672377992
4914,7.85490877292
4915,7.76566099372
4916,14.1042088284
4917,6.7869384843
4918,5.15482655424
4919,2.79627344903
4920,7.8841952234
4921,3.73713780509
4922,13.6812293406
4923,9.17403589847
4924,3.17575170706
4925,6.51746714151
4926,10.094462822
4927,7.77522857237
4928,7.74052581944
4929,6.58646327311
4930,-1.51343004332
4931,10.2195760939
4932,3.32565960629
4933,9.41006885228
4934,0.359433026961
4935,3.38094430236
4936,6.30188662973
4937,1.29028792616
4938,16.9764619269
4939,13.8951966703
4940,20.1060464259
4941,1.91317758689
4942,22.9626185021
4943,6.61436690447
4944,11.7815907655
4945,4.06602894301
4946,6.35737584599
4947,-0.0111636019431
4948,4.28177325761
4949,1.82446450435
4950,14.2811631382
4951,14.2562737083
4952,-0.145202372846
4953,1.19953514422
4954,11.7071139523
4955,14.4238955945
4956,4.43659361484
4957,-2.42942244071
4958,17.5415901493
4959,1.3255144728
4960,0.131036624216
4961,-0.214232884072
4962,-0.482028218148
4963,0.120548672793
4964,2.95986738489
4965,-0.992016670208
4966,0.93138532121
4967,1.29013809794
4968,5.14407966455
4969,3.52172220029
4970,2.55956255881
4971,4.83514576841
4972,13.5295761716
4973,4.34896215546
4974,2.18657316877
4975,8.23953496861
4976,6.27406094493
4977,2.66184358824
4978,4.00765415201
4979,9.46308781651
4980,16.5042343221
4981,9.74904763982
4982,6.84875906478
4983,6.33635556168
4984,3.89440201466
4985,9.90862078304
4986,7.77521422899
4987,1.46186144438
4988,0.393125365167
4989,3.84091385755
4990,16.7271102067
4991,4.35303008043
4992,0.726123940615
4993,13.2675093386
4994,4.34902367547
4995,9.22703035158
4996,0.163424152095
4997,8.60290593427
4998,12.7570574746
4999,16.4545163365
