removed_destination,removed_n,remaining_gain_h,positive
NON_SPECIFIC,4,2.49260826419,True
FOR_ORDERS,25,5.37132709942,True
ITAUG,24,6.57273567447,True
ITSPA,10,6.77132562334,True
ITCTA,7,7.0582878074,True
TRCKZ,5,7.08665092134,True
AMBIGUOUS:MALTA,6,7.13039716624,True
ITRAN,7,7.13799699529,True
ITTAR,5,7.14423729802,True
ESALG,8,7.19487850905,True
ITGOA,9,7.21064840461,True
ITNAP,8,7.21534502162,True
EGPSD,13,7.2666599686,True
MTMLA,15,7.32389707438,True
GIGIB,21,7.44382726508,True
UNKNOWN,5,9.53322468634,True
