outer_fold,model,n,mae_h,medae_h,rmse_h,p90_ae_h,p95_ae_h,within_24h,within_48h,within_72h,prediction_min_h,prediction_max_h,nonfinite_prediction_count,abs_gt_1y_prediction_count
0,m17a_ssl_owner_exact,78,156.779366097,18.4129166667,524.221546262,198.801833333,658.0775,0.628205128205,0.730769230769,0.74358974359,-356.462777778,2378.25222222,0,0
0,m17b_owner_same_encoder,78,159.031406695,15.8434722222,525.836116896,259.623083333,648.115736111,0.615384615385,0.75641025641,0.769230769231,-356.462777778,2378.25222222,0,0
0,m17b_memory_static_exact,78,155.429775641,14.3627777778,517.893788807,241.622972222,648.115736111,0.641025641026,0.74358974359,0.769230769231,-201.613888889,2378.25222222,0,0
0,m17b_memory_snapshot_exact,78,155.208739316,12.5361111111,518.954455315,244.864194445,655.006805556,0.641025641026,0.74358974359,0.75641025641,-196.726944444,2378.25333333,0,0
0,m17b_memory_snapshot_hnsw,78,155.208739316,12.5361111111,518.954455315,244.864194445,655.006805556,0.641025641026,0.74358974359,0.75641025641,-196.726944444,2378.25333333,0,0
1,m17a_ssl_owner_exact,77,154.747849928,22.7419444444,629.821666665,186.982333333,322.677555556,0.519480519481,0.74025974026,0.792207792208,-2422.87055556,303.231666667,0,0
1,m17b_owner_same_encoder,77,155.930750361,22.7419444444,633.473983045,171.979333333,316.277333333,0.532467532468,0.74025974026,0.779220779221,-2422.87055556,303.231666667,0,0
1,m17b_memory_static_exact,77,151.247950938,21.2136111111,628.640505251,129.476,317.293777778,0.532467532468,0.714285714286,0.818181818182,-2422.87055556,303.231666667,0,0
1,m17b_memory_snapshot_exact,77,151.010854978,22.7383333333,628.243207226,129.859277778,316.478333333,0.532467532468,0.701298701299,0.792207792208,-2421.87555556,304.946944444,0,0
1,m17b_memory_snapshot_hnsw,77,151.003124098,22.7383333333,628.242358207,129.859277778,316.478333333,0.532467532468,0.701298701299,0.792207792208,-2421.87555556,304.946944444,0,0
2,m17a_ssl_owner_exact,77,231.872279942,17.041111111,656.63983913,741.750888889,2022.06344444,0.571428571429,0.792207792208,0.792207792208,-100.135833333,301.943611111,0,0
2,m17b_owner_same_encoder,77,237.348409091,18.2938888889,662.319639899,741.750888889,2105.33394444,0.571428571429,0.74025974026,0.766233766234,-120.646388889,274.720555556,0,0
2,m17b_memory_static_exact,77,240.210790043,19.8083333333,660.704598193,741.750888889,2016.62533333,0.558441558442,0.74025974026,0.753246753247,-79.6436111111,368.455555556,0,0
2,m17b_memory_snapshot_exact,77,240.693127706,21.2575,661.855079565,741.752833333,2015.90172222,0.532467532468,0.74025974026,0.753246753247,-72.6372222222,370.470277778,0,0
2,m17b_memory_snapshot_hnsw,77,240.841352814,21.5561111111,661.779666504,741.192611111,2015.90172222,0.519480519481,0.74025974026,0.753246753247,-72.6372222222,370.470277778,0,0
3,m17a_ssl_owner_exact,77,79.1466630592,15.8608333333,199.898048545,215.107666667,254.478611111,0.584415584416,0.688311688312,0.727272727273,-186.653611111,318.020277778,0,0
3,m17b_owner_same_encoder,77,80.0571067821,23.3394444443,200.559878813,214.071944445,275.2595,0.532467532468,0.662337662338,0.727272727273,-186.653611111,318.020277778,0,0
3,m17b_memory_static_exact,77,88.9733261183,21.0580555555,210.11332161,239.029333333,285.555166667,0.558441558442,0.688311688312,0.701298701299,-186.653611111,318.020277778,0,0
3,m17b_memory_snapshot_exact,77,88.9452092352,19.2708333333,210.552888127,238.512722222,300.012722222,0.532467532468,0.675324675325,0.714285714286,-176.621666667,318.031111111,0,0
3,m17b_memory_snapshot_hnsw,77,88.9496067821,19.2708333333,210.552914887,238.512722222,300.012722222,0.532467532468,0.675324675325,0.714285714286,-176.621666667,318.031111111,0,0
4,m17a_ssl_owner_exact,77,328.412619048,26.6880555556,913.024782432,626.092722222,2454.10822222,0.493506493506,0.623376623377,0.688311688312,-2395.48805556,318.020277778,0,0
4,m17b_owner_same_encoder,77,328.038095238,29.0516666622,908.59515263,614.087055556,2451.3085,0.441558441558,0.571428571429,0.675324675325,-2395.48805556,318.020277778,0,0
4,m17b_memory_static_exact,77,359.040735931,28.5111111114,956.698381734,675.742222222,2515.28583333,0.428571428571,0.584415584416,0.649350649351,-201.613888889,303.231666667,0,0
4,m17b_memory_snapshot_exact,77,357.216046176,24.8925,955.365725197,675.743833333,2514.87427778,0.493506493506,0.597402597403,0.675324675325,-186.638333333,311.24,0,0
4,m17b_memory_snapshot_hnsw,77,357.329188312,24.8925,955.366801527,675.743833333,2514.87427778,0.493506493506,0.597402597403,0.675324675325,-186.638333333,311.24,0,0
