mmsi,split,reference_eta_status,canonical_destination,target_tte_h,m16a_outer_fold,pred_m17a_ssl_h,pred_m17b_owner_same_encoder_h,pred_m17b_memory_static_exact_h,pred_m17b_memory_snapshot_exact_h,pred_m17b_memory_snapshot_hnsw_h
210627000,train,PAST_1_24H,ITAUG,-20.6094444444,1,-120.646388889,-120.646388889,-136.652222222,-132.599722222,-132.599722222
210688000,train,FUTURE_0_7D,ITLIV,54.3475,4,-12.6144444444,-12.6144444444,-125.627222222,-121.642777778,-121.642777778
212690000,train,PAST_LT1H,ITAUG,-0.651944444444,3,-36.7822222222,-36.7822222222,-79.6436111111,-62.9394444444,-62.9394444444
215035000,train,FUTURE_0_7D,ITRAN,43.6044444444,1,55.1116666667,55.1116666667,55.1116666667,59.1369444444,59.1369444444
215054000,train,FUTURE_0_7D,ITSPA,12.3469444444,3,-186.653611111,-186.653611111,-139.610277778,-117.6475,-117.6475
215178000,train,FUTURE_0_7D,TRTUT,84.3366666667,4,74.6733333333,74.6733333333,68.4872222222,75.5466666667,75.5466666667
215232000,train,PAST_GT24H,ITCTA,-100.135833333,0,-17.3619444444,-17.3619444444,-17.3619444444,-8.23888888889,-8.23888888889
215270000,train,FUTURE_0_7D,ESCAR,69.0805555556,2,83.8008333333,83.8008333333,83.8008333333,85.8197222222,85.8197222222
215282000,train,FUTURE_0_7D,EGPSD,64.0183333333,1,66.6188888889,60.2488888889,60.2488888889,61.245,61.245
215481000,train,FUTURE_0_7D,GIGIB,97.6213888889,4,79.0844444444,79.0844444444,79.0844444444,79.0719444444,79.0719444444
215498000,train,PAST_GT24H,ITSPA,-117.643055556,0,-186.653611111,-186.653611111,-139.610277778,-129.6375,-129.6375
215826000,train,FUTURE_0_7D,TRDER,70.8777777778,0,-15.3402777778,-15.3402777778,59.8719444444,66.8797222222,66.8797222222
215867000,train,FUTURE_0_7D,ESVLC,61.9911111111,4,23.0305555556,-2.3475,12.3469444444,29.9069444444,29.9069444444
215909000,train,FUTURE_0_7D,ITVVA,9.765,2,18.4938888889,9.26722222222,9.26722222222,9.27305555556,9.27305555556
215958000,train,FUTURE_0_7D,ITFCO,27.3138888889,4,23.0305555556,10.5536111111,18.4938888889,18.5563888889,18.5563888889
215993000,train,FUTURE_0_7D,ITMNP,22.0844444444,4,19.2561111111,26.3880555556,26.3880555556,26.3811111111,26.3811111111
219028212,calibration,FUTURE_0_7D,ROMID,78.6966666667,1,52.7094444444,52.7094444444,52.7094444444,53.7180555556,53.7180555556
219031822,calibration,FUTURE_0_7D,NON_SPECIFIC,9.26722222222,1,21.2675,11.9605555556,11.9605555556,11.9658333333,11.9658333333
219110000,train,FUTURE_7_14D,GBTBY,175.056111111,1,81.3805555556,95.2236111111,83.1661111111,84.6669444444,84.6669444444
219133000,train,FUTURE_0_7D,ILHFA,58.2141666667,2,50.7580555556,50.7580555556,49.8680555556,49.8711111111,49.8711111111
219210000,train,FUTURE_14_30D,SGSIN,692.941388889,0,175.056111111,175.056111111,175.056111111,175.066388889,175.066388889
219303000,train,FUTURE_0_7D,ITMLZ,1.77916666667,0,38.3283333333,38.3283333333,40.9797222222,40.9658333333,40.9658333333
219432000,train,PAST_GT24H,ITAUG,-79.6436111111,0,-166.650833333,-120.646388889,-166.650833333,-165.628333333,-165.628333333
219550000,train,FUTURE_0_7D,AMBIGUOUS:MALTA,6.19583333333,2,3.58555555556,3.58555555556,3.58555555556,5.58861111111,5.58861111111
219608000,train,FUTURE_0_7D,EGPSD,41.2513888889,0,60.2488888889,60.2488888889,60.2488888889,61.2491666667,61.2491666667
228481700,train,FUTURE_0_7D,ESALG,57.5136111111,3,83.1661111111,83.1661111111,83.1661111111,83.3097222222,83.3097222222
229331000,calibration,FUTURE_0_7D,MTMLA,1.55583333333,1,2.26111111111,2.26111111111,2.26111111111,2.25972222222,4.89277777778
229370000,train,FUTURE_0_7D,EGALY,65.5713888889,3,59.7291666667,64.6044444444,48.7227777778,59.735,59.735
229412000,train,FUTURE_0_7D,FRLAV,68.0102777778,1,25.0463888889,69.0805555556,25.0463888889,25.0552777778,25.0552777778
229456000,train,FUTURE_0_7D,ESALG,85.9019444444,0,82.6511111111,83.1661111111,82.6511111111,95.22,95.22
229471000,train,FUTURE_7_14D,NON_SPECIFIC,256.149722222,0,2378.25222222,2378.25222222,2378.25222222,2378.25333333,2378.25333333
229548000,train,PAST_GT24H,ESVLC,-3047.71833333,0,232.388333333,232.388333333,175.056111111,175.061111111,175.061111111
229648000,train,FUTURE_0_7D,TEXT:TANGER MED2,68.2094444444,1,81.3805555556,90.5836111111,90.5836111111,90.5883333333,90.5883333333
230723000,calibration,FUTURE_0_7D,ITMNF,37.9788888889,2,45.8775,45.8775,45.8775,45.8741666667,45.8741666667
232012490,train,FUTURE_7_14D,NLTNZ,205.648333333,0,85.6202777778,230.653333333,214.046666667,214.038888889,214.038888889
232026551,train,FUTURE_0_7D,GRGYT,26.8955555556,0,54.0591666667,54.0591666667,54.0591666667,54.0658333333,54.0658333333
232058998,train,FUTURE_0_7D,GIGIB,85.6202777778,3,84.0602777778,79.2452777778,79.2452777778,79.2394444444,79.2394444444
232061535,train,FUTURE_0_7D,MTMLA,4.87833333333,0,3.88861111111,4.225,4.225,4.22,4.22
232062004,train,FUTURE_7_14D,GBBRS,290.709722222,0,115.341388889,54.1683333333,54.1683333333,54.1575,54.1575
232063279,train,FUTURE_14_30D,ARSLO,502.520555556,3,95.2236111111,303.231666667,95.2236111111,95.2327777778,95.2327777778
235010170,train,FUTURE_0_7D,GRSTN,27.5930555556,4,34.4072222222,34.4072222222,34.4072222222,34.4025,34.4025
236623000,train,FUTURE_0_7D,FOR_ORDERS,38.715,0,18.7561111111,47.5175,90.6833333333,112.961111111,112.961111111
238066000,train,FUTURE_0_7D,TRCKZ,30.7016666667,0,52.7094444444,68.4872222222,72.305,72.305,72.305
240544000,train,FUTURE_0_7D,TRIZM,50.1938888889,1,59.8719444444,59.7291666667,59.8719444444,61.7330555556,61.7330555556
240633000,train,FUTURE_0_7D,GIGIB,115.341388889,3,91.9708333333,91.9708333333,91.9708333333,91.9725,91.9725
240788000,train,FUTURE_0_7D,GRPIR,40.0636111111,2,27.3138888889,27.3138888889,59.8719444444,68.895,68.895
240878000,train,FUTURE_14_30D,FOR_ORDERS,428.973333333,4,314.258055556,303.231666667,303.231666667,311.24,311.24
240893000,train,FUTURE_7_14D,COCVE,298.963611111,3,18.4938888889,18.4938888889,21.2675,21.2741666667,21.2741666667
240942000,train,FUTURE_0_7D,ITNAP,18.4938888889,1,15.9166666667,15.9166666667,15.9166666667,15.9161111111,15.9161111111
241287000,train,FUTURE_14_30D,FOR_ORDERS,390.611388889,0,232.388333333,18.7561111111,47.5175,57.6302777778,57.6302777778
241298000,train,FUTURE_0_7D,FRMRS,40.9797222222,4,35.1477777778,34.5391666667,35.1477777778,35.1486111111,35.1486111111
241618000,train,FUTURE_7_14D,GBPTL,175.416666667,1,95.2236111111,95.2236111111,95.2236111111,95.2227777778,95.2227777778
241689000,train,FUTURE_7_14D,FOR_ORDERS,232.388333333,2,274.720555556,274.720555556,274.720555556,274.727222222,274.727222222
241745000,train,FUTURE_0_7D,FOR_ORDERS,48.4636111111,0,301.943611111,301.943611111,301.943611111,301.931388889,301.931388889
241751000,train,FUTURE_0_7D,ITPFX,32.6686111111,4,79.1775,91.735,3.93583333333,11.1472222222,11.1472222222
241859000,train,FUTURE_0_7D,SIKOP,42.1702777778,1,17.0086111111,17.0086111111,17.0086111111,18.5255555556,18.5255555556
241929000,train,FUTURE_0_7D,TEXT:ORAN ALGERIA,91.735,2,121.9675,121.9675,247.046944444,263.044166667,263.044166667
241953000,train,FUTURE_0_7D,GRPIR,26.4461111111,3,52.7094444444,52.7094444444,52.7094444444,57.7238888889,57.7238888889
242494400,train,PAST_GT24H,MTMLA,-3043.85944444,4,2.26111111111,2.26111111111,2.26111111111,2.26166666667,2.26166666667
244090800,train,FUTURE_0_7D,TNLGN,33.0186111111,3,25.0463888889,21.8616666667,11.9605555556,26.9725,26.9725
244865000,calibration,FUTURE_0_7D,TEXT:BEJAIA,54.1683333333,1,230.653333333,205.648333333,104.6475,104.643888889,104.643888889
245278000,train,FUTURE_7_14D,NLMOE,230.653333333,2,85.6202777778,85.6202777778,85.6202777778,85.6222222222,85.6222222222
246518000,train,FUTURE_0_7D,ITNAP,18.9361111111,1,15.9166666667,15.9166666667,15.9166666667,18.595,18.595
247018700,train,FUTURE_0_7D,FOR_ORDERS,47.5175,4,38.715,48.4636111111,78.9519444444,95.5847222222,95.5847222222
247045300,train,FUTURE_0_7D,ITPMO,10.7030555556,4,21.2675,18.5783333333,18.4938888889,19.4947222222,19.4947222222
247055200,train,FUTURE_0_7D,ITPMO,30.1,2,44.5888888889,17.4525,9.26722222222,11.2808333333,11.2808333333
247069600,train,FUTURE_0_7D,TNLGN,27.925,1,230.653333333,230.653333333,205.648333333,206.675277778,206.675277778
247077700,train,PAST_GT24H,ITAUG,-595.088611111,4,-82.5058333333,-82.5058333333,-62.65,-54.575,-54.575
247095300,train,FUTURE_0_7D,ITRAN,42.1283333333,0,59.5738888889,59.5738888889,59.5738888889,59.5669444444,59.5669444444
247100900,train,PAST_GT24H,ITAUG,-136.652222222,0,-20.6094444444,-120.646388889,-120.646388889,-116.6425,-116.6425
247101700,train,PAST_GT24H,ITSPA,-2010.43222222,4,-125.627222222,-125.627222222,-139.610277778,-126.7375,-126.7375
247104500,calibration,FUTURE_0_7D,GRPIR,30.8516666667,3,49.2836111111,80.7813888889,52.7094444444,64.7225,64.7225
247131100,train,PAST_GT24H,ITAUG,-201.613888889,3,-79.6436111111,-62.65,-79.6436111111,-79.6138888889,-79.6138888889
247144750,calibration,PAST_GT24H,UNKNOWN,-2424.53972222,4,-2395.48805556,-2395.48805556,18.5783333333,18.57,18.57
247147120,train,PAST_GT24H,UNKNOWN,-2422.87055556,2,-5.65111111111,10.5536111111,18.4938888889,24.2808333333,24.2808333333
247153450,train,FUTURE_GT30D,NON_SPECIFIC,2378.25222222,4,9.26722222222,9.26722222222,9.26722222222,9.27111111111,9.27111111111
247176900,calibration,FUTURE_0_7D,ITSIR,23.0305555556,3,-117.643055556,-166.650833333,-20.6094444444,-13.7319444444,-13.7319444444
247219700,train,FUTURE_0_7D,ITNAP,15.9166666667,3,18.4938888889,18.59,18.59,18.5927777778,18.5927777778
247231200,train,FUTURE_GT30D,ESTAR,2885.25,4,90.6488888889,104.6475,81.2930555556,83.3175,83.3175
247241800,train,PAST_1_24H,ITCTA,-10.6105555556,0,-5.64222222222,-17.3619444444,-17.3619444444,-9.22833333333,-9.22833333333
247268300,train,FUTURE_7_14D,ITAUG,229.347777778,4,-79.6436111111,-79.6436111111,-166.650833333,-164.638333333,-164.638333333
247278300,train,FUTURE_GT30D,NON_SPECIFIC,3786.35444444,1,-125.627222222,-166.650833333,-120.646388889,-113.737222222,-113.737222222
247282600,calibration,PAST_1_24H,ITAUG,-2.3475,3,-76.6530555556,-82.5058333333,-36.7822222222,-21.6183333333,-21.6183333333
247296500,train,FUTURE_0_7D,ITLIV,40.4125,2,-0.993888888889,-76.6530555556,-76.6530555556,-67.7252777778,-67.7252777778
247298300,train,PAST_GT24H,ITAUG,-393.143611111,3,-76.6530555556,-76.6530555556,-20.6094444444,-8.29722222222,-8.29722222222
247305480,train,PAST_GT24H,UNKNOWN,-2525.77555556,2,-17.4319444444,-17.4319444444,18.9361111111,20.9408333333,20.9408333333
247306670,train,PAST_GT24H,UNKNOWN,-2395.48805556,1,-2422.87055556,-2422.87055556,-2422.87055556,-2421.87555556,-2421.87555556
247310200,train,FUTURE_0_7D,TNSFA,25.0463888889,2,68.0102777778,68.0102777778,68.0102777778,68.0013888889,68.0013888889
247313600,train,FUTURE_0_7D,ITCHI,54.7930555556,2,55.1116666667,55.1116666667,55.1116666667,55.1216666667,55.1216666667
247319800,train,FUTURE_0_7D,ITSAL,11.9872222222,0,11.9605555556,8.88638888889,5.89166666667,7.92388888889,7.92388888889
247324900,calibration,FUTURE_0_7D,ITGEA,11.9605555556,2,10.7030555556,5.89166666667,5.89166666667,6.91972222222,6.91972222222
247333600,calibration,FUTURE_GT30D,ITAUG,4084.76305556,4,-62.65,-62.65,-166.650833333,-160.637777778,-160.637777778
247343900,calibration,PAST_GT24H,ITAUG,-2457.65333333,2,-20.6094444444,-20.6094444444,-62.65,-58.6436111111,-58.6436111111
247349400,calibration,PAST_GT24H,ITCTA,-648.636388889,0,-5.64222222222,-17.3619444444,-17.3619444444,-9.25416666667,-9.25416666667
247351700,calibration,FUTURE_GT30D,ITAUG,4051.84972222,4,-166.650833333,-136.652222222,-136.652222222,-116.644722222,-116.644722222
247355500,train,FUTURE_0_7D,ITTOA,21.2675,0,15.9166666667,15.9166666667,9.765,11.7602777778,11.7602777778
247362500,train,PAST_GT24H,TEXT:AUG,-1851.15305556,2,10.5536111111,27.3138888889,70.8777777778,68.9716666667,68.9716666667
247382800,train,PAST_GT24H,ITSPA,-2281.43333333,0,-139.610277778,-139.610277778,-186.653611111,-168.724722222,-168.724722222
247383400,train,FUTURE_0_7D,ITGOA,32.5116666667,4,44.5888888889,44.5888888889,44.5888888889,49.9130555556,49.9130555556
247392600,train,FUTURE_0_7D,ITNAP,15.5044444444,2,18.4938888889,18.4938888889,18.4938888889,22.9247222222,22.9247222222
247407900,train,FUTURE_GT30D,UNKNOWN,1902.665,2,-20.6094444444,-120.646388889,18.4938888889,26.4997222222,26.4997222222
247408700,train,PAST_GT24H,ITAUG,-120.646388889,4,-166.650833333,-166.650833333,-201.613888889,-186.638333333,-186.638333333
247415100,train,PAST_GT24H,ITCTA,-174.649444444,0,-5.64222222222,-17.3619444444,-17.3619444444,-8.2525,-8.2525
247415600,calibration,FUTURE_0_7D,TEXT:POZZUOLI S A F,18.5783333333,2,15.9166666667,5.89166666667,8.88638888889,11.8975,11.8975
247425900,train,PAST_GT24H,ITAUG,-1542.90277778,3,-62.65,-36.7822222222,-36.7822222222,-35.6263888889,-35.6263888889
247426100,train,PAST_GT24H,ITAUG,-166.650833333,2,-20.6094444444,-20.6094444444,-79.6436111111,-72.6372222222,-72.6372222222
247432200,train,FUTURE_0_7D,ITPFX,24.1022222222,0,7.10861111111,7.10861111111,25.0463888889,27.0563888889,27.0563888889
247453600,train,PAST_LT1H,ITCTA,-0.8875,2,-100.135833333,-100.135833333,-17.3619444444,-2.34527777778,-2.34527777778
247483800,calibration,PAST_GT24H,ITTRS,-3742.03222222,1,19.2561111111,22.0844444444,22.0844444444,24.3983333333,24.3983333333
247488900,train,FUTURE_0_7D,EGALY,29.5083333333,3,43.8797222222,43.8797222222,43.8797222222,43.8780555556,43.8780555556
247530400,train,FUTURE_0_7D,ITGOA,39.3958333333,0,46.4047222222,46.4047222222,46.4047222222,46.4013888889,46.4013888889
248089000,train,FUTURE_0_7D,ITCVV,26.3880555556,1,17.3766666667,19.2561111111,15.5044444444,15.5077777778,15.5077777778
248105000,train,FUTURE_0_7D,ITAOI,47.1530555556,1,19.4041666667,34.4072222222,54.7930555556,56.8044444444,56.8044444444
248159000,train,FUTURE_0_7D,ITMLZ,6.3725,2,38.3283333333,34.4177777778,44.4341666667,46.5097222222,46.5097222222
248333000,train,PAST_GT24H,ITAUG,-27.9525,3,-79.6436111111,-80.6244444444,-20.6094444444,-12.7816666667,-12.7816666667
248422000,calibration,PAST_GT24H,MTMLA,-738.6,2,5.33888888889,5.33888888889,5.33888888889,5.3375,3.93694444444
248507000,train,FUTURE_0_7D,EGEDK,68.9125,3,27.3138888889,10.7030555556,21.2675,23.2752777778,23.2752777778
249004000,train,FUTURE_0_7D,TEXT:ALEXANDRIA,43.8797222222,1,65.5738888889,60.2488888889,41.7258333333,41.7244444444,41.7244444444
249022000,calibration,FUTURE_0_7D,NLRTM,157.519166667,0,6.19583333333,69.5616666667,84.285,85.2833333333,85.2833333333
249087000,train,PAST_1_24H,ITAUG,-17.4319444444,4,-166.650833333,-166.650833333,-79.6436111111,-64.7622222222,-64.7622222222
249146000,train,PAST_1_24H,ITCTA,-5.64222222222,4,-174.649444444,-174.649444444,-100.135833333,-80.1366666667,-80.1366666667
249172000,calibration,FUTURE_0_7D,MTMAR,10.3208333333,3,12.5461111111,12.5461111111,175.416666667,180.432222222,180.432222222
249281000,train,PAST_1_24H,ITCTA,-17.3619444444,4,-174.649444444,-174.649444444,-174.649444444,-154.743055556,-154.743055556
249414000,train,FUTURE_0_7D,MTMLA,2.26111111111,2,1.55583333333,2.93777777778,2.93777777778,3.94722222222,3.94722222222
249433000,train,FUTURE_0_7D,ESALG,81.2930555556,1,90.6488888889,90.6488888889,90.6488888889,90.6519444444,90.6519444444
249596000,train,FUTURE_0_7D,MTMLA,10.1502777778,0,4.225,4.225,4.225,5.03138888889,5.03138888889
249611000,train,FUTURE_0_7D,GIGIB,97.4713888889,1,89.0002777778,91.9708333333,89.0002777778,98.5158333333,98.5158333333
249697000,train,FUTURE_0_7D,TRDRC,92.2597222222,1,74.6733333333,69.0719444444,72.305,82.275,82.275
249742000,calibration,FUTURE_7_14D,TEXT:IMMINGHAM,247.046944444,3,103.049722222,103.049722222,90.6488888889,91.6783333333,91.6783333333
249962000,train,FUTURE_0_7D,ESCAR,79.1775,2,97.4713888889,97.4713888889,274.720555556,282.741111111,282.741111111
249974000,train,FUTURE_0_7D,MTMLA,5.33888888889,3,3.88861111111,3.88861111111,4.225,4.22694444444,3.88833333333
253000158,train,FUTURE_0_7D,TRYAR,54.0591666667,1,44.8680555556,44.8680555556,39.0594444444,45.4030555556,45.4030555556
255779000,train,PAST_1_24H,ESCAR,-15.3402777778,3,21.2675,21.2675,70.8777777778,70.8708333333,70.8708333333
255801270,calibration,FUTURE_0_7D,ESCEU,88.0419444444,4,23.0305555556,23.0305555556,59.8719444444,68.8861111111,68.8861111111
255805849,train,FUTURE_0_7D,MAPTM,97.9855555556,0,89.0002777778,96.8438888889,89.0002777778,92.0202777778,92.0202777778
255805866,train,FUTURE_0_7D,ITNAP,52.1658333333,1,18.59,18.59,18.59,21.5941666667,21.5941666667
255805951,train,FUTURE_0_7D,GRSTN,20.465,4,47.1530555556,47.1530555556,47.1530555556,47.1438888889,47.1438888889
255805968,train,FUTURE_0_7D,LYTIP,21.8616666667,1,7.10861111111,7.10861111111,7.10861111111,7.09666666667,7.09666666667
255806044,train,FUTURE_0_7D,ITRAN,59.5738888889,1,55.1116666667,55.1116666667,55.1116666667,56.1311111111,56.1311111111
255806427,train,FUTURE_0_7D,ITGIT,5.84305555556,1,15.5044444444,15.5044444444,15.5044444444,15.5097222222,15.5097222222
255915592,train,FUTURE_0_7D,FRMRS,38.3283333333,3,35.1477777778,37.8808333333,37.8808333333,37.8766666667,37.8766666667
255915609,train,FUTURE_0_7D,MTMLA,16.4616666667,1,2.93777777778,2.26111111111,2.26111111111,9.22777777778,7.35083333333
255915683,calibration,FUTURE_0_7D,ITRAN,83.2125,2,55.1116666667,55.1116666667,55.1116666667,55.1183333333,55.1183333333
255915693,train,FUTURE_0_7D,ITRAN,55.1116666667,3,59.5738888889,59.5738888889,59.5738888889,59.5669444444,59.5669444444
255915737,train,PAST_GT24H,ITAUG,-82.5058333333,0,-356.462777778,-356.462777778,-201.613888889,-196.726944444,-196.726944444
255915759,train,PAST_GT24H,FOR_ORDERS,-566.815555556,4,303.231666667,90.6833333333,90.6833333333,90.6886111111,90.6886111111
255915798,train,FUTURE_0_7D,TRMER,72.305,2,50.2191666667,50.2191666667,50.2191666667,50.2194444444,50.2194444444
255915800,calibration,PAST_GT24H,ITAUG,-62.65,0,-36.7822222222,-36.7822222222,-166.650833333,-161.648888889,-161.648888889
255915967,train,FUTURE_0_7D,TEXT:ALIAGA,37.5897222222,0,50.2191666667,52.7094444444,52.7094444444,57.7388888889,57.7388888889
255916537,train,FUTURE_0_7D,ITCVV,25.5236111111,0,34.4177777778,18.59,18.59,21.5877777778,21.5877777778
255970000,calibration,FUTURE_0_7D,ITTAR,22.8913888889,3,19.4041666667,19.4041666667,19.4041666667,25.5763888889,25.5763888889
256049000,train,FUTURE_0_7D,FRSET,46.6986111111,2,35.1477777778,35.1477777778,35.1477777778,36.4294444444,36.4294444444
256227000,calibration,PAST_GT24H,ITAUG,-80.6244444444,0,-120.646388889,-166.650833333,-20.6094444444,-14.9655555556,-14.9655555556
256251000,train,FUTURE_0_7D,TRIZT,59.8719444444,3,60.9197222222,80.7813888889,78.6966666667,83.2711111111,83.2711111111
256286000,calibration,FUTURE_0_7D,ITGOA,44.5888888889,3,46.4047222222,46.4047222222,39.3958333333,55.5141666667,55.5141666667
256392000,calibration,FUTURE_0_7D,TEXT:IT TARANTO,19.2561111111,0,43.6044444444,34.4072222222,22.0844444444,22.0916666667,22.0916666667
256436000,train,FUTURE_0_7D,ITMNP,26.4025,0,38.3425,40.6058333333,40.6058333333,40.6133333333,40.6133333333
256515000,train,PAST_GT24H,ITSPA,-139.610277778,1,-163.314166667,-163.314166667,-125.627222222,-115.604722222,-115.604722222
256607000,calibration,FUTURE_0_7D,ITGIT,6.98527777778,2,5.89166666667,5.89166666667,5.89166666667,5.91916666667,5.91916666667
256714000,train,FUTURE_0_7D,ITGOA,44.4341666667,0,50.9091666667,50.9091666667,50.9091666667,50.9116666667,50.9116666667
256812000,calibration,FUTURE_0_7D,TRCEY,80.7813888889,2,74.6733333333,74.6733333333,76.2652777778,84.3511111111,84.3511111111
256885000,train,FUTURE_0_7D,ITGOA,46.4047222222,1,44.5888888889,44.5888888889,44.5888888889,44.5911111111,44.5911111111
256891000,train,PAST_LT1H,ITAUG,-0.993888888889,4,-136.652222222,-136.652222222,-80.6244444444,-72.7305555556,-72.7305555556
257824000,train,FUTURE_0_7D,ESVGO,121.198611111,1,79.2452777778,74.8519444444,74.8519444444,74.8497222222,74.8497222222
268251804,train,FUTURE_0_7D,ITVCE,70.6719444444,2,45.8775,55.1116666667,45.8775,45.8736111111,45.8736111111
271000677,train,FUTURE_0_7D,LBBEY,60.9197222222,1,40.7847222222,34.5391666667,40.7847222222,46.5177777778,46.5177777778
271000748,train,FUTURE_0_7D,FRSET,35.1477777778,0,37.8808333333,37.8808333333,37.8808333333,37.8875,37.8875
271002572,calibration,FUTURE_0_7D,TRYAL,40.7847222222,0,47.5175,47.5175,60.9197222222,60.9225,60.9225
271040948,train,FUTURE_0_7D,FRSET,37.8808333333,2,35.1477777778,35.1477777778,35.1477777778,35.1411111111,35.1411111111
271044383,train,FUTURE_0_7D,ESCAS,67.055,1,104.6475,205.648333333,205.648333333,206.663611111,206.663611111
271051063,train,FUTURE_0_7D,MTMAR,8.88638888889,1,10.3208333333,10.3208333333,30.1,35.1141666667,35.1141666667
271051219,train,FUTURE_0_7D,ITGIT,5.89166666667,4,6.98527777778,6.98527777778,6.98527777778,6.95777777778,6.95777777778
271052090,calibration,FUTURE_0_7D,ITGOA,65.5586111111,4,44.5888888889,44.5888888889,44.5888888889,44.5880555556,44.5880555556
273267690,calibration,FUTURE_0_7D,EGPSD,65.6369444444,3,67.3097222222,66.6188888889,64.0183333333,66.6186111111,66.6186111111
273271070,train,FUTURE_7_14D,FOR_ORDERS,328.807222222,2,301.943611111,274.720555556,274.720555556,274.720833333,274.720833333
273276260,train,FUTURE_0_7D,FOR_ORDERS,78.9519444444,3,318.020277778,318.020277778,318.020277778,318.021944444,318.021944444
273277260,train,FUTURE_7_14D,RUMKK,322.369166667,3,175.056111111,175.056111111,83.1661111111,84.1838888889,84.1838888889
273277840,train,FUTURE_7_14D,FOR_ORDERS,314.258055556,2,274.720555556,274.720555556,274.720555556,274.721111111,274.721111111
275488000,train,FUTURE_0_7D,FRFOS,71.3927777778,4,9.765,18.4938888889,9.765,10.7775,10.7775
275497000,train,FUTURE_0_7D,TRGEM,102.308611111,4,80.7813888889,65.5713888889,65.5713888889,66.5897222222,66.5897222222
304204000,train,FUTURE_0_7D,TRCKZ,57.4575,0,54.0591666667,50.7580555556,51.7697222222,55.7861111111,55.7861111111
304427000,calibration,FUTURE_0_7D,ITTAR,19.4041666667,4,17.3766666667,17.3766666667,17.3766666667,17.3838888889,17.3838888889
304578000,train,FUTURE_0_7D,GRGPA,25.5877777778,1,48.3297222222,48.3297222222,48.3297222222,48.3261111111,48.3261111111
304610000,train,FUTURE_0_7D,GIGIB,65.3591666667,2,83.8008333333,83.8008333333,83.8008333333,89.8297222222,89.8297222222
304785000,train,FUTURE_0_7D,ITCHI,103.856388889,4,44.5888888889,37.9788888889,37.9788888889,38.9975,38.9975
305690000,train,FUTURE_0_7D,ITSVN,51.4602777778,3,-128.244166667,27.925,54.1683333333,54.1597222222,54.1597222222
305715000,train,FUTURE_7_14D,PLSZZ,320.296388889,3,318.020277778,214.046666667,81.2930555556,81.2925,81.2925
308628000,train,FUTURE_0_7D,ITMSN,2.09805555556,2,13.5269444444,25.5236111111,25.5236111111,26.3855555556,26.3855555556
309467000,train,FUTURE_0_7D,ITSPE,52.2075,4,22.8505555556,-2.3475,11.9605555556,23.9347222222,23.9347222222
310610000,train,PAST_GT24H,MTMLA,-786.144166667,2,4.87833333333,4.87833333333,4.87833333333,9.89027777778,5.94027777778
310772000,train,FUTURE_14_30D,USCMU,360.723333333,2,234.348611111,234.348611111,83.8008333333,90.8077777778,90.8077777778
310841000,train,FUTURE_0_7D,GRCHQ,22.3866666667,4,38.3211111111,38.3211111111,38.3211111111,38.3191666667,38.3191666667
311000231,train,PAST_GT24H,ITSPA,-125.627222222,3,-186.653611111,-186.653611111,-186.653611111,-176.621666667,-176.621666667
311000451,train,PAST_GT24H,ITSPA,-434.634444444,3,-186.653611111,-139.610277778,-117.643055556,-110.620833333,-110.620833333
311000516,train,FUTURE_0_7D,HROMI,43.0938888889,3,41.3936111111,68.4872222222,90.6488888889,99.2802777778,99.2802777778
311000621,train,FUTURE_0_7D,KOPER,60.9886111111,1,34.4072222222,54.7930555556,54.7930555556,54.7922222222,54.7922222222
311001060,train,FUTURE_0_7D,AMBIGUOUS:MALTA,5.45166666667,3,3.05555555556,3.05555555556,3.05555555556,3.05611111111,3.05611111111
311001144,train,FUTURE_0_7D,TEXT:GIGIB 0004,103.049722222,4,91.9708333333,91.9708333333,214.046666667,216.041666667,216.041666667
311085000,train,FUTURE_0_7D,ITCRV,10.5536111111,1,67.0344444444,61.9911111111,61.9911111111,66.8677777778,66.8677777778
311775000,calibration,FUTURE_0_7D,DZAZW,77.9036111111,2,83.8008333333,234.348611111,45.0263888889,45.0122222222,45.0122222222
312107000,calibration,FUTURE_0_7D,TRIST,52.7094444444,4,50.2191666667,50.2191666667,50.2191666667,51.2133333333,51.2133333333
312120000,train,FUTURE_0_7D,ITTRI,17.4525,3,40.6058333333,45.8775,40.6058333333,45.8827777778,45.8827777778
312333000,calibration,FUTURE_0_7D,ESCAS,121.9675,4,91.735,91.735,90.6488888889,107.311666667,107.311666667
314001113,train,FUTURE_7_14D,GBPTB,272.909722222,1,230.653333333,230.653333333,230.653333333,230.645833333,230.645833333
314432000,train,FUTURE_0_7D,ITPNG,38.3425,1,22.8913888889,22.8913888889,39.3958333333,39.4011111111,39.4011111111
314496000,train,FUTURE_0_7D,ITRAN,59.7291666667,4,55.1116666667,55.1116666667,55.1116666667,55.1105555556,55.1105555556
314509000,train,FUTURE_0_7D,MTMLA,4.225,2,4.87833333333,4.87833333333,4.87833333333,7.89944444444,2.93
314652000,calibration,PAST_GT24H,FOR_ORDERS,-270.887777778,4,303.231666667,314.258055556,303.231666667,303.229166667,303.229166667
314900000,train,FUTURE_0_7D,ROCND,94.1419444444,4,50.1938888889,48.3297222222,48.3297222222,48.3341666667,48.3341666667
319076100,train,FUTURE_0_7D,ITTAR,17.3766666667,3,19.4041666667,19.4041666667,19.4041666667,19.3969444444,19.3969444444
319301000,train,FUTURE_0_7D,TEXT:TOROS GABRE,87.4213888889,1,74.3922222222,69.0719444444,71.5641666667,75.9888888889,75.9888888889
338619000,train,FUTURE_0_7D,EGPSD,50.7580555556,3,66.6188888889,66.6188888889,60.2488888889,67.3147222222,67.3147222222
351656000,train,FUTURE_0_7D,ROCND,91.7725,3,38.3211111111,36.4436111111,50.1938888889,56.6127777778,56.6127777778
352001323,train,FUTURE_0_7D,ITNAP,18.59,2,18.4938888889,18.4938888889,18.4938888889,27.9447222222,27.9447222222
352001352,train,FUTURE_0_7D,GIGIB,81.3805555556,4,89.0002777778,89.0002777778,89.0002777778,88.9988888889,88.9988888889
352002170,calibration,FUTURE_0_7D,ITBRI,31.0708333333,0,47.1522222222,26.3880555556,22.0844444444,25.5736111111,25.5736111111
352002243,train,FUTURE_7_14D,FOR_ORDERS,303.231666667,2,274.720555556,274.720555556,274.720555556,275.737222222,275.737222222
352002310,train,FUTURE_0_7D,MACAS,104.6475,0,85.6202777778,79.2452777778,79.2452777778,79.2469444444,79.2469444444
352002473,calibration,FUTURE_0_7D,TEXT:ALIAGA TURKEY,54.0963888889,3,81.255,81.255,73.2861111111,80.2722222222,80.2722222222
352003272,train,FUTURE_0_7D,ESBCN,53.6988888889,1,90.5836111111,84.0602777778,84.0602777778,84.0725,84.0725
352003495,calibration,FUTURE_7_14D,NLRTM,214.046666667,1,84.285,90.6833333333,90.6488888889,90.6869444444,90.6869444444
352004307,train,FUTURE_0_7D,GIGIB,111.593333333,2,89.0002777778,89.0002777778,90.5836111111,98.5283333333,98.5283333333
352004590,train,FUTURE_0_7D,LBSEL,71.5641666667,0,50.2191666667,43.8797222222,43.8797222222,43.8869444444,43.8869444444
352004593,train,FUTURE_7_14D,FOR_ORDERS,274.720555556,4,303.231666667,303.231666667,303.231666667,303.231388889,303.231388889
352004690,train,FUTURE_14_30D,TEXT:P P URUGUAY,533.3925,1,95.2236111111,95.2236111111,95.2236111111,95.2230555556,95.2230555556
352004810,train,FUTURE_0_7D,GIGIB,74.8519444444,3,79.2452777778,79.2452777778,79.2452777778,79.2402777778,79.2402777778
352005357,train,FUTURE_7_14D,TEXT:SKAGEN,250.311388889,0,115.341388889,96.8438888889,78.9519444444,78.9661111111,78.9661111111
352005660,train,FUTURE_0_7D,FOR_ORDERS,84.285,3,303.231666667,318.020277778,318.020277778,318.031111111,318.031111111
352006086,train,FUTURE_0_7D,TRTEK,74.6733333333,0,80.7813888889,75.5544444444,78.6966666667,81.7861111111,81.7861111111
352506000,train,FUTURE_14_30D,TEXT:SGSIN PEBGA,640.108888889,4,65.3591666667,65.3591666667,77.9036111111,77.9144444444,77.9144444444
352604000,train,FUTURE_0_7D,EGEDK,70.1394444444,0,68.2436111111,74.3922222222,74.3922222222,74.5947222222,74.5947222222
353589000,calibration,FUTURE_0_7D,EGPSD,67.3097222222,0,65.6369444444,52.7875,52.7875,52.7783333333,52.7783333333
354562000,train,FUTURE_0_7D,TRAMR,58.2997222222,4,50.1938888889,59.8719444444,59.8719444444,59.87,59.87
355860000,train,FUTURE_0_7D,ITVCE,57.4363888889,4,43.6044444444,38.3425,38.3425,39.3547222222,39.3547222222
356324000,calibration,FUTURE_0_7D,ITGOA,55.225,0,50.9091666667,50.9091666667,50.9091666667,52.445,52.445
356680000,train,FUTURE_0_7D,TEXT:ISKENDERUN,75.5544444444,3,64.6044444444,64.9925,50.2191666667,65.2272222222,65.2272222222
356755000,train,FUTURE_0_7D,GIGIB,90.5836111111,3,81.3805555556,81.3805555556,81.3805555556,81.3825,81.3825
356794000,train,FUTURE_0_7D,MTMLA,11.7391666667,4,4.225,4.225,4.225,7.23444444444,7.23444444444
357463000,train,FUTURE_0_7D,ITGOA,50.9091666667,3,44.4341666667,44.4341666667,44.4341666667,44.4316666667,44.4316666667
357983000,train,FUTURE_0_7D,ESVLC,44.8425,3,121.198611111,121.198611111,121.198611111,123.217222222,123.217222222
372119000,train,FUTURE_0_7D,EGPSD,66.6188888889,2,65.6369444444,65.6369444444,65.6369444444,65.6372222222,65.6372222222
372668000,train,FUTURE_0_7D,DZAZW,59.9638888889,1,82.6511111111,81.3805555556,78.9519444444,78.9527777778,78.9527777778
373026000,train,PAST_GT24H,ITAUG,-36.7822222222,1,-76.6530555556,-79.6436111111,-79.6436111111,-74.785,-74.785
373808000,train,FUTURE_0_7D,FOR_ORDERS,18.7561111111,1,47.5175,47.5175,78.9519444444,95.5975,95.5975
374194000,train,PAST_GT24H,FOR_ORDERS,-2439.34805556,2,18.7561111111,18.7561111111,38.715,55.7211111111,55.7211111111
376304000,train,FUTURE_0_7D,HRZAD,45.8775,4,44.5888888889,39.3958333333,39.3958333333,40.3972222222,40.3972222222
403532001,train,FUTURE_0_7D,EGPSD,51.7697222222,3,67.3097222222,67.3097222222,67.3097222222,67.3172222222,67.3172222222
403660000,calibration,FUTURE_0_7D,ESALG,83.1661111111,4,82.6511111111,82.6511111111,82.6511111111,84.6680555556,84.6680555556
428002000,train,FUTURE_0_7D,TEXT:DAMIETTA,81.0472222222,1,74.3922222222,66.6188888889,71.5641666667,74.3930555556,74.3930555556
431048000,train,FUTURE_14_30D,FOR_ORDERS,426.029722222,2,274.720555556,274.720555556,274.720555556,274.734722222,274.734722222
431476000,train,FUTURE_0_7D,TRDRC,49.2836111111,0,52.7875,50.7580555556,27.5413888889,43.1261111111,43.1261111111
440252000,train,FUTURE_0_7D,TRDRC,33.7158333333,0,52.7875,50.7580555556,27.5413888889,43.12,43.12
461000256,train,FUTURE_14_30D,FOR_ORDERS,391.848055556,1,303.231666667,274.720555556,274.720555556,274.73,274.73
461000284,train,FUTURE_7_14D,FOR_ORDERS,334.89,2,90.6833333333,90.6833333333,90.6833333333,92.6936111111,92.6936111111
461000370,calibration,FUTURE_7_14D,FOR_ORDERS,301.943611111,4,303.231666667,303.231666667,303.231666667,304.259444444,304.259444444
477630800,train,FUTURE_0_7D,ESALG,98.5522222222,2,82.6511111111,82.6511111111,83.1661111111,90.1888888889,90.1888888889
477856500,train,FUTURE_0_7D,AMBIGUOUS:MALTA,3.58555555556,3,6.19583333333,6.19583333333,6.19583333333,6.19277777778,6.19277777778
477963900,train,FUTURE_0_7D,AMBIGUOUS:MALTA,3.05555555556,2,5.45166666667,5.45166666667,5.45166666667,5.45111111111,5.45111111111
511100560,train,FUTURE_0_7D,ITNAP,14.895,0,18.59,18.4938888889,18.4938888889,19.5105555556,19.5105555556
538001657,train,FUTURE_0_7D,GRAST,15.0325,0,42.1702777778,17.0086111111,17.0086111111,17.0066666667,17.0066666667
538002883,train,FUTURE_0_7D,TRISK,79.4730555556,3,66.6188888889,66.6188888889,66.6188888889,66.6186111111,66.6186111111
538003678,train,PAST_GT24H,ITSPA,-186.653611111,4,-125.627222222,-125.627222222,-125.627222222,-122.653055556,-122.653055556
538004518,calibration,FUTURE_0_7D,TRCKZ,50.4611111111,0,80.7813888889,66.6188888889,68.4872222222,82.2672222222,82.2672222222
538004558,train,FUTURE_0_7D,ITPFX,56.1919444444,2,103.651111111,5.45166666667,51.4602777778,53.4791666667,53.4791666667
538005330,calibration,FUTURE_0_7D,TRISK,68.4872222222,2,52.7094444444,50.2191666667,50.2191666667,50.2202777778,50.2202777778
538005431,train,FUTURE_0_7D,AMBIGUOUS:MALTA,5.76138888889,3,12.1338888889,12.1338888889,12.1338888889,12.1466666667,12.1466666667
538005496,train,PAST_GT24H,ITSPA,-163.314166667,3,-186.653611111,-186.653611111,-139.610277778,-127.614166667,-127.614166667
538005853,train,FUTURE_0_7D,ITPZL,6.67722222222,1,65.3591666667,69.0805555556,69.0805555556,69.0902777778,69.0902777778
538006774,train,FUTURE_0_7D,GIGIB,103.651111111,0,90.5836111111,90.5836111111,90.5836111111,90.5733333333,90.5733333333
538007198,train,FUTURE_7_14D,GNKMR,234.348611111,3,65.3591666667,69.0805555556,7.66361111111,19.7586111111,19.7586111111
538007504,train,FUTURE_0_7D,TRYAR,73.2861111111,0,65.5738888889,66.6188888889,68.4872222222,79.2794444444,79.2794444444
538007511,calibration,FUTURE_0_7D,GIGIB,79.2452777778,2,81.3805555556,84.0602777778,81.3805555556,82.4002777778,82.4002777778
538007661,train,FUTURE_0_7D,TRERE,50.2191666667,1,52.7094444444,52.7094444444,52.7094444444,53.7277777778,53.7277777778
538008070,train,FUTURE_0_7D,GIGIB,89.0002777778,3,84.0602777778,91.9708333333,91.9708333333,91.9797222222,91.9797222222
538009008,train,FUTURE_7_14D,RUULU,334.990833333,4,318.020277778,250.311388889,250.311388889,251.321388889,251.321388889
538009052,train,PAST_GT24H,MTMLA,-741.288611111,0,2.26111111111,2.26111111111,2.26111111111,2.2575,2.2575
538009159,train,FUTURE_0_7D,TRISK,88.1566666667,0,65.5738888889,58.6833333333,58.6833333333,58.6875,58.6875
538009183,calibration,FUTURE_7_14D,PLGDN,284.9025,2,301.943611111,274.720555556,368.455555556,370.470277778,370.470277778
538009214,calibration,FUTURE_0_7D,GIGIB,79.0844444444,1,84.0602777778,85.6202777778,91.9708333333,95.1830555556,90.8169444444
538009532,train,FUTURE_0_7D,GIGIB,91.9708333333,2,85.6202777778,85.6202777778,85.6202777778,89.6194444444,89.6194444444
538009615,train,FUTURE_7_14D,NLRTM,190.408611111,1,75.8911111111,75.8911111111,124.724722222,127.730833333,127.730833333
538009968,calibration,FUTURE_0_7D,EGPSD,68.2436111111,3,67.3097222222,67.3097222222,74.3922222222,74.3780555556,74.3780555556
538009987,train,FUTURE_0_7D,GIGIB,84.0602777778,0,85.6202777778,85.6202777778,85.6202777778,85.6147222222,85.6147222222
538010211,train,PAST_1_24H,ITSPA,-12.6144444444,3,-139.610277778,-139.610277778,-139.610277778,-136.6025,-136.6025
538010262,train,FUTURE_0_7D,TRGEB,64.9925,1,57.4575,57.4575,52.7094444444,57.4472222222,57.4472222222
538010540,calibration,FUTURE_0_7D,GIGIB,96.8438888889,2,90.5836111111,90.5836111111,90.5836111111,90.5819444444,90.5819444444
538010653,train,FUTURE_0_7D,FOR_ORDERS,90.6833333333,3,303.231666667,318.020277778,318.020277778,318.026666667,318.026666667
538010874,calibration,FUTURE_0_7D,MTMLA,2.93777777778,0,2.26111111111,2.26111111111,2.26111111111,2.25805555556,2.25805555556
538011225,train,FUTURE_0_7D,ITTAR,13.5269444444,0,17.3766666667,17.3766666667,17.3766666667,21.3813888889,21.3813888889
538011848,calibration,PAST_GT24H,FOR_ORDERS,-79.6066666667,4,38.715,69.0719444444,38.715,57.7233333333,57.7233333333
538011969,train,FUTURE_0_7D,HRRJK,34.5391666667,3,38.3211111111,38.3211111111,40.7847222222,42.1666666667,42.1666666667
538012456,train,PAST_1_24H,FOR_ORDERS,-5.65111111111,1,47.5175,38.715,38.715,42.8163888889,42.8163888889
538071393,train,PAST_1_24H,ITSIR,-2.32222222222,2,11.7391666667,11.7391666667,24.1022222222,27.8141666667,27.8141666667
538090701,train,FUTURE_7_14D,RULED,297.199444444,3,103.049722222,91.9708333333,91.9708333333,91.9730555556,91.9730555556
544203120,train,FUTURE_0_7D,ESCAS,102.057222222,1,14.9733333333,18.59,18.59,27.2661111111,27.2661111111
548651000,train,PAST_GT24H,ITAUG,-76.6530555556,4,-166.650833333,-166.650833333,-80.6244444444,-70.6475,-70.6475
563003300,train,FUTURE_0_7D,EGSKT,46.5769444444,1,65.6369444444,63.5813888889,60.2488888889,64.6069444444,64.6069444444
563162400,train,FUTURE_14_30D,USNSS,372.982222222,1,79.1775,87.8477777778,301.943611111,304.946944444,304.946944444
563186100,train,FUTURE_0_7D,ESALG,82.6511111111,3,90.6488888889,83.1661111111,83.1661111111,83.1636111111,83.1636111111
563205300,train,FUTURE_0_7D,TEXT:BANDIRMA TR,67.0344444444,3,27.3138888889,21.2675,27.3138888889,28.2622222222,28.2622222222
563246500,calibration,PAST_GT24H,GIGIB,-654.671944444,2,85.6202777778,85.6202777778,85.6202777778,85.6244444444,85.6244444444
563279900,train,FUTURE_0_7D,ITLIV,34.4177777778,3,25.5236111111,25.5236111111,25.5236111111,25.525,25.525
563280700,train,FUTURE_0_7D,EGPSD,49.8680555556,3,66.6188888889,66.6188888889,66.6188888889,67.625,67.625
564724000,train,FUTURE_0_7D,ALDRZ,14.0841666667,2,47.1530555556,47.1530555556,57.4363888889,57.4672222222,57.4672222222
565712000,train,FUTURE_0_7D,ITNAP,53.4486111111,0,18.59,18.59,18.59,35.8241666667,35.8241666667
566453000,train,FUTURE_0_7D,GIGIB,83.8008333333,4,79.0844444444,79.0844444444,79.0844444444,79.0683333333,70.3563888889
566579000,train,FUTURE_0_7D,MTMLA,3.88861111111,4,4.225,4.225,4.225,4.22722222222,4.22722222222
566722000,train,FUTURE_0_7D,GRKLX,36.4436111111,4,38.3211111111,10.1502777778,11.9605555556,26.1055555556,26.1055555556
577339000,train,FUTURE_0_7D,TRGEM,88.0297222222,4,-136.652222222,-163.314166667,-163.314166667,-157.669166667,-157.669166667
578001200,train,FUTURE_0_7D,TEXT:MA VALLETTA,7.66361111111,4,21.8616666667,10.1502777778,12.3469444444,27.9602777778,27.9602777778
605026210,train,FUTURE_0_7D,ALROM,34.4072222222,3,57.4363888889,47.1530555556,47.1530555556,48.1641666667,48.1641666667
605076070,train,FUTURE_0_7D,DZORN,69.5616666667,2,84.285,81.2930555556,84.285,85.2886111111,85.2886111111
613404821,train,FUTURE_14_30D,TEXT:TALLINN,368.455555556,1,83.1661111111,82.6511111111,81.3805555556,82.4,82.4
613471602,calibration,FUTURE_14_30D,TEXT:PRIMORSK,367.818333333,1,97.9855555556,87.8477777778,95.2236111111,99.9808333333,99.9808333333
613992601,train,FUTURE_0_7D,TRHAY,64.6044444444,2,68.2436111111,74.6733333333,52.7094444444,71.7180555556,71.7180555556
629009126,calibration,FUTURE_0_7D,ITMFR,96.3855555556,3,9.26722222222,6.98527777778,6.98527777778,6.98472222222,6.98472222222
630001201,train,FUTURE_0_7D,LBBEY,29.0869444444,1,2.93777777778,98.5522222222,95.2236111111,105.986111111,105.986111111
636011638,train,FUTURE_0_7D,TEXT:SUEZ EG,63.5813888889,3,60.2488888889,66.6188888889,66.6188888889,68.3597222222,68.3597222222
636012378,train,FUTURE_0_7D,TRCKZ,44.8680555556,2,50.4611111111,50.4611111111,50.4611111111,51.4811111111,51.4811111111
636013095,train,FUTURE_0_7D,ITVCE,64.7330555556,1,54.7930555556,54.7930555556,54.7930555556,54.7886111111,54.7886111111
636014168,train,FUTURE_0_7D,MTMAR,12.5461111111,2,10.3208333333,10.3208333333,10.3208333333,10.3319444444,10.3319444444
636015710,train,FUTURE_0_7D,EGEDK,100.489444444,0,79.4730555556,68.2436111111,68.2436111111,74.3855555556,74.3855555556
636015940,train,FUTURE_0_7D,DZSKI,38.6913888889,4,318.020277778,318.020277778,250.311388889,251.314444444,251.314444444
636016014,train,FUTURE_0_7D,GBPTI,94.4358333333,1,44.8680555556,65.6369444444,44.8680555556,44.8613888889,44.8613888889
636016205,train,FUTURE_0_7D,ESTAR,45.0263888889,3,77.9036111111,77.9036111111,256.149722222,256.148611111,256.148611111
636017773,train,FUTURE_0_7D,GIGIB,87.8477777778,3,84.0602777778,96.8438888889,96.8438888889,97.4697222222,97.4697222222
636018276,train,FUTURE_0_7D,ITGIT,10.6444444444,1,15.5044444444,15.5044444444,15.5044444444,16.5133333333,16.5133333333
636018323,train,FUTURE_0_7D,TEXT:MTMAR SIKOP,47.1522222222,1,19.2561111111,22.0844444444,22.0844444444,24.3969444444,24.3969444444
636018629,train,FUTURE_0_7D,ITCAG,47.7572222222,2,52.4452777778,87.8477777778,53.4486111111,62.4625,62.4625
636018926,calibration,FUTURE_0_7D,ESCEU,75.9636111111,4,303.231666667,232.388333333,232.388333333,232.390555556,232.390555556
636019542,train,FUTURE_0_7D,EGDAM,65.5738888889,3,75.9841666667,76.2652777778,73.2861111111,79.2691666667,79.2691666667
636019819,train,FUTURE_0_7D,ESALG,95.2236111111,2,82.6511111111,82.6511111111,82.6511111111,82.6547222222,82.6547222222
636019983,train,FUTURE_GT30D,SGSIN,760.620833333,4,57.5136111111,57.5136111111,57.5136111111,57.5175,57.5175
636020064,train,FUTURE_0_7D,EGPSW,70.4255555556,4,50.1938888889,59.8719444444,50.1938888889,54.3419444444,54.3419444444
636020328,train,FUTURE_0_7D,PTAVE,124.724722222,2,90.6488888889,90.6488888889,90.6488888889,90.6894444444,90.6894444444
636020540,train,FUTURE_0_7D,BGVAR,92.9991666667,1,48.3297222222,48.3297222222,48.3297222222,48.32,48.32
636020938,calibration,FUTURE_0_7D,MACAS,78.1888888889,1,85.6202777778,79.2452777778,79.2452777778,79.2461111111,79.2461111111
636020986,calibration,FUTURE_0_7D,TEXT:MAPTM EGPSE,61.695,1,58.2141666667,51.7697222222,54.13,59.1319444444,59.1319444444
636021078,train,FUTURE_0_7D,LYMRA,25.8052777778,0,7.10861111111,7.66361111111,11.9605555556,24.8702777778,24.8702777778
636021161,train,FUTURE_7_14D,GBFXT,182.796111111,0,78.1888888889,78.1888888889,78.1888888889,80.1763888889,80.1763888889
636021246,train,FUTURE_0_7D,MTMAR,7.10861111111,4,10.3208333333,10.3208333333,11.9605555556,22.8744444444,22.8744444444
636021362,train,FUTURE_0_7D,TEXT:IT LVN VIA MESSINA,22.8505555556,0,40.9797222222,38.3283333333,38.3283333333,38.3238888889,38.3238888889
636021365,train,FUTURE_0_7D,TEXT:ABU QIR,41.7258333333,3,46.5769444444,46.5769444444,43.8797222222,46.5711111111,46.5711111111
636021513,train,FUTURE_0_7D,TRZON,81.255,0,81.0472222222,65.5738888889,68.4872222222,81.2530555556,81.2530555556
636021596,train,FUTURE_0_7D,ITRAN,48.7227777778,4,55.1116666667,55.1116666667,55.1116666667,55.1077777778,55.1077777778
636021665,calibration,FUTURE_0_7D,ITTRS,41.3936111111,4,42.1702777778,15.0325,15.5044444444,16.5011111111,16.5011111111
636021700,train,PAST_GT24H,ITAUG,-356.462777778,3,-120.646388889,-82.5058333333,-80.6244444444,-62.4502777778,-62.4502777778
636021702,train,FUTURE_0_7D,ITBDS,17.0086111111,4,19.2561111111,15.0325,15.0325,16.5166666667,16.5166666667
636021733,train,FUTURE_0_7D,ITTAR,16.7352777778,4,17.3766666667,17.3766666667,17.3766666667,19.3788888889,19.3788888889
636021739,train,FUTURE_0_7D,ITMEI,1.41805555556,1,35.1477777778,35.1477777778,35.1477777778,36.4386111111,36.4386111111
636021781,train,FUTURE_0_7D,TRCEY,76.2652777778,4,48.3297222222,38.715,50.2191666667,52.365,52.365
636022183,train,FUTURE_0_7D,MTMLA,3.93583333333,1,2.26111111111,2.26111111111,2.26111111111,2.24972222222,4.88277777778
636022522,train,FUTURE_0_7D,EGPSD,75.9841666667,0,66.6188888889,66.6188888889,66.6188888889,67.6330555556,67.6330555556
636022541,train,FUTURE_0_7D,GRGPA,18.0111111111,2,50.1938888889,50.1938888889,59.7291666667,59.7344444444,59.7344444444
636022867,train,FUTURE_0_7D,TRTUZ,67.5058333333,1,69.0719444444,68.4872222222,68.4872222222,72.2944444444,72.2944444444
636022905,train,FUTURE_0_7D,SIKOP,57.4680555556,0,43.6044444444,34.4072222222,34.4072222222,35.4202777778,35.4202777778
636023127,train,FUTURE_0_7D,ITSAL,14.9733333333,2,40.9797222222,40.9797222222,44.4341666667,45.4502777778,45.4502777778
636023250,train,FUTURE_0_7D,EGDAM,46.2247222222,0,52.7875,52.7875,50.7580555556,50.7622222222,50.7622222222
636023526,train,FUTURE_0_7D,SIKOP,38.3211111111,1,34.5391666667,22.3866666667,40.7847222222,47.8402777778,47.8402777778
636023809,train,FUTURE_0_7D,GIGIB,75.8911111111,0,81.3805555556,81.3805555556,79.2452777778,80.5363888889,80.5363888889
636024336,calibration,FUTURE_14_30D,TEXT:FIUMICINO ITALY,711.461944444,1,18.59,18.59,18.59,18.5863888889,18.5863888889
636024536,train,FUTURE_0_7D,ITGOA,52.4452777778,3,46.4047222222,46.4047222222,46.4047222222,56.2572222222,56.2572222222
636024606,train,FUTURE_0_7D,TEXT:DARDANELLES,36.4069444444,3,48.3297222222,68.4872222222,68.4872222222,75.5697222222,75.5697222222
636024786,train,FUTURE_0_7D,EGPSD,74.3922222222,4,66.6188888889,66.6188888889,66.6188888889,67.6358333333,67.6358333333
636024805,calibration,FUTURE_0_7D,TRIZT,27.5413888889,1,47.5175,52.7094444444,52.7094444444,53.7319444444,53.7319444444
636024824,train,FUTURE_14_30D,USLCH,647.133888889,4,90.6488888889,85.6202777778,85.6202777778,86.6180555556,86.6180555556
636024855,train,FUTURE_0_7D,GIGIB,72.7880555556,3,84.0602777778,81.3805555556,81.3805555556,81.385,81.385
636024939,train,FUTURE_0_7D,ILASH,54.13,2,46.4288888889,52.7875,46.2247222222,47.2566666667,47.2566666667
636025061,train,FUTURE_0_7D,ILHFA,58.6833333333,3,46.5769444444,46.5769444444,43.8797222222,46.5788888889,46.5788888889
636025888,calibration,FUTURE_0_7D,AMBIGUOUS:MALTA,12.1338888889,2,5.76138888889,5.76138888889,5.76138888889,9.76083333333,9.76083333333
636025912,train,FUTURE_0_7D,GRKLX,21.8638888889,2,49.2836111111,49.8680555556,39.0594444444,43.1213888889,43.1213888889
636092313,train,FUTURE_0_7D,TRMRM,39.0594444444,0,54.13,52.7875,50.7580555556,50.7619444444,50.7619444444
636092552,train,FUTURE_0_7D,ESALG,90.6488888889,0,82.6511111111,81.2930555556,81.2930555556,81.29,81.29
636093132,train,FUTURE_0_7D,TRIST,74.0866666667,0,52.7094444444,52.7094444444,68.4872222222,76.2530555556,76.2530555556
636093171,train,FUTURE_0_7D,EGPSE,46.4288888889,0,52.7875,52.7875,52.7875,52.7822222222,52.7822222222
636093237,calibration,FUTURE_7_14D,BEGNE,208.744166667,4,91.735,79.1775,90.6833333333,105.684166667,105.684166667
636093368,train,FUTURE_0_7D,EGPSD,52.7875,4,51.7697222222,51.7697222222,51.7697222222,52.7863888889,52.7863888889
647553008,train,FUTURE_0_7D,FOR_ORDERS,69.0719444444,0,-5.65111111111,301.943611111,303.231666667,310.248888889,310.248888889
667001639,calibration,FUTURE_0_7D,TRCKZ,48.3297222222,2,30.7016666667,30.7016666667,30.7016666667,30.7,30.7
667002240,train,FUTURE_0_7D,EGPSD,60.2488888889,2,64.0183333333,64.0183333333,64.0183333333,64.0238888889,64.0238888889
667002260,train,FUTURE_7_14D,FOR_ORDERS,318.020277778,1,303.231666667,303.231666667,303.231666667,303.228888889,303.228888889
667002373,train,PAST_GT24H,TEXT:W AFRICA,-128.244166667,2,2.93777777778,5.45166666667,51.4602777778,53.4772222222,53.4772222222
671500100,train,FUTURE_0_7D,TEXT:FOR ORD,101.826388889,2,76.2652777778,81.0472222222,75.9841666667,80.2702777778,80.2702777778
671562100,train,FUTURE_0_7D,TEXT:SHENGJIN,40.6058333333,4,44.5888888889,54.7930555556,55.1116666667,59.1297222222,59.1297222222
672296000,train,FUTURE_0_7D,TNBIZ,42.2341666667,2,52.2075,51.4602777778,33.0186111111,34.0269444444,14.8836111111
677089900,train,FUTURE_0_7D,TRIST,85.1122222222,0,87.4213888889,80.7813888889,76.2652777778,82.2705555556,82.2705555556
