mmsi,target_tte_h,m16a_outer_fold,pred_m17a_frozen_h,pred_m17g_moco_tcn64_h,pred_m17g_masked_transformer_mae64_h,pred_m17g_selected_h
210627000,-20.6094444444,1,-120.646388889,-136.652222222,-120.646388889,-136.652222222
210688000,54.3475,4,-12.6144444444,-5.65111111111,-12.6144444444,-5.65111111111
212690000,-0.651944444444,3,-36.7822222222,-36.7822222222,-36.7822222222,-36.7822222222
215035000,43.6044444444,1,55.1116666667,55.1116666667,55.1116666667,55.1116666667
215054000,12.3469444444,3,-186.653611111,-186.653611111,-186.653611111,-186.653611111
215178000,84.3366666667,4,74.6733333333,74.6733333333,74.6733333333,74.6733333333
215232000,-100.135833333,0,-17.3619444444,-17.3619444444,-17.3619444444,-17.3619444444
215270000,69.0805555556,2,83.8008333333,83.8008333333,83.8008333333,83.8008333333
215282000,64.0183333333,1,66.6188888889,65.6369444444,60.2488888889,65.6369444444
215481000,97.6213888889,4,79.0844444444,79.0844444444,79.0844444444,79.0844444444
215498000,-117.643055556,0,-186.653611111,-186.653611111,-186.653611111,-186.653611111
215826000,70.8777777778,0,-15.3402777778,-15.3402777778,10.5536111111,-15.3402777778
215867000,61.9911111111,4,23.0305555556,10.1502777778,-2.32222222222,10.1502777778
215909000,9.765,2,18.4938888889,18.4938888889,18.4938888889,18.4938888889
215958000,27.3138888889,4,23.0305555556,67.0344444444,18.4938888889,67.0344444444
215993000,22.0844444444,4,19.2561111111,19.2561111111,19.2561111111,19.2561111111
219028212,78.6966666667,1,52.7094444444,48.3297222222,52.7094444444,48.3297222222
219031822,9.26722222222,1,21.2675,44.5888888889,30.1,44.5888888889
219110000,175.056111111,1,81.3805555556,83.1661111111,83.1661111111,83.1661111111
219133000,58.2141666667,2,50.7580555556,50.7580555556,50.7580555556,50.7580555556
219210000,692.941388889,0,175.056111111,57.5136111111,83.1661111111,57.5136111111
219303000,1.77916666667,0,38.3283333333,38.3283333333,34.4177777778,38.3283333333
219432000,-79.6436111111,0,-166.650833333,-120.646388889,-120.646388889,-120.646388889
219550000,6.19583333333,2,3.58555555556,3.58555555556,3.58555555556,3.58555555556
219608000,41.2513888889,0,60.2488888889,52.7875,60.2488888889,52.7875
228481700,57.5136111111,3,83.1661111111,85.9019444444,83.1661111111,85.9019444444
229331000,1.55583333333,1,2.26111111111,2.26111111111,2.26111111111,2.26111111111
229370000,65.5713888889,3,59.7291666667,42.1283333333,48.7227777778,42.1283333333
229412000,68.0102777778,1,25.0463888889,25.0463888889,69.0805555556,25.0463888889
229456000,85.9019444444,0,82.6511111111,82.6511111111,83.1661111111,82.6511111111
229471000,256.149722222,0,2378.25222222,2378.25222222,2378.25222222,2378.25222222
229548000,-3047.71833333,0,232.388333333,175.056111111,175.056111111,175.056111111
229648000,68.2094444444,1,81.3805555556,57.5136111111,75.9636111111,57.5136111111
230723000,37.9788888889,2,45.8775,59.5738888889,45.8775,59.5738888889
232012490,205.648333333,0,85.6202777778,84.285,90.6833333333,84.285
232026551,26.8955555556,0,54.0591666667,54.0591666667,54.0591666667,54.0591666667
232058998,85.6202777778,3,84.0602777778,81.3805555556,79.2452777778,81.3805555556
232061535,4.87833333333,0,3.88861111111,3.88861111111,3.88861111111,3.88861111111
232062004,290.709722222,0,115.341388889,115.341388889,96.8438888889,115.341388889
232063279,502.520555556,3,95.2236111111,303.231666667,303.231666667,303.231666667
235010170,27.5930555556,4,34.4072222222,34.4072222222,64.6044444444,34.4072222222
236623000,38.715,0,18.7561111111,18.7561111111,-5.65111111111,18.7561111111
238066000,30.7016666667,0,52.7094444444,52.7094444444,68.4872222222,52.7094444444
240544000,50.1938888889,1,59.8719444444,59.8719444444,59.8719444444,59.8719444444
240633000,115.341388889,3,91.9708333333,96.8438888889,91.9708333333,96.8438888889
240788000,40.0636111111,2,27.3138888889,23.0305555556,27.3138888889,23.0305555556
240878000,428.973333333,4,314.258055556,303.231666667,303.231666667,303.231666667
240893000,298.963611111,3,18.4938888889,-5.65111111111,11.9605555556,-5.65111111111
240942000,18.4938888889,1,15.9166666667,15.9166666667,15.9166666667,15.9166666667
241287000,390.611388889,0,232.388333333,232.388333333,232.388333333,232.388333333
241298000,40.9797222222,4,35.1477777778,34.4177777778,34.4177777778,34.4177777778
241618000,175.416666667,1,95.2236111111,95.2236111111,95.2236111111,95.2236111111
241689000,232.388333333,2,274.720555556,274.720555556,274.720555556,274.720555556
241745000,48.4636111111,0,301.943611111,301.943611111,303.231666667,301.943611111
241751000,32.6686111111,4,79.1775,42.2341666667,79.1775,42.2341666667
241859000,42.1702777778,1,17.0086111111,15.5044444444,17.3766666667,15.5044444444
241929000,91.735,2,121.9675,92.9991666667,103.049722222,92.9991666667
241953000,26.4461111111,3,52.7094444444,68.4872222222,50.2191666667,68.4872222222
242494400,-3043.85944444,4,2.26111111111,2.26111111111,2.26111111111,2.26111111111
244090800,33.0186111111,3,25.0463888889,25.0463888889,25.0463888889,25.0463888889
244865000,54.1683333333,1,230.653333333,205.648333333,230.653333333,205.648333333
245278000,230.653333333,2,85.6202777778,247.046944444,103.049722222,247.046944444
246518000,18.9361111111,1,15.9166666667,15.9166666667,15.9166666667,15.9166666667
247018700,47.5175,4,38.715,48.4636111111,38.715,48.4636111111
247045300,10.7030555556,4,21.2675,18.9361111111,18.4938888889,18.9361111111
247055200,30.1,2,44.5888888889,44.5888888889,65.5586111111,44.5888888889
247069600,27.925,1,230.653333333,230.653333333,104.6475,230.653333333
247077700,-595.088611111,4,-82.5058333333,-136.652222222,-82.5058333333,-136.652222222
247095300,42.1283333333,0,59.5738888889,59.5738888889,59.5738888889,59.5738888889
247100900,-136.652222222,0,-20.6094444444,-76.6530555556,-20.6094444444,-76.6530555556
247101700,-2010.43222222,4,-125.627222222,-125.627222222,-125.627222222,-125.627222222
247104500,30.8516666667,3,49.2836111111,73.2861111111,64.6044444444,73.2861111111
247131100,-201.613888889,3,-79.6436111111,-62.65,-79.6436111111,-62.65
247144750,-2424.53972222,4,-2395.48805556,-2395.48805556,-2395.48805556,-2395.48805556
247147120,-2422.87055556,2,-5.65111111111,-80.6244444444,27.3138888889,-80.6244444444
247153450,2378.25222222,4,9.26722222222,256.149722222,9.26722222222,256.149722222
247176900,23.0305555556,3,-117.643055556,-117.643055556,-117.643055556,-117.643055556
247219700,15.9166666667,3,18.4938888889,18.4938888889,18.4938888889,18.4938888889
247231200,2885.25,4,90.6488888889,79.2452777778,90.6488888889,79.2452777778
247241800,-10.6105555556,0,-5.64222222222,-5.64222222222,-5.64222222222,-5.64222222222
247268300,229.347777778,4,-79.6436111111,-79.6436111111,-79.6436111111,-79.6436111111
247278300,3786.35444444,1,-125.627222222,-117.643055556,-117.643055556,-117.643055556
247282600,-2.3475,3,-76.6530555556,-82.5058333333,-76.6530555556,-82.5058333333
247296500,40.4125,2,-0.993888888889,-2.3475,-17.4319444444,-2.3475
247298300,-393.143611111,3,-76.6530555556,-76.6530555556,-76.6530555556,-76.6530555556
247305480,-2525.77555556,2,-17.4319444444,-10.6105555556,-20.6094444444,-10.6105555556
247306670,-2395.48805556,1,-2422.87055556,-2422.87055556,-2422.87055556,-2422.87055556
247310200,25.0463888889,2,68.0102777778,68.0102777778,68.0102777778,68.0102777778
247313600,54.7930555556,2,55.1116666667,55.1116666667,57.4680555556,55.1116666667
247319800,11.9872222222,0,11.9605555556,30.1,18.5783333333,30.1
247324900,11.9605555556,2,10.7030555556,-62.65,15.9166666667,-62.65
247333600,4084.76305556,4,-62.65,-62.65,-62.65,-62.65
247343900,-2457.65333333,2,-20.6094444444,-80.6244444444,-79.6436111111,-80.6244444444
247349400,-648.636388889,0,-5.64222222222,-17.3619444444,-5.64222222222,-17.3619444444
247351700,4051.84972222,4,-166.650833333,-166.650833333,-166.650833333,-166.650833333
247355500,21.2675,0,15.9166666667,15.9166666667,15.9166666667,15.9166666667
247362500,-1851.15305556,2,10.5536111111,10.5536111111,68.9125,10.5536111111
247382800,-2281.43333333,0,-139.610277778,-139.610277778,-139.610277778,-139.610277778
247383400,32.5116666667,4,44.5888888889,44.5888888889,44.5888888889,44.5888888889
247392600,15.5044444444,2,18.4938888889,18.4938888889,18.4938888889,18.4938888889
247407900,1902.665,2,-20.6094444444,-100.135833333,-120.646388889,-100.135833333
247408700,-120.646388889,4,-166.650833333,-166.650833333,-136.652222222,-166.650833333
247415100,-174.649444444,0,-5.64222222222,-5.64222222222,-5.64222222222,-5.64222222222
247415600,18.5783333333,2,15.9166666667,11.9872222222,11.9872222222,11.9872222222
247425900,-1542.90277778,3,-62.65,-36.7822222222,-62.65,-36.7822222222
247426100,-166.650833333,2,-20.6094444444,-79.6436111111,-79.6436111111,-79.6436111111
247432200,24.1022222222,0,7.10861111111,5.33888888889,7.10861111111,5.33888888889
247453600,-0.8875,2,-100.135833333,-17.3619444444,-100.135833333,-17.3619444444
247483800,-3742.03222222,1,19.2561111111,22.0844444444,19.2561111111,22.0844444444
247488900,29.5083333333,3,43.8797222222,50.2191666667,68.4872222222,50.2191666667
247530400,39.3958333333,0,46.4047222222,46.4047222222,46.4047222222,46.4047222222
248089000,26.3880555556,1,17.3766666667,19.2561111111,15.5044444444,19.2561111111
248105000,47.1530555556,1,19.4041666667,19.2561111111,34.4072222222,19.2561111111
248159000,6.3725,2,38.3283333333,44.4341666667,44.4341666667,44.4341666667
248333000,-27.9525,3,-79.6436111111,-79.6436111111,-80.6244444444,-79.6436111111
248422000,-738.6,2,5.33888888889,5.33888888889,5.33888888889,5.33888888889
248507000,68.9125,3,27.3138888889,27.3138888889,40.0636111111,27.3138888889
249004000,43.8797222222,1,65.5738888889,63.5813888889,60.2488888889,63.5813888889
249022000,157.519166667,0,6.19583333333,6.19583333333,6.19583333333,6.19583333333
249087000,-17.4319444444,4,-166.650833333,-166.650833333,-136.652222222,-166.650833333
249146000,-5.64222222222,4,-174.649444444,-100.135833333,-174.649444444,-100.135833333
249172000,10.3208333333,3,12.5461111111,8.88638888889,12.5461111111,8.88638888889
249281000,-17.3619444444,4,-174.649444444,-100.135833333,-100.135833333,-100.135833333
249414000,2.26111111111,2,1.55583333333,2.93777777778,2.93777777778,2.93777777778
249433000,81.2930555556,1,90.6488888889,90.6488888889,90.6488888889,90.6488888889
249596000,10.1502777778,0,4.225,3.88861111111,4.225,3.88861111111
249611000,97.4713888889,1,89.0002777778,89.0002777778,91.9708333333,89.0002777778
249697000,92.2597222222,1,74.6733333333,65.6369444444,74.6733333333,65.6369444444
249742000,247.046944444,3,103.049722222,90.6488888889,103.049722222,90.6488888889
249962000,79.1775,2,97.4713888889,87.8477777778,301.943611111,87.8477777778
249974000,5.33888888889,3,3.88861111111,3.88861111111,4.225,3.88861111111
253000158,54.0591666667,1,44.8680555556,44.8680555556,33.7158333333,44.8680555556
255779000,-15.3402777778,3,21.2675,-117.643055556,40.0636111111,-117.643055556
255801270,88.0419444444,4,23.0305555556,40.0636111111,67.0344444444,40.0636111111
255805849,97.9855555556,0,89.0002777778,95.2236111111,89.0002777778,95.2236111111
255805866,52.1658333333,1,18.59,15.9166666667,18.59,15.9166666667
255805951,20.465,4,47.1530555556,47.1530555556,65.5713888889,47.1530555556
255805968,21.8616666667,1,7.10861111111,7.66361111111,7.10861111111,7.66361111111
255806044,59.5738888889,1,55.1116666667,55.1116666667,55.1116666667,55.1116666667
255806427,5.84305555556,1,15.5044444444,15.5044444444,15.5044444444,15.5044444444
255915592,38.3283333333,3,35.1477777778,35.1477777778,37.8808333333,35.1477777778
255915609,16.4616666667,1,2.93777777778,2.26111111111,2.26111111111,2.26111111111
255915683,83.2125,2,55.1116666667,55.1116666667,55.1116666667,55.1116666667
255915693,55.1116666667,3,59.5738888889,59.5738888889,59.5738888889,59.5738888889
255915737,-82.5058333333,0,-356.462777778,-356.462777778,-356.462777778,-356.462777778
255915759,-566.815555556,4,303.231666667,303.231666667,232.388333333,303.231666667
255915798,72.305,2,50.2191666667,52.7094444444,50.2191666667,52.7094444444
255915800,-62.65,0,-36.7822222222,-36.7822222222,-36.7822222222,-36.7822222222
255915967,37.5897222222,0,50.2191666667,50.2191666667,50.2191666667,50.2191666667
255916537,25.5236111111,0,34.4177777778,18.59,18.59,18.59
255970000,22.8913888889,3,19.4041666667,19.4041666667,19.4041666667,19.4041666667
256049000,46.6986111111,2,35.1477777778,38.3283333333,38.3283333333,38.3283333333
256227000,-80.6244444444,0,-120.646388889,-166.650833333,-120.646388889,-166.650833333
256251000,59.8719444444,3,60.9197222222,58.2997222222,58.2997222222,58.2997222222
256286000,44.5888888889,3,46.4047222222,46.4047222222,46.4047222222,46.4047222222
256392000,19.2561111111,0,43.6044444444,22.0844444444,22.0844444444,22.0844444444
256436000,26.4025,0,38.3425,38.3425,54.7930555556,38.3425
256515000,-139.610277778,1,-163.314166667,-163.314166667,-163.314166667,-163.314166667
256607000,6.98527777778,2,5.89166666667,5.89166666667,5.89166666667,5.89166666667
256714000,44.4341666667,0,50.9091666667,50.9091666667,50.9091666667,50.9091666667
256812000,80.7813888889,2,74.6733333333,74.6733333333,74.6733333333,74.6733333333
256885000,46.4047222222,1,44.5888888889,44.5888888889,44.5888888889,44.5888888889
256891000,-0.993888888889,4,-136.652222222,-136.652222222,-136.652222222,-136.652222222
257824000,121.198611111,1,79.2452777778,75.8911111111,79.2452777778,75.8911111111
268251804,70.6719444444,2,45.8775,57.4363888889,55.1116666667,57.4363888889
271000677,60.9197222222,1,40.7847222222,40.7847222222,47.5175,40.7847222222
271000748,35.1477777778,0,37.8808333333,37.8808333333,37.8808333333,37.8808333333
271002572,40.7847222222,0,47.5175,47.5175,47.5175,47.5175
271040948,37.8808333333,2,35.1477777778,35.1477777778,35.1477777778,35.1477777778
271044383,67.055,1,104.6475,104.6475,124.724722222,104.6475
271051063,8.88638888889,1,10.3208333333,10.3208333333,10.3208333333,10.3208333333
271051219,5.89166666667,4,6.98527777778,6.98527777778,6.98527777778,6.98527777778
271052090,65.5586111111,4,44.5888888889,44.5888888889,44.5888888889,44.5888888889
273267690,65.6369444444,3,67.3097222222,66.6188888889,67.3097222222,66.6188888889
273271070,328.807222222,2,301.943611111,301.943611111,301.943611111,301.943611111
273276260,78.9519444444,3,318.020277778,318.020277778,318.020277778,318.020277778
273277260,322.369166667,3,175.056111111,175.056111111,175.056111111,175.056111111
273277840,314.258055556,2,274.720555556,274.720555556,274.720555556,274.720555556
275488000,71.3927777778,4,9.765,9.765,17.4525,9.765
275497000,102.308611111,4,80.7813888889,50.4611111111,80.7813888889,50.4611111111
304204000,57.4575,0,54.0591666667,64.6044444444,64.6044444444,64.6044444444
304427000,19.4041666667,4,17.3766666667,17.3766666667,17.3766666667,17.3766666667
304578000,25.5877777778,1,48.3297222222,52.7094444444,48.3297222222,52.7094444444
304610000,65.3591666667,2,83.8008333333,83.8008333333,83.8008333333,83.8008333333
304785000,103.856388889,4,44.5888888889,59.5738888889,59.5738888889,59.5738888889
305690000,51.4602777778,3,-128.244166667,-128.244166667,2.26111111111,-128.244166667
305715000,320.296388889,3,318.020277778,250.311388889,81.3805555556,250.311388889
308628000,2.09805555556,2,13.5269444444,26.3880555556,26.3880555556,26.3880555556
309467000,52.2075,4,22.8505555556,22.8505555556,22.8505555556,22.8505555556
310610000,-786.144166667,2,4.87833333333,3.88861111111,3.88861111111,3.88861111111
310772000,360.723333333,2,234.348611111,182.796111111,83.8008333333,182.796111111
310841000,22.3866666667,4,38.3211111111,38.3211111111,40.7847222222,38.3211111111
311000231,-125.627222222,3,-186.653611111,-186.653611111,-186.653611111,-186.653611111
311000451,-434.634444444,3,-186.653611111,-186.653611111,-186.653611111,-186.653611111
311000516,43.0938888889,3,41.3936111111,30.7016666667,16.7352777778,30.7016666667
311000621,60.9886111111,1,34.4072222222,34.4072222222,34.4072222222,34.4072222222
311001060,5.45166666667,3,3.05555555556,3.05555555556,6.19583333333,3.05555555556
311001144,103.049722222,4,91.9708333333,91.9708333333,91.9708333333,91.9708333333
311085000,10.5536111111,1,67.0344444444,36.4436111111,67.0344444444,36.4436111111
311775000,77.9036111111,2,83.8008333333,182.796111111,83.8008333333,182.796111111
312107000,52.7094444444,4,50.2191666667,48.3297222222,50.2191666667,48.3297222222
312120000,17.4525,3,40.6058333333,40.6058333333,39.3958333333,40.6058333333
312333000,121.9675,4,91.735,91.735,91.735,91.735
314001113,272.909722222,1,230.653333333,230.653333333,230.653333333,230.653333333
314432000,38.3425,1,22.8913888889,26.4025,45.8775,26.4025
314496000,59.7291666667,4,55.1116666667,55.1116666667,55.1116666667,55.1116666667
314509000,4.225,2,4.87833333333,3.88861111111,4.87833333333,3.88861111111
314652000,-270.887777778,4,303.231666667,314.258055556,314.258055556,314.258055556
314900000,94.1419444444,4,50.1938888889,48.3297222222,48.3297222222,48.3297222222
319076100,17.3766666667,3,19.4041666667,19.4041666667,19.4041666667,19.4041666667
319301000,87.4213888889,1,74.3922222222,66.6188888889,74.3922222222,66.6188888889
338619000,50.7580555556,3,66.6188888889,60.2488888889,66.6188888889,60.2488888889
351656000,91.7725,3,38.3211111111,38.3211111111,48.7227777778,38.3211111111
352001323,18.59,2,18.4938888889,18.4938888889,18.9361111111,18.4938888889
352001352,81.3805555556,4,89.0002777778,90.5836111111,90.5836111111,90.5836111111
352002170,31.0708333333,0,47.1522222222,47.1522222222,47.1530555556,47.1522222222
352002243,303.231666667,2,274.720555556,274.720555556,274.720555556,274.720555556
352002310,104.6475,0,85.6202777778,85.6202777778,85.6202777778,85.6202777778
352002473,54.0963888889,3,81.255,81.255,81.255,81.255
352003272,53.6988888889,1,90.5836111111,90.5836111111,84.0602777778,90.5836111111
352003495,214.046666667,1,84.285,90.6833333333,85.6202777778,90.6833333333
352004307,111.593333333,2,89.0002777778,89.0002777778,89.0002777778,89.0002777778
352004590,71.5641666667,0,50.2191666667,50.2191666667,52.7094444444,50.2191666667
352004593,274.720555556,4,303.231666667,314.258055556,303.231666667,314.258055556
352004690,533.3925,1,95.2236111111,250.311388889,95.2236111111,250.311388889
352004810,74.8519444444,3,79.2452777778,79.2452777778,79.2452777778,79.2452777778
352005357,250.311388889,0,115.341388889,78.9519444444,78.9519444444,78.9519444444
352005660,84.285,3,303.231666667,303.231666667,318.020277778,303.231666667
352006086,74.6733333333,0,80.7813888889,75.5544444444,75.5544444444,75.5544444444
352506000,640.108888889,4,65.3591666667,77.9036111111,65.3591666667,77.9036111111
352604000,70.1394444444,0,68.2436111111,68.2436111111,68.2436111111,68.2436111111
353589000,67.3097222222,0,65.6369444444,65.6369444444,52.7875,65.6369444444
354562000,58.2997222222,4,50.1938888889,48.3297222222,59.8719444444,48.3297222222
355860000,57.4363888889,4,43.6044444444,38.3425,43.6044444444,38.3425
356324000,55.225,0,50.9091666667,50.9091666667,50.9091666667,50.9091666667
356680000,75.5544444444,3,64.6044444444,64.9925,64.9925,64.9925
356755000,90.5836111111,3,81.3805555556,81.3805555556,81.3805555556,81.3805555556
356794000,11.7391666667,4,4.225,4.225,4.225,4.225
357463000,50.9091666667,3,44.4341666667,44.4341666667,44.4341666667,44.4341666667
357983000,44.8425,3,121.198611111,182.796111111,121.198611111,182.796111111
372119000,66.6188888889,2,65.6369444444,65.6369444444,67.3097222222,65.6369444444
372668000,59.9638888889,1,82.6511111111,81.3805555556,82.6511111111,81.3805555556
373026000,-36.7822222222,1,-76.6530555556,-62.65,-62.65,-62.65
373808000,18.7561111111,1,47.5175,47.5175,38.715,47.5175
374194000,-2439.34805556,2,18.7561111111,18.7561111111,18.7561111111,18.7561111111
376304000,45.8775,4,44.5888888889,54.7930555556,54.7930555556,54.7930555556
403532001,51.7697222222,3,67.3097222222,66.6188888889,67.3097222222,66.6188888889
403660000,83.1661111111,4,82.6511111111,82.6511111111,82.6511111111,82.6511111111
428002000,81.0472222222,1,74.3922222222,74.3922222222,73.2861111111,74.3922222222
431048000,426.029722222,2,274.720555556,274.720555556,274.720555556,274.720555556
431476000,49.2836111111,0,52.7875,51.7697222222,54.0591666667,51.7697222222
440252000,33.7158333333,0,52.7875,50.7580555556,50.7580555556,50.7580555556
461000256,391.848055556,1,303.231666667,303.231666667,303.231666667,303.231666667
461000284,334.89,2,90.6833333333,90.6833333333,90.6833333333,90.6833333333
461000370,301.943611111,4,303.231666667,318.020277778,318.020277778,318.020277778
477630800,98.5522222222,2,82.6511111111,82.6511111111,82.6511111111,82.6511111111
477856500,3.58555555556,3,6.19583333333,3.05555555556,6.19583333333,3.05555555556
477963900,3.05555555556,2,5.45166666667,5.45166666667,5.45166666667,5.45166666667
511100560,14.895,0,18.59,18.59,18.59,18.59
538001657,15.0325,0,42.1702777778,41.3936111111,42.1702777778,41.3936111111
538002883,79.4730555556,3,66.6188888889,67.3097222222,66.6188888889,67.3097222222
538003678,-186.653611111,4,-125.627222222,-125.627222222,-125.627222222,-125.627222222
538004518,50.4611111111,0,80.7813888889,80.7813888889,80.7813888889,80.7813888889
538004558,56.1919444444,2,103.651111111,52.4452777778,103.651111111,52.4452777778
538005330,68.4872222222,2,52.7094444444,52.7094444444,50.2191666667,52.7094444444
538005431,5.76138888889,3,12.1338888889,12.1338888889,12.1338888889,12.1338888889
538005496,-163.314166667,3,-186.653611111,-186.653611111,-186.653611111,-186.653611111
538005853,6.67722222222,1,65.3591666667,69.0805555556,69.0805555556,69.0805555556
538006774,103.651111111,0,90.5836111111,90.5836111111,90.5836111111,90.5836111111
538007198,234.348611111,3,65.3591666667,65.3591666667,65.3591666667,65.3591666667
538007504,73.2861111111,0,65.5738888889,87.4213888889,81.0472222222,87.4213888889
538007511,79.2452777778,2,81.3805555556,81.3805555556,81.3805555556,81.3805555556
538007661,50.2191666667,1,52.7094444444,52.7094444444,52.7094444444,52.7094444444
538008070,89.0002777778,3,84.0602777778,91.9708333333,84.0602777778,91.9708333333
538009008,334.990833333,4,318.020277778,250.311388889,318.020277778,250.311388889
538009052,-741.288611111,0,2.26111111111,2.26111111111,2.26111111111,2.26111111111
538009159,88.1566666667,0,65.5738888889,65.5738888889,66.6188888889,65.5738888889
538009183,284.9025,2,301.943611111,301.943611111,301.943611111,301.943611111
538009214,79.0844444444,1,84.0602777778,84.0602777778,85.6202777778,84.0602777778
538009532,91.9708333333,2,85.6202777778,85.6202777778,84.0602777778,85.6202777778
538009615,190.408611111,1,75.8911111111,91.9708333333,91.9708333333,91.9708333333
538009968,68.2436111111,3,67.3097222222,67.3097222222,74.3922222222,67.3097222222
538009987,84.0602777778,0,85.6202777778,81.3805555556,81.3805555556,81.3805555556
538010211,-12.6144444444,3,-139.610277778,-139.610277778,-139.610277778,-139.610277778
538010262,64.9925,1,57.4575,57.4575,68.2436111111,57.4575
538010540,96.8438888889,2,90.5836111111,90.5836111111,90.5836111111,90.5836111111
538010653,90.6833333333,3,303.231666667,303.231666667,318.020277778,303.231666667
538010874,2.93777777778,0,2.26111111111,2.26111111111,2.26111111111,2.26111111111
538011225,13.5269444444,0,17.3766666667,17.3766666667,19.4041666667,17.3766666667
538011848,-79.6066666667,4,38.715,38.715,38.715,38.715
538011969,34.5391666667,3,38.3211111111,38.3211111111,43.6044444444,38.3211111111
538012456,-5.65111111111,1,47.5175,38.715,38.715,38.715
538071393,-2.32222222222,2,11.7391666667,7.66361111111,11.7391666667,7.66361111111
538090701,297.199444444,3,103.049722222,205.648333333,91.9708333333,205.648333333
544203120,102.057222222,1,14.9733333333,14.895,18.59,14.895
548651000,-76.6530555556,4,-166.650833333,-166.650833333,-166.650833333,-166.650833333
563003300,46.5769444444,1,65.6369444444,65.5738888889,63.5813888889,65.5738888889
563162400,372.982222222,1,79.1775,301.943611111,87.8477777778,301.943611111
563186100,82.6511111111,3,90.6488888889,90.6488888889,90.6488888889,90.6488888889
563205300,67.0344444444,3,27.3138888889,10.7030555556,40.0636111111,10.7030555556
563246500,-654.671944444,2,85.6202777778,85.6202777778,84.0602777778,85.6202777778
563279900,34.4177777778,3,25.5236111111,22.8505555556,37.8808333333,22.8505555556
563280700,49.8680555556,3,66.6188888889,66.6188888889,66.6188888889,66.6188888889
564724000,14.0841666667,2,47.1530555556,55.1116666667,47.1530555556,55.1116666667
565712000,53.4486111111,0,18.59,18.59,18.59,18.59
566453000,83.8008333333,4,79.0844444444,79.0844444444,79.0844444444,79.0844444444
566579000,3.88861111111,4,4.225,4.225,4.225,4.225
566722000,36.4436111111,4,38.3211111111,50.1938888889,59.8719444444,50.1938888889
577339000,88.0297222222,4,-136.652222222,-163.314166667,-136.652222222,-163.314166667
578001200,7.66361111111,4,21.8616666667,10.1502777778,10.1502777778,10.1502777778
605026210,34.4072222222,3,57.4363888889,47.1530555556,59.5738888889,47.1530555556
605076070,69.5616666667,2,84.285,84.0602777778,85.6202777778,84.0602777778
613404821,368.455555556,1,83.1661111111,284.9025,82.6511111111,284.9025
613471602,367.818333333,1,97.9855555556,89.0002777778,87.8477777778,89.0002777778
613992601,64.6044444444,2,68.2436111111,68.2436111111,70.1394444444,68.2436111111
629009126,96.3855555556,3,9.26722222222,11.9872222222,18.5783333333,11.9872222222
630001201,29.0869444444,1,2.93777777778,65.6369444444,47.7572222222,65.6369444444
636011638,63.5813888889,3,60.2488888889,58.2141666667,75.9841666667,58.2141666667
636012378,44.8680555556,2,50.4611111111,50.4611111111,57.4575,50.4611111111
636013095,64.7330555556,1,54.7930555556,54.7930555556,54.7930555556,54.7930555556
636014168,12.5461111111,2,10.3208333333,10.3208333333,10.3208333333,10.3208333333
636015710,100.489444444,0,79.4730555556,75.5544444444,80.7813888889,75.5544444444
636015940,38.6913888889,4,318.020277778,318.020277778,318.020277778,318.020277778
636016014,94.4358333333,1,44.8680555556,44.8680555556,44.8680555556,44.8680555556
636016205,45.0263888889,3,77.9036111111,77.9036111111,77.9036111111,77.9036111111
636017773,87.8477777778,3,84.0602777778,96.8438888889,84.0602777778,96.8438888889
636018276,10.6444444444,1,15.5044444444,15.0325,15.5044444444,15.0325
636018323,47.1522222222,1,19.2561111111,22.0844444444,19.2561111111,22.0844444444
636018629,47.7572222222,2,52.4452777778,52.4452777778,87.8477777778,52.4452777778
636018926,75.9636111111,4,303.231666667,303.231666667,232.388333333,303.231666667
636019542,65.5738888889,3,75.9841666667,81.255,81.0472222222,81.255
636019819,95.2236111111,2,82.6511111111,82.6511111111,82.6511111111,82.6511111111
636019983,760.620833333,4,57.5136111111,57.5136111111,68.2094444444,57.5136111111
636020064,70.4255555556,4,50.1938888889,50.1938888889,50.1938888889,50.1938888889
636020328,124.724722222,2,90.6488888889,85.6202777778,90.6488888889,85.6202777778
636020540,92.9991666667,1,48.3297222222,48.3297222222,48.3297222222,48.3297222222
636020938,78.1888888889,1,85.6202777778,79.2452777778,79.2452777778,79.2452777778
636020986,61.695,1,58.2141666667,68.2436111111,67.3097222222,68.2436111111
636021078,25.8052777778,0,7.10861111111,5.33888888889,7.10861111111,5.33888888889
636021161,182.796111111,0,78.1888888889,77.9036111111,78.1888888889,77.9036111111
636021246,7.10861111111,4,10.3208333333,10.3208333333,10.3208333333,10.3208333333
636021362,22.8505555556,0,40.9797222222,34.4177777778,38.3283333333,34.4177777778
636021365,41.7258333333,3,46.5769444444,46.5769444444,60.2488888889,46.5769444444
636021513,81.255,0,81.0472222222,87.4213888889,81.0472222222,87.4213888889
636021596,48.7227777778,4,55.1116666667,55.1116666667,55.1116666667,55.1116666667
636021665,41.3936111111,4,42.1702777778,34.5391666667,42.1702777778,34.5391666667
636021700,-356.462777778,3,-120.646388889,-82.5058333333,-82.5058333333,-82.5058333333
636021702,17.0086111111,4,19.2561111111,34.5391666667,42.1702777778,34.5391666667
636021733,16.7352777778,4,17.3766666667,17.3766666667,17.3766666667,17.3766666667
636021739,1.41805555556,1,35.1477777778,38.3283333333,35.1477777778,38.3283333333
636021781,76.2652777778,4,48.3297222222,48.3297222222,48.3297222222,48.3297222222
636022183,3.93583333333,1,2.26111111111,2.26111111111,2.26111111111,2.26111111111
636022522,75.9841666667,0,66.6188888889,66.6188888889,66.6188888889,66.6188888889
636022541,18.0111111111,2,50.1938888889,59.7291666667,59.7291666667,59.7291666667
636022867,67.5058333333,1,69.0719444444,69.0719444444,65.5738888889,69.0719444444
636022905,57.4680555556,0,43.6044444444,22.0844444444,43.6044444444,22.0844444444
636023127,14.9733333333,2,40.9797222222,34.4177777778,44.4341666667,34.4177777778
636023250,46.2247222222,0,52.7875,52.7875,52.7875,52.7875
636023526,38.3211111111,1,34.5391666667,34.5391666667,40.7847222222,34.5391666667
636023809,75.8911111111,0,81.3805555556,81.3805555556,81.3805555556,81.3805555556
636024336,711.461944444,1,18.59,18.59,18.59,18.59
636024536,52.4452777778,3,46.4047222222,46.4047222222,46.4047222222,46.4047222222
636024606,36.4069444444,3,48.3297222222,50.2191666667,76.2652777778,50.2191666667
636024786,74.3922222222,4,66.6188888889,66.6188888889,66.6188888889,66.6188888889
636024805,27.5413888889,1,47.5175,47.5175,52.7094444444,47.5175
636024824,647.133888889,4,90.6488888889,90.6488888889,90.6488888889,90.6488888889
636024855,72.7880555556,3,84.0602777778,84.0602777778,84.0602777778,84.0602777778
636024939,54.13,2,46.4288888889,46.4288888889,50.7580555556,46.4288888889
636025061,58.6833333333,3,46.5769444444,46.4288888889,54.13,46.4288888889
636025888,12.1338888889,2,5.76138888889,5.76138888889,5.76138888889,5.76138888889
636025912,21.8638888889,2,49.2836111111,49.2836111111,49.2836111111,49.2836111111
636092313,39.0594444444,0,54.13,51.7697222222,51.7697222222,51.7697222222
636092552,90.6488888889,0,82.6511111111,82.6511111111,82.6511111111,82.6511111111
636093132,74.0866666667,0,52.7094444444,50.2191666667,50.2191666667,50.2191666667
636093171,46.4288888889,0,52.7875,52.7875,52.7875,52.7875
636093237,208.744166667,4,91.735,75.8911111111,91.735,75.8911111111
636093368,52.7875,4,51.7697222222,51.7697222222,51.7697222222,51.7697222222
647553008,69.0719444444,0,-5.65111111111,301.943611111,-79.6066666667,301.943611111
667001639,48.3297222222,2,30.7016666667,30.7016666667,50.4611111111,30.7016666667
667002240,60.2488888889,2,64.0183333333,64.0183333333,64.0183333333,64.0183333333
667002260,318.020277778,1,303.231666667,303.231666667,303.231666667,303.231666667
667002373,-128.244166667,2,2.93777777778,2.93777777778,2.93777777778,2.93777777778
671500100,101.826388889,2,76.2652777778,75.9841666667,81.255,75.9841666667
671562100,40.6058333333,4,44.5888888889,59.5738888889,55.1116666667,59.5738888889
672296000,42.2341666667,2,52.2075,51.4602777778,103.049722222,51.4602777778
677089900,85.1122222222,0,87.4213888889,87.4213888889,87.4213888889,87.4213888889
