mmsi,m16a_outer_fold,target_tte_h,m17h_locked_meta_id,m17h_selected_expert,ae_m17h_h,ae_m16g_h,delta_ae_h,changed,m17h_wins
210627000,1,-20.6094444444,median_blend,BLEND_MEDIAN,95.9153380076,110.914643564,14.999305556,True,True
210688000,4,54.3475,hist_gb_hard_gate,prior,9.3527893519,9.3527893519,0,False,False
212690000,3,-0.651944444444,extra_trees_hard_gate,prior,42.5943792867,62.1170036696,19.5226243829,True,True
215035000,1,43.6044444444,median_blend,BLEND_MEDIAN,0.0675887231,0.0675887231,0,False,False
215054000,3,12.3469444444,extra_trees_hard_gate,tabular,74.1888111788,74.1888111788,0,False,False
215178000,4,84.3366666667,hist_gb_hard_gate,prior,36.0069444445,8.7822222223,-27.2247222222,True,False
215232000,0,-100.135833333,rf_hard_gate,route,82.7738888886,82.7738888886,0,False,False
215270000,2,69.0805555556,extra_trees_hard_gate,prior,19.2125,19.2125,0,False,False
215282000,1,64.0183333333,median_blend,BLEND_MEDIAN,1.8512185314,4.271026936,2.4198084046,True,True
215481000,4,97.6213888889,hist_gb_hard_gate,physics_gate,1.2438791575,1.2438791575,0,False,False
215498000,0,-117.643055556,rf_hard_gate,route,69.010555555,45.671111111,-23.339444444,True,False
215826000,0,70.8777777778,rf_hard_gate,prior,20.0441666667,20.0441666667,0,False,False
215867000,4,61.9911111111,hist_gb_hard_gate,physics_gate,0.4812906734,0.4812906734,0,False,False
215909000,2,9.765,extra_trees_hard_gate,prior,40.1030555556,8.7288888889,-31.3741666667,True,False
215958000,4,27.3138888889,hist_gb_hard_gate,route,39.7205555555,8.7355555556,-30.9849999999,True,False
215993000,4,22.0844444444,hist_gb_hard_gate,tabular,21.4915541353,32.7086111112,11.2170569759,True,True
219028212,1,78.6966666667,median_blend,BLEND_MEDIAN,30.3669444445,26.1506795925,-4.216264852,True,False
219031822,1,9.26722222222,median_blend,BLEND_MEDIAN,38.9559116686,27.2952172241,-11.6606944445,True,False
219110000,1,175.056111111,median_blend,BLEND_MEDIAN,91.8899999999,117.5425,25.6525,True,True
219133000,2,58.2141666667,extra_trees_hard_gate,tabular,10.6909479272,5.4266666667,-5.2642812605,True,False
219210000,0,692.941388889,rf_hard_gate,tabular,523.870505947,390.997777778,-132.872728169,True,False
219303000,0,1.77916666667,rf_hard_gate,physics_gate,3.27361049371,3.27361049371,0,False,False
219432000,0,-79.6436111111,rf_hard_gate,prior,56.4896411467,42.8613888889,-13.6282522578,True,False
219550000,2,6.19583333333,extra_trees_hard_gate,prior,24.6510478381,24.6510478381,0,False,False
219608000,0,41.2513888889,rf_hard_gate,physics_gate,2.867144318,2.867144318,0,False,False
228481700,3,57.5136111111,extra_trees_hard_gate,physics_gate,0.6673587928,0.6673587928,0,False,False
229331000,1,1.55583333333,median_blend,BLEND_MEDIAN,2.56755627903,2.56755627903,0,False,False
229370000,3,65.5713888889,extra_trees_hard_gate,tabular,28.1813362456,5.9975,-22.1838362456,True,False
229412000,1,68.0102777778,median_blend,BLEND_MEDIAN,32.1377777778,2.6511111111,-29.4866666667,True,False
229456000,0,85.9019444444,rf_hard_gate,physics_gate,2.4539482102,2.4539482102,0,False,False
229471000,0,256.149722222,rf_hard_gate,route,2122.1025,167.789924079,-1954.31257592,True,False
229548000,0,-3047.71833333,rf_hard_gate,physics_gate,3097.67467555,3097.67467555,0,False,False
229648000,1,68.2094444444,median_blend,BLEND_MEDIAN,10.6958333333,22.3741666667,11.6783333334,True,True
230723000,2,37.9788888889,extra_trees_hard_gate,route,21.595,11.8891666667,-9.7058333333,True,False
232012490,0,205.648333333,rf_hard_gate,tabular,105.6595645,105.6595645,0,False,False
232026551,0,26.8955555556,rf_hard_gate,prior,23.9380555555,23.9380555555,0,False,False
232058998,3,85.6202777778,extra_trees_hard_gate,physics_gate,1.4580791272,1.4580791272,0,False,False
232061535,0,4.87833333333,rf_hard_gate,physics_gate,0.54604305499,0.54604305499,0,False,False
232062004,0,290.709722222,rf_hard_gate,route,175.368333333,60.056388889,-115.311944444,True,False
232063279,3,502.520555556,extra_trees_hard_gate,prior,454.190833334,199.288888889,-254.901944445,True,False
235010170,4,27.5930555556,hist_gb_hard_gate,tabular,32.8037370356,6.8141666666,-25.989570369,True,False
236623000,0,38.715,rf_hard_gate,route,19.9588888889,0.4102254903,-19.5486633986,True,False
238066000,0,30.7016666667,rf_hard_gate,prior,18.8380015432,18.8380015432,0,False,False
240544000,1,50.1938888889,median_blend,BLEND_MEDIAN,3.0913888888,9.4091666667,6.3177777779,True,True
240633000,3,115.341388889,extra_trees_hard_gate,physics_gate,19.0318159707,19.0318159707,0,False,False
240788000,2,40.0636111111,extra_trees_hard_gate,prior,9.8044444445,9.8044444445,0,False,False
240878000,4,428.973333333,hist_gb_hard_gate,tabular,316.200322168,316.200322168,0,False,False
240893000,3,298.963611111,extra_trees_hard_gate,prior,250.633888889,250.633888889,0,False,False
240942000,1,18.4938888889,median_blend,BLEND_MEDIAN,5.5217361392,5.5217361392,0,False,False
241287000,0,390.611388889,rf_hard_gate,route,158.223055556,396.2625,238.039444444,True,True
241298000,4,40.9797222222,hist_gb_hard_gate,route,6.5619444444,6.5619444444,0,False,False
241618000,1,175.416666667,median_blend,BLEND_MEDIAN,81.5776664257,81.5776664257,0,False,False
241689000,2,232.388333333,extra_trees_hard_gate,tabular,61.91613194,61.91613194,0,False,False
241745000,0,48.4636111111,rf_hard_gate,route,253.48,115.702790327,-137.777209673,True,False
241751000,4,32.6686111111,hist_gb_hard_gate,tabular,29.4829735707,13.1608603395,-16.3221132312,True,False
241859000,1,42.1702777778,median_blend,BLEND_MEDIAN,21.4309304947,18.1409304947,-3.29,True,False
241929000,2,91.735,extra_trees_hard_gate,tabular,11.501229976,11.501229976,0,False,False
241953000,3,26.4461111111,extra_trees_hard_gate,physics_gate,1.6747075292,1.6747075292,0,False,False
242494400,4,-3043.85944444,hist_gb_hard_gate,physics_gate,3048.15598966,3046.12055555,-2.03543410761,True,False
244090800,3,33.0186111111,extra_trees_hard_gate,prior,15.3111111111,7.2133333333,-8.0977777778,True,False
244865000,1,54.1683333333,median_blend,BLEND_MEDIAN,90.6970333347,40.1966166679,-50.5004166668,True,False
245278000,2,230.653333333,extra_trees_hard_gate,tabular,108.039257838,108.039257838,0,False,False
246518000,1,18.9361111111,median_blend,BLEND_MEDIAN,12.2775685882,12.2775685882,0,False,False
247018700,4,47.5175,hist_gb_hard_gate,tabular,11.3287899019,11.3287899019,0,False,False
247045300,4,10.7030555556,hist_gb_hard_gate,physics_gate,1.25485066751,1.25485066751,0,False,False
247055200,2,30.1,extra_trees_hard_gate,physics_gate,1.0040010971,1.0040010971,0,False,False
247069600,1,27.925,median_blend,BLEND_MEDIAN,124.505050757,61.5021340906,-63.0029166664,True,False
247077700,4,-595.088611111,hist_gb_hard_gate,physics_gate,597.662701599,597.662701599,0,False,False
247095300,0,42.1283333333,rf_hard_gate,physics_gate,2.6446766423,2.6446766423,0,False,False
247100900,0,-136.652222222,rf_hard_gate,route,59.9991666664,64.961666667,4.9625000006,True,True
247101700,4,-2010.43222222,hist_gb_hard_gate,physics_gate,2013.70267418,1870.82194444,-142.880729742,True,False
247104500,3,30.8516666667,extra_trees_hard_gate,physics_gate,1.8761786168,1.8761786168,0,False,False
247131100,3,-201.613888889,extra_trees_hard_gate,prior,122.759698707,156.538486204,33.7787874976,True,True
247144750,4,-2424.53972222,hist_gb_hard_gate,prior,976.68638714,29.05166666,-947.63472048,True,False
247147120,2,-2422.87055556,extra_trees_hard_gate,prior,2472.73861112,2472.73861112,0,False,False
247153450,4,2378.25222222,hist_gb_hard_gate,tabular,2335.51252816,2335.51252816,0,False,False
247176900,3,23.0305555556,extra_trees_hard_gate,prior,25.2991666666,25.2991666666,0,False,False
247219700,3,15.9166666667,extra_trees_hard_gate,physics_gate,2.6234452436,2.6234452436,0,False,False
247231200,4,2885.25,hist_gb_hard_gate,route,2806.00472222,2811.33204865,5.32732643,True,True
247241800,0,-10.6105555556,rf_hard_gate,tabular,40.8154481166,4.96833333338,-35.8471147832,True,False
247268300,4,229.347777778,hist_gb_hard_gate,route,308.991388889,300.220842667,-8.7705462218,True,False
247278300,1,3786.35444444,median_blend,BLEND_MEDIAN,3864.73314668,3866.23481334,1.5016666665,True,True
247282600,3,-2.3475,extra_trees_hard_gate,physics_gate,4.65959655775,4.65959655775,0,False,False
247296500,2,40.4125,extra_trees_hard_gate,prior,9.4555555556,9.4555555556,0,False,False
247298300,3,-393.143611111,extra_trees_hard_gate,prior,314.289420929,314.289420929,0,False,False
247305480,2,-2525.77555556,extra_trees_hard_gate,prior,2575.64361112,2575.64361112,0,False,False
247306670,1,-2395.48805556,median_blend,BLEND_MEDIAN,650.78625916,649.95167583,-0.83458333,True,False
247310200,2,25.0463888889,extra_trees_hard_gate,route,42.9638888889,14.8961111111,-28.0677777778,True,False
247313600,2,54.7930555556,extra_trees_hard_gate,route,0.3186111111,32.7086111112,32.3900000001,True,True
247319800,0,11.9872222222,rf_hard_gate,tabular,13.3258209763,38.8463888889,25.5205679126,True,True
247324900,2,11.9605555556,extra_trees_hard_gate,prior,37.9075,1.8102777778,-36.0972222222,True,False
247333600,4,4084.76305556,hist_gb_hard_gate,route,4147.41305556,4147.41305556,0,False,False
247343900,2,-2457.65333333,extra_trees_hard_gate,tabular,2348.90421471,2348.90421471,0,False,False
247349400,0,-648.636388889,rf_hard_gate,route,631.274444445,631.274444445,0,False,False
247351700,4,4051.84972222,hist_gb_hard_gate,route,4218.50055555,4253.46361111,34.963055556,True,True
247355500,0,21.2675,rf_hard_gate,prior,29.5661111111,29.5661111111,0,False,False
247362500,2,-1851.15305556,extra_trees_hard_gate,prior,1901.02111112,1901.02111112,0,False,False
247382800,0,-2281.43333333,rf_hard_gate,physics_gate,2284.41228279,2284.41228279,0,False,False
247383400,4,32.5116666667,hist_gb_hard_gate,route,12.0772222222,12.0772222222,0,False,False
247392600,2,15.5044444444,extra_trees_hard_gate,physics_gate,0.8465399379,0.8465399379,0,False,False
247407900,2,1902.665,extra_trees_hard_gate,prior,1852.79694444,1852.79694444,0,False,False
247408700,4,-120.646388889,hist_gb_hard_gate,prior,59.6294914531,41.0027777779,-18.6267136752,True,False
247415100,0,-174.649444444,rf_hard_gate,tabular,113.370655419,169.007222222,55.6365668024,True,True
247415600,2,18.5783333333,extra_trees_hard_gate,prior,31.2897222223,31.2897222223,0,False,False
247425900,3,-1542.90277778,extra_trees_hard_gate,prior,1443.78782379,1443.26385962,-0.523964169,True,False
247426100,2,-166.650833333,extra_trees_hard_gate,tabular,40.657111285,101.34663492,60.6895236353,True,True
247432200,0,24.1022222222,rf_hard_gate,route,18.7633333333,16.9936111111,-1.76972222222,True,False
247453600,2,-0.8875,extra_trees_hard_gate,tabular,1.49608852222,16.8041666667,15.3080781445,True,True
247483800,1,-3742.03222222,median_blend,BLEND_MEDIAN,3781.05412406,3781.05412406,0,False,False
247488900,3,29.5083333333,extra_trees_hard_gate,tabular,74.7310572957,74.7310572957,0,False,False
247530400,0,39.3958333333,rf_hard_gate,physics_gate,0.8005422074,0.8005422074,0,False,False
248089000,1,26.3880555556,median_blend,BLEND_MEDIAN,5.1545609247,4.2527553692,-0.9018055555,True,False
248105000,1,47.1530555556,median_blend,BLEND_MEDIAN,14.1756944445,14.1756944445,0,False,False
248159000,2,6.3725,extra_trees_hard_gate,physics_gate,0.80515696296,0.80515696296,0,False,False
248333000,3,-27.9525,extra_trees_hard_gate,tabular,47.741717596,47.741717596,0,False,False
248422000,2,-738.6,extra_trees_hard_gate,physics_gate,744.69667571,744.69667571,0,False,False
248507000,3,68.9125,extra_trees_hard_gate,prior,9.2818904321,9.2818904321,0,False,False
249004000,1,43.8797222222,median_blend,BLEND_MEDIAN,14.7813417454,18.7727306343,3.9913888889,True,True
249022000,0,157.519166667,rf_hard_gate,physics_gate,71.0326514846,71.0326514846,0,False,False
249087000,4,-17.4319444444,hist_gb_hard_gate,prior,43.5849529915,28.397887099,-15.1870658925,True,False
249146000,4,-5.64222222222,hist_gb_hard_gate,prior,28.5089197531,51.0347048992,22.5257851461,True,True
249172000,3,10.3208333333,extra_trees_hard_gate,physics_gate,2.4084056936,2.4084056936,0,False,False
249281000,4,-17.3619444444,hist_gb_hard_gate,tabular,34.7352400226,157.2875,122.552259977,True,True
249414000,2,2.26111111111,extra_trees_hard_gate,physics_gate,2.57618379973,2.57618379973,0,False,False
249433000,1,81.2930555556,median_blend,BLEND_MEDIAN,3.8417359553,4.6963251482,0.8545891929,True,True
249596000,0,10.1502777778,rf_hard_gate,physics_gate,1.73673958188,1.73673958188,0,False,False
249611000,1,97.4713888889,median_blend,BLEND_MEDIAN,13.6440591406,13.6440591406,0,False,False
249697000,1,92.2597222222,median_blend,BLEND_MEDIAN,33.7664834948,38.4889834948,4.7225,True,True
249742000,3,247.046944444,extra_trees_hard_gate,tabular,143.433590241,143.433590241,0,False,False
249962000,2,79.1775,extra_trees_hard_gate,tabular,16.7483717441,16.7483717441,0,False,False
249974000,3,5.33888888889,extra_trees_hard_gate,physics_gate,0.16124475853,0.16124475853,0,False,False
253000158,1,54.0591666667,median_blend,BLEND_MEDIAN,9.1911111111,5.3308333333,-3.8602777778,True,False
255779000,3,-15.3402777778,extra_trees_hard_gate,prior,71.553121142,77.3313888889,5.7782677469,True,True
255801270,4,88.0419444444,hist_gb_hard_gate,tabular,50.2822606934,19.1294444444,-31.152816249,True,False
255805849,0,97.9855555556,rf_hard_gate,route,2.7619444445,25.5647622924,22.8028178479,True,True
255805866,1,52.1658333333,median_blend,BLEND_MEDIAN,37.3088428512,37.3088428512,0,False,False
255805951,4,20.465,hist_gb_hard_gate,tabular,24.0166302891,24.0166302891,0,False,False
255805968,1,21.8616666667,median_blend,BLEND_MEDIAN,5.3194444444,5.0419444444,-0.2775,True,False
255806044,1,59.5738888889,median_blend,BLEND_MEDIAN,6.7551187143,6.7551187143,0,False,False
255806427,1,5.84305555556,median_blend,BLEND_MEDIAN,5.02589356104,5.99992133884,0.9740277778,True,True
255915592,3,38.3283333333,extra_trees_hard_gate,route,3.1805555555,15.4777777777,12.2972222222,True,True
255915609,1,16.4616666667,median_blend,BLEND_MEDIAN,13.2644994483,13.2644994483,0,False,False
255915683,2,83.2125,extra_trees_hard_gate,physics_gate,16.1392137255,16.1392137255,0,False,False
255915693,3,55.1116666667,extra_trees_hard_gate,physics_gate,5.7533383032,5.7533383032,0,False,False
255915737,0,-82.5058333333,rf_hard_gate,prior,75.9359674329,75.9359674329,0,False,False
255915759,4,-566.815555556,hist_gb_hard_gate,tabular,603.326714588,884.835833334,281.509118746,True,True
255915798,2,72.305,extra_trees_hard_gate,route,19.5955555556,22.4369444444,2.8413888888,True,True
255915800,0,-62.65,rf_hard_gate,tabular,1.2224801242,1.2224801242,0,False,False
255915967,0,37.5897222222,rf_hard_gate,prior,13.2438888889,13.2438888889,0,False,False
255916537,0,25.5236111111,rf_hard_gate,tabular,71.9901835502,6.9336111111,-65.0565724391,True,False
255970000,3,22.8913888889,extra_trees_hard_gate,physics_gate,0.6231031881,0.6231031881,0,False,False
256049000,2,46.6986111111,extra_trees_hard_gate,physics_gate,0.1848985359,0.1848985359,0,False,False
256227000,0,-80.6244444444,rf_hard_gate,route,86.0263888886,86.0263888886,0,False,False
256251000,3,59.8719444444,extra_trees_hard_gate,tabular,1.6330108591,11.5422222222,9.9092113631,True,True
256286000,3,44.5888888889,extra_trees_hard_gate,physics_gate,2.9597914879,2.9597914879,0,False,False
256392000,0,19.2561111111,rf_hard_gate,prior,31.5775,31.5775,0,False,False
256436000,0,26.4025,rf_hard_gate,prior,24.4311111111,24.4311111111,0,False,False
256515000,1,-139.610277778,median_blend,BLEND_MEDIAN,2.751600455,2.751600455,0,False,False
256607000,2,6.98527777778,extra_trees_hard_gate,physics_gate,1.41578916871,1.41578916871,0,False,False
256714000,0,44.4341666667,rf_hard_gate,physics_gate,0.6083496788,0.6083496788,0,False,False
256812000,2,80.7813888889,extra_trees_hard_gate,route,6.1080555556,6.1080555556,0,False,False
256885000,1,46.4047222222,median_blend,BLEND_MEDIAN,1.9513700096,1.9513700096,0,False,False
256891000,4,-0.993888888889,hist_gb_hard_gate,physics_gate,5.08436142486,135.658333333,130.573971908,True,True
257824000,1,121.198611111,median_blend,BLEND_MEDIAN,45.3074999999,7.636641554,-37.6708584459,True,False
268251804,2,70.6719444444,extra_trees_hard_gate,route,13.2355555555,13.2355555555,0,False,False
271000677,1,60.9197222222,median_blend,BLEND_MEDIAN,19.0256190434,14.2211111111,-4.8045079323,True,False
271000748,0,35.1477777778,rf_hard_gate,physics_gate,2.0609908772,2.0609908772,0,False,False
271002572,0,40.7847222222,rf_hard_gate,tabular,26.9903858223,26.9903858223,0,False,False
271040948,2,37.8808333333,extra_trees_hard_gate,physics_gate,0.3303387819,0.3303387819,0,False,False
271044383,1,67.055,median_blend,BLEND_MEDIAN,37.5925,37.5925,0,False,False
271051063,1,8.88638888889,median_blend,BLEND_MEDIAN,14.8694188435,14.8694188435,0,False,False
271051219,4,5.89166666667,hist_gb_hard_gate,route,1.09361111111,1.33839115773,0.24478004662,True,True
271052090,4,65.5586111111,hist_gb_hard_gate,physics_gate,0.2758280931,0.2758280931,0,False,False
273267690,3,65.6369444444,extra_trees_hard_gate,physics_gate,2.5072814664,2.5072814664,0,False,False
273271070,2,328.807222222,extra_trees_hard_gate,route,26.863611111,171.288055555,144.424444444,True,True
273276260,3,78.9519444444,extra_trees_hard_gate,route,239.068333334,210.055817244,-29.01251609,True,False
273277260,3,322.369166667,extra_trees_hard_gate,tabular,196.052101545,196.052101545,0,False,False
273277840,2,314.258055556,extra_trees_hard_gate,route,39.5375,202.072725545,162.535225545,True,True
275488000,4,71.3927777778,hist_gb_hard_gate,route,61.6277777778,62.1255555556,0.49777777778,True,True
275497000,4,102.308611111,hist_gb_hard_gate,prior,53.9788888888,56.3578787898,2.378989901,True,True
304204000,0,57.4575,rf_hard_gate,prior,7.9178317901,7.535,-0.3828317901,True,False
304427000,4,19.4041666667,hist_gb_hard_gate,physics_gate,1.3786105994,1.3786105994,0,False,False
304578000,1,25.5877777778,median_blend,BLEND_MEDIAN,26.1371397284,19.3084722222,-6.8286675062,True,False
304610000,2,65.3591666667,extra_trees_hard_gate,physics_gate,4.060792155,4.060792155,0,False,False
304785000,4,103.856388889,hist_gb_hard_gate,route,44.2825000001,44.2825000001,0,False,False
305690000,3,51.4602777778,extra_trees_hard_gate,prior,3.1305555556,3.1305555556,0,False,False
305715000,3,320.296388889,extra_trees_hard_gate,tabular,209.599343557,209.599343557,0,False,False
308628000,2,2.09805555556,extra_trees_hard_gate,tabular,51.94727251,24.29,-27.65727251,True,False
309467000,4,52.2075,hist_gb_hard_gate,route,29.3569444444,29.3569444444,0,False,False
310610000,2,-786.144166667,extra_trees_hard_gate,physics_gate,793.146842194,793.146842194,0,False,False
310772000,2,360.723333333,extra_trees_hard_gate,tabular,262.776948028,276.9225,14.1455519716,True,True
310841000,4,22.3866666667,hist_gb_hard_gate,route,15.9344444444,15.9344444444,0,False,False
311000231,3,-125.627222222,extra_trees_hard_gate,tabular,36.9747513338,36.9747513338,0,False,False
311000451,3,-434.634444444,extra_trees_hard_gate,tabular,370.498887011,370.498887011,0,False,False
311000516,3,43.0938888889,extra_trees_hard_gate,tabular,1.6815417596,2.3091666667,0.6276249071,True,True
311000621,1,60.9886111111,median_blend,BLEND_MEDIAN,20.4356944445,20.4356944445,0,False,False
311001060,3,5.45166666667,extra_trees_hard_gate,prior,25.6754618672,25.6754618672,0,False,False
311001144,4,103.049722222,hist_gb_hard_gate,prior,54.7199999998,3.8820059175,-50.8379940823,True,False
311085000,1,10.5536111111,median_blend,BLEND_MEDIAN,28.0079378067,17.7444655845,-10.2634722222,True,False
311775000,2,77.9036111111,extra_trees_hard_gate,tabular,11.9510063882,5.8972222222,-6.053784166,True,False
312107000,4,52.7094444444,hist_gb_hard_gate,tabular,5.669698402,2.4902777777,-3.1794206243,True,False
312120000,3,17.4525,extra_trees_hard_gate,prior,30.8772222222,1.1258333333,-29.7513888889,True,False
312333000,4,121.9675,hist_gb_hard_gate,route,30.2325,26.7594106902,-3.4730893098,True,False
314001113,1,272.909722222,median_blend,BLEND_MEDIAN,114.711001968,114.711001968,0,False,False
314432000,1,38.3425,median_blend,BLEND_MEDIAN,4.9170725192,4.9170725192,0,False,False
314496000,4,59.7291666667,hist_gb_hard_gate,prior,7.6316975309,14.4974045885,6.8657070576,True,True
314509000,2,4.225,extra_trees_hard_gate,physics_gate,2.08529449307,2.08529449307,0,False,False
314652000,4,-270.887777778,hist_gb_hard_gate,route,585.145833334,323.889811972,-261.256021362,True,False
314900000,4,94.1419444444,hist_gb_hard_gate,tabular,44.3183488338,45.8122222222,1.4938733884,True,True
319076100,3,17.3766666667,extra_trees_hard_gate,physics_gate,0.4452968923,3.8497222223,3.40442533,True,True
319301000,1,87.4213888889,median_blend,BLEND_MEDIAN,25.1975774088,33.325,8.1274225912,True,True
338619000,3,50.7580555556,extra_trees_hard_gate,physics_gate,0.0542529762,0.0542529762,0,False,False
351656000,3,91.7725,extra_trees_hard_gate,tabular,48.9501889361,53.4513888889,4.5011999528,True,True
352001323,2,18.59,extra_trees_hard_gate,physics_gate,0.945389399,0.945389399,0,False,False
352001352,4,81.3805555556,hist_gb_hard_gate,physics_gate,0.6673510818,0.6673510818,0,False,False
352002170,0,31.0708333333,rf_hard_gate,prior,19.7627777778,19.7627777778,0,False,False
352002243,2,303.231666667,extra_trees_hard_gate,tabular,86.152988384,86.152988384,0,False,False
352002310,0,104.6475,rf_hard_gate,route,19.0272222222,16.551111111,-2.4761111112,True,False
352002473,3,54.0963888889,extra_trees_hard_gate,route,27.1586111111,3.1300622637,-24.0285488474,True,False
352003272,1,53.6988888889,median_blend,BLEND_MEDIAN,36.8847222222,30.3613888889,-6.5233333333,True,False
352003495,1,214.046666667,median_blend,BLEND_MEDIAN,129.739304339,129.739304339,0,False,False
352004307,2,111.593333333,extra_trees_hard_gate,physics_gate,4.239257125,4.239257125,0,False,False
352004590,0,71.5641666667,rf_hard_gate,route,21.345,0.7962956348,-20.5487043652,True,False
352004593,4,274.720555556,hist_gb_hard_gate,route,39.5375,43.299722222,3.762222222,True,True
352004690,1,533.3925,median_blend,BLEND_MEDIAN,327.566530636,438.168888889,110.602358253,True,True
352004810,3,74.8519444444,extra_trees_hard_gate,physics_gate,0.5474838235,0.5474838235,0,False,False
352005357,0,250.311388889,rf_hard_gate,tabular,137.760247112,137.760247112,0,False,False
352005660,3,84.285,extra_trees_hard_gate,route,218.946666667,233.735277778,14.788611111,True,True
352006086,0,74.6733333333,rf_hard_gate,tabular,24.1819915081,0.8811111111,-23.300880397,True,False
352506000,4,640.108888889,hist_gb_hard_gate,route,562.205277778,595.0825,32.8772222222,True,True
352604000,0,70.1394444444,rf_hard_gate,prior,19.3058333333,19.3058333333,0,False,False
353589000,0,67.3097222222,rf_hard_gate,physics_gate,4.876095544,4.876095544,0,False,False
354562000,4,58.2997222222,hist_gb_hard_gate,prior,9.97,1.5722222222,-8.3977777778,True,False
355860000,4,57.4363888889,hist_gb_hard_gate,tabular,19.4306516193,19.4306516193,0,False,False
356324000,0,55.225,rf_hard_gate,physics_gate,3.3581624874,3.3581624874,0,False,False
356680000,3,75.5544444444,extra_trees_hard_gate,tabular,21.2710400291,21.2710400291,0,False,False
356755000,3,90.5836111111,extra_trees_hard_gate,physics_gate,9.5744804485,9.5744804485,0,False,False
356794000,4,11.7391666667,hist_gb_hard_gate,route,7.5141666667,0.2615702762,-7.2525963905,True,False
357463000,3,50.9091666667,extra_trees_hard_gate,physics_gate,6.0846585903,6.0846585903,0,False,False
357983000,3,44.8425,extra_trees_hard_gate,physics_gate,0.0827330567,0.0827330567,0,False,False
372119000,2,66.6188888889,extra_trees_hard_gate,physics_gate,0.00529810820001,0.00529810820001,0,False,False
372668000,1,59.9638888889,median_blend,BLEND_MEDIAN,21.4166666667,12.8241666667,-8.5925,True,False
373026000,1,-36.7822222222,median_blend,BLEND_MEDIAN,25.8677777778,38.1218551084,12.2540773306,True,True
373808000,1,18.7561111111,median_blend,BLEND_MEDIAN,35.1076025962,65.5288888889,30.4212862927,True,True
374194000,2,-2439.34805556,extra_trees_hard_gate,tabular,2504.20121027,2514.02138889,9.8201786245,True,True
376304000,4,45.8775,hist_gb_hard_gate,tabular,7.4632569892,7.4632569892,0,False,False
403532001,3,51.7697222222,extra_trees_hard_gate,physics_gate,7.5553162564,7.5553162564,0,False,False
403660000,4,83.1661111111,hist_gb_hard_gate,physics_gate,6.0821452839,6.0821452839,0,False,False
428002000,1,81.0472222222,median_blend,BLEND_MEDIAN,9.9464231465,30.2891666666,20.3427435201,True,True
431048000,2,426.029722222,extra_trees_hard_gate,tabular,269.609162282,269.609162282,0,False,False
431476000,0,49.2836111111,rf_hard_gate,prior,1.55,1.55,0,False,False
440252000,0,33.7158333333,rf_hard_gate,prior,17.1177777778,20.816096285,3.6983185072,True,True
461000256,1,391.848055556,median_blend,BLEND_MEDIAN,145.964518856,296.320836265,150.356317409,True,True
461000284,2,334.89,extra_trees_hard_gate,tabular,170.809736143,170.809736143,0,False,False
461000370,4,301.943611111,hist_gb_hard_gate,route,16.076666667,26.863611111,10.786944444,True,True
477630800,2,98.5522222222,extra_trees_hard_gate,physics_gate,2.9413817128,2.9413817128,0,False,False
477856500,3,3.58555555556,extra_trees_hard_gate,prior,27.5415729783,27.5415729783,0,False,False
477963900,2,3.05555555556,extra_trees_hard_gate,prior,35.9812822936,87.5280555555,51.5467732619,True,True
511100560,0,14.895,rf_hard_gate,physics_gate,11.8033329895,11.8033329895,0,False,False
538001657,0,15.0325,rf_hard_gate,prior,35.8011111111,19.3747222222,-16.4263888889,True,False
538002883,3,79.4730555556,extra_trees_hard_gate,prior,21.9790432099,21.9790432099,0,False,False
538003678,4,-186.653611111,hist_gb_hard_gate,route,61.026388889,47.043333333,-13.983055556,True,False
538004518,0,50.4611111111,rf_hard_gate,route,30.3202777778,14.5313888889,-15.7888888889,True,False
538004558,2,56.1919444444,extra_trees_hard_gate,tabular,7.2783633238,24.8552777778,17.576914454,True,True
538005330,2,68.4872222222,extra_trees_hard_gate,route,15.7777777778,18.6191666666,2.8413888888,True,True
538005431,3,5.76138888889,extra_trees_hard_gate,prior,25.365739645,25.365739645,0,False,False
538005496,3,-163.314166667,extra_trees_hard_gate,tabular,103.935148035,103.935148035,0,False,False
538005853,1,6.67722222222,median_blend,BLEND_MEDIAN,62.2070156528,58.6819444445,-3.5250712083,True,False
538006774,0,103.651111111,rf_hard_gate,physics_gate,4.4777088254,4.4777088254,0,False,False
538007198,3,234.348611111,extra_trees_hard_gate,prior,186.018888889,186.018888889,0,False,False
538007504,0,73.2861111111,rf_hard_gate,route,14.1352777778,22.4525,8.3172222222,True,True
538007511,2,79.2452777778,extra_trees_hard_gate,physics_gate,3.396926551,3.396926551,0,False,False
538007661,1,50.2191666667,median_blend,BLEND_MEDIAN,2.1128768444,2.1128768444,0,False,False
538008070,3,89.0002777778,extra_trees_hard_gate,physics_gate,3.8238875361,3.8238875361,0,False,False
538009008,4,334.990833333,hist_gb_hard_gate,route,84.679444444,217.368836847,132.689392403,True,True
538009052,0,-741.288611111,rf_hard_gate,physics_gate,746.342679099,746.342679099,0,False,False
538009159,0,88.1566666667,rf_hard_gate,prior,30.2505054013,27.5665978896,-2.6839075117,True,False
538009183,2,284.9025,extra_trees_hard_gate,tabular,80.817683143,80.817683143,0,False,False
538009214,1,79.0844444444,median_blend,BLEND_MEDIAN,2.2752043424,0.9353432313,-1.3398611111,True,False
538009532,2,91.9708333333,extra_trees_hard_gate,physics_gate,1.2016786655,1.2016786655,0,False,False
538009615,1,190.408611111,median_blend,BLEND_MEDIAN,108.609839193,108.609839193,0,False,False
538009968,3,68.2436111111,extra_trees_hard_gate,physics_gate,3.9920097721,3.9920097721,0,False,False
538009987,0,84.0602777778,rf_hard_gate,physics_gate,0.945129046,0.945129046,0,False,False
538010211,3,-12.6144444444,extra_trees_hard_gate,tabular,64.0469253333,64.0469253333,0,False,False
538010262,1,64.9925,median_blend,BLEND_MEDIAN,7.535,5.1469444444,-2.3880555556,True,False
538010540,2,96.8438888889,extra_trees_hard_gate,physics_gate,0.7623108861,0.7623108861,0,False,False
538010653,3,90.6833333333,extra_trees_hard_gate,route,212.548333334,227.336944445,14.788611111,True,True
538010874,0,2.93777777778,rf_hard_gate,physics_gate,1.37292533979,1.37292533979,0,False,False
538011225,0,13.5269444444,rf_hard_gate,physics_gate,0.9693289786,0.9693289786,0,False,False
538011848,4,-79.6066666667,hist_gb_hard_gate,tabular,131.84626736,170.29,38.4437326401,True,True
538011969,3,34.5391666667,extra_trees_hard_gate,tabular,6.5905086125,6.5905086125,0,False,False
538012456,1,-5.65111111111,median_blend,BLEND_MEDIAN,44.3661111111,89.9361111111,45.57,True,True
538071393,2,-2.32222222222,extra_trees_hard_gate,prior,52.1902777778,26.4244444444,-25.7658333334,True,False
538090701,3,297.199444444,extra_trees_hard_gate,tabular,127.863513648,127.863513648,0,False,False
544203120,1,102.057222222,median_blend,BLEND_MEDIAN,71.2604166664,58.2180555553,-13.0423611111,True,False
548651000,4,-76.6530555556,hist_gb_hard_gate,prior,45.0474786325,279.809722222,234.76224359,True,True
563003300,1,46.5769444444,median_blend,BLEND_MEDIAN,12.566720222,12.566720222,0,False,False
563162400,1,372.982222222,median_blend,BLEND_MEDIAN,182.617803304,294.00085886,111.383055556,True,True
563186100,3,82.6511111111,extra_trees_hard_gate,physics_gate,0.359790453,0.359790453,0,False,False
563205300,3,67.0344444444,extra_trees_hard_gate,tabular,13.2265929175,13.2265929175,0,False,False
563246500,2,-654.671944444,extra_trees_hard_gate,physics_gate,749.140108748,749.140108748,0,False,False
563279900,3,34.4177777778,extra_trees_hard_gate,physics_gate,3.9098990371,3.9098990371,0,False,False
563280700,3,49.8680555556,extra_trees_hard_gate,physics_gate,2.6414342288,2.6414342288,0,False,False
564724000,2,14.0841666667,extra_trees_hard_gate,prior,35.7838888889,35.7838888889,0,False,False
565712000,0,53.4486111111,rf_hard_gate,physics_gate,28.2268687132,28.2268687132,0,False,False
566453000,4,83.8008333333,hist_gb_hard_gate,physics_gate,0.83024142,0.83024142,0,False,False
566579000,4,3.88861111111,hist_gb_hard_gate,route,0.33638888889,0.98972222222,0.65333333333,True,True
566722000,4,36.4436111111,hist_gb_hard_gate,prior,11.8861111111,11.8861111111,0,False,False
577339000,4,88.0297222222,hist_gb_hard_gate,prior,39.7,254.680555555,214.980555555,True,True
578001200,4,7.66361111111,hist_gb_hard_gate,prior,40.6661111111,4.29694444449,-36.3691666666,True,False
605026210,3,34.4072222222,extra_trees_hard_gate,tabular,15.1306235263,6.8141666666,-8.3164568597,True,False
605076070,2,69.5616666667,extra_trees_hard_gate,tabular,65.9974067163,65.9974067163,0,False,False
613404821,1,368.455555556,median_blend,BLEND_MEDIAN,147.298271694,271.611666667,124.313394973,True,True
613471602,1,367.818333333,median_blend,BLEND_MEDIAN,278.818055555,279.970555555,1.1525,True,True
613992601,2,64.6044444444,extra_trees_hard_gate,prior,14.7363888888,14.7363888888,0,False,False
629009126,3,96.3855555556,extra_trees_hard_gate,prior,48.0558333334,48.0558333334,0,False,False
630001201,1,29.0869444444,median_blend,BLEND_MEDIAN,31.998488126,29.3044603483,-2.6940277777,True,False
636011638,3,63.5813888889,extra_trees_hard_gate,tabular,13.874016083,13.874016083,0,False,False
636012378,2,44.8680555556,extra_trees_hard_gate,tabular,18.9853772351,5.1446203528,-13.8407568823,True,False
636013095,1,64.7330555556,median_blend,BLEND_MEDIAN,12.540925926,12.540925926,0,False,False
636014168,2,12.5461111111,extra_trees_hard_gate,physics_gate,1.1715335708,1.1715335708,0,False,False
636015710,0,100.489444444,rf_hard_gate,tabular,49.9006420123,35.496944444,-14.4036975683,True,False
636015940,4,38.6913888889,hist_gb_hard_gate,route,279.328888889,111.403378607,-167.925510282,True,False
636016014,1,94.4358333333,median_blend,BLEND_MEDIAN,48.6524999999,41.4533487408,-7.1991512591,True,False
636016205,3,45.0263888889,extra_trees_hard_gate,tabular,35.0403542278,35.0403542278,0,False,False
636017773,3,87.8477777778,extra_trees_hard_gate,physics_gate,4.6569559992,4.6569559992,0,False,False
636018276,1,10.6444444444,median_blend,BLEND_MEDIAN,0.8492374198,0.6132651976,-0.2359722222,True,False
636018323,1,47.1522222222,median_blend,BLEND_MEDIAN,15.9791031024,15.9791031024,0,False,False
636018629,2,47.7572222222,extra_trees_hard_gate,tabular,43.1999131721,43.1999131721,0,False,False
636018926,4,75.9636111111,hist_gb_hard_gate,route,227.268055556,58.8359739179,-168.432081638,True,False
636019542,3,65.5738888889,extra_trees_hard_gate,route,15.6811111111,18.9969444445,3.3158333334,True,True
636019819,2,95.2236111111,extra_trees_hard_gate,physics_gate,14.2227212771,14.2227212771,0,False,False
636019983,4,760.620833333,hist_gb_hard_gate,tabular,650.061680095,650.061680095,0,False,False
636020064,4,70.4255555556,hist_gb_hard_gate,prior,22.0958333334,8.137525494,-13.9583078394,True,False
636020328,2,124.724722222,extra_trees_hard_gate,tabular,65.012542097,65.012542097,0,False,False
636020540,1,92.9991666667,median_blend,BLEND_MEDIAN,44.6694444445,45.4816666667,0.8122222222,True,True
636020938,1,78.1888888889,median_blend,BLEND_MEDIAN,1.0563888889,46.5358333331,45.4794444442,True,True
636020986,1,61.695,median_blend,BLEND_MEDIAN,5.0214533747,5.9693700413,0.9479166666,True,True
636021078,0,25.8052777778,rf_hard_gate,prior,25.0283333333,25.0283333333,0,False,False
636021161,0,182.796111111,rf_hard_gate,tabular,71.336729645,71.336729645,0,False,False
636021246,4,7.10861111111,hist_gb_hard_gate,physics_gate,0.33155598942,0.33155598942,0,False,False
636021362,0,22.8505555556,rf_hard_gate,tabular,76.0398730861,11.5672222222,-64.4726508639,True,False
636021365,3,41.7258333333,extra_trees_hard_gate,tabular,42.4555371503,42.4555371503,0,False,False
636021513,0,81.255,rf_hard_gate,route,6.1663888889,0.2077777778,-5.9586111111,True,False
636021596,4,48.7227777778,hist_gb_hard_gate,physics_gate,5.1511478436,5.1511478436,0,False,False
636021665,4,41.3936111111,hist_gb_hard_gate,physics_gate,6.4831343852,5.0954101934,-1.3877241918,True,False
636021700,3,-356.462777778,extra_trees_hard_gate,prior,301.454638639,287.359398936,-14.0952397036,True,False
636021702,4,17.0086111111,hist_gb_hard_gate,tabular,28.3545334802,30.1436111111,1.7890776309,True,True
636021733,4,16.7352777778,hist_gb_hard_gate,physics_gate,0.0311373596,0.0311373596,0,False,False
636021739,1,1.41805555556,median_blend,BLEND_MEDIAN,39.845659588,39.845659588,0,False,False
636021781,4,76.2652777778,hist_gb_hard_gate,prior,27.9355555556,38.6755555556,10.74,True,True
636022183,1,3.93583333333,median_blend,BLEND_MEDIAN,0.22514053564,0.22514053564,0,False,False
636022522,0,75.9841666667,rf_hard_gate,route,9.3652777778,11.90999517,2.5447173922,True,True
636022541,2,18.0111111111,extra_trees_hard_gate,tabular,24.5011378825,31.8569444445,7.355806562,True,True
636022867,1,67.5058333333,median_blend,BLEND_MEDIAN,6.9451760118,8.6626760118,1.7175,True,True
636022905,0,57.4680555556,rf_hard_gate,tabular,23.2428020226,23.2428020226,0,False,False
636023127,2,14.9733333333,extra_trees_hard_gate,prior,34.8947222223,73.1048837967,38.2101615744,True,True
636023250,0,46.2247222222,rf_hard_gate,prior,4.6088888889,2.1708012658,-2.4380876231,True,False
636023526,1,38.3211111111,median_blend,BLEND_MEDIAN,3.0118312921,2.6586111111,-0.353220181,True,False
636023809,0,75.8911111111,rf_hard_gate,physics_gate,0.8030819075,0.8030819075,0,False,False
636024336,1,711.461944444,median_blend,BLEND_MEDIAN,682.123869631,672.254702964,-9.8691666666,True,False
636024536,3,52.4452777778,extra_trees_hard_gate,physics_gate,2.0485163188,2.0485163188,0,False,False
636024606,3,36.4069444444,extra_trees_hard_gate,tabular,38.7735174789,38.7735174789,0,False,False
636024786,4,74.3922222222,hist_gb_hard_gate,physics_gate,4.7882241492,4.7882241492,0,False,False
636024805,1,27.5413888889,median_blend,BLEND_MEDIAN,19.5666666666,31.59,12.0233333334,True,True
636024824,4,647.133888889,hist_gb_hard_gate,tabular,499.994104839,499.994104839,0,False,False
636024855,3,72.7880555556,extra_trees_hard_gate,physics_gate,13.231653656,13.231653656,0,False,False
636024939,2,54.13,extra_trees_hard_gate,tabular,11.0146736835,11.0146736835,0,False,False
636025061,3,58.6833333333,extra_trees_hard_gate,route,12.2544444444,10.3536111111,-1.9008333333,True,False
636025888,2,12.1338888889,extra_trees_hard_gate,prior,26.9029489603,26.9029489603,0,False,False
636025912,2,21.8638888889,extra_trees_hard_gate,tabular,32.2615783589,32.2615783589,0,False,False
636092313,0,39.0594444444,rf_hard_gate,prior,11.7741666667,11.7741666667,0,False,False
636092552,0,90.6488888889,rf_hard_gate,physics_gate,8.0741465761,8.0741465761,0,False,False
636093132,0,74.0866666667,rf_hard_gate,prior,23.2530555556,23.2530555556,0,False,False
636093171,0,46.4288888889,rf_hard_gate,tabular,5.1475668961,5.1475668961,0,False,False
636093237,4,208.744166667,hist_gb_hard_gate,route,132.853055556,134.6575,1.8044444444,True,True
636093368,4,52.7875,hist_gb_hard_gate,physics_gate,2.0918489766,2.0918489766,0,False,False
647553008,0,69.0719444444,rf_hard_gate,route,232.871666667,234.159722223,1.288055556,True,True
667001639,2,48.3297222222,extra_trees_hard_gate,tabular,21.0986161405,21.0986161405,0,False,False
667002240,2,60.2488888889,extra_trees_hard_gate,physics_gate,3.2622122738,3.2622122738,0,False,False
667002260,1,318.020277778,median_blend,BLEND_MEDIAN,98.813371126,113.068926682,14.255555556,True,True
667002373,2,-128.244166667,extra_trees_hard_gate,prior,178.112222223,178.112222223,0,False,False
671500100,2,101.826388889,extra_trees_hard_gate,route,25.8422222223,20.7791666668,-5.0630555555,True,False
671562100,4,40.6058333333,hist_gb_hard_gate,tabular,4.3008800154,2.6269444444,-1.673935571,True,False
672296000,2,42.2341666667,extra_trees_hard_gate,tabular,24.3029708672,24.3029708672,0,False,False
677089900,0,85.1122222222,rf_hard_gate,tabular,36.7486816833,34.2786111111,-2.4700705722,True,False
