scope,feature,quantile_bin,feature_min,feature_max,rows,mae_h,medae_h,p90_ae_h,p95_ae_h,mean_signed_error_h,underprediction_fraction,overprediction_fraction,total_abs_error_h
STRICT_386,track_sog,"(-0.001, 9.925]",0.0,9.9,97,371.1623487941108,40.19661666786666,1272.0202777778986,2480.9951666666957,-18.718795406404823,0.5567010309278351,0.44329896907216493,36002.74783302875
STRICT_386,track_sog,"(9.925, 11.7]",10.0,11.7,97,75.40233539106099,11.889166666711112,132.10691593662446,371.50760960442904,22.67696778735871,0.5463917525773195,0.4536082474226804,7314.026532932916
STRICT_386,track_sog,"(11.7, 13.2]",11.8,13.2,96,109.68757942967603,17.369038347800554,213.71232704544445,309.04354166664973,-27.538201019092327,0.5416666666666666,0.4583333333333333,10530.0076252489
STRICT_386,track_sog,"(13.2, 19.8]",13.3,19.8,96,186.49936316467165,13.23524090321111,285.46167943007777,685.8329706199066,97.26053868287097,0.5,0.5,17903.93886380848
STRICT_386,position_age_min,"(-0.001, 0.25]",0.0,0.25,99,188.16636569025778,24.651047838066667,270.00966315910887,902.6673261531075,27.501214720314017,0.4444444444444444,0.5555555555555556,18628.47020333552
STRICT_386,position_age_min,"(0.25, 0.567]",0.2666666666666666,0.5666666666666667,102,137.9565257967904,11.898053140527775,234.11727777810003,647.3127210905654,58.969010522922126,0.5686274509803921,0.43137254901960786,14071.56563127262
STRICT_386,position_age_min,"(0.567, 0.85]",0.5833333333333334,0.85,90,99.99110249277288,19.260486111088888,202.8253873457889,365.60801388890957,-12.534646042584216,0.5444444444444444,0.45555555555555555,8999.199224349559
STRICT_386,position_age_min,"(0.85, 192.483]",0.8666666666666667,192.4833333333333,95,316.3314294322247,41.00277777778889,617.8297473063461,2035.3860421930076,-5.600568948855684,0.5894736842105263,0.4105263157894737,30051.485796061344
STRICT_386,history_span_h,"(0.0501, 4.803]",0.0511111111111111,4.795833333333333,97,99.75707896643762,13.264499448236666,150.7721482671202,300.2967334451509,-5.746499110663096,0.5773195876288659,0.422680412371134,9676.43665974445
STRICT_386,history_span_h,"(4.803, 10.142]",4.8244444444444445,10.120833333333334,96,156.76628304030592,14.376250000005559,233.94750000027778,745.1081765570203,47.21931522348742,0.5,0.5,15049.56317186937
STRICT_386,history_span_h,"(10.142, 39.704]",10.162777777777778,39.155277777777776,96,103.84716449043917,24.309397600288893,204.6723530660556,313.2509722222167,12.937208815949651,0.59375,0.40625,9969.32779108216
STRICT_386,history_span_h,"(39.704, 314.021]",39.88666666666666,314.0208333333333,97,382.0143632198253,38.846388888877776,1607.0770935512492,2373.6710939960963,19.171868480656055,0.4742268041237113,0.5257731958762887,37055.393232323055
STRICT_386,track_vs_hist_position_gap_km,"(-0.001, 0.217]",0.0,0.217263716542911,97,283.43300449216383,34.27861111112223,380.8043322066264,2322.07754845476,25.75654211123583,0.5154639175257731,0.4845360824742268,27493.001435739894
STRICT_386,track_vs_hist_position_gap_km,"(0.217, 0.422]",0.2174226438845661,0.4213033157399138,96,178.687796498266,16.01444444436667,287.2618504303945,745.8075339695636,10.690570705869826,0.53125,0.46875,17154.028463833536
STRICT_386,track_vs_hist_position_gap_km,"(0.422, 0.869]",0.4218294872745097,0.8652314616698943,96,99.8415007810795,12.386937939144445,183.67007854994444,304.21571254239166,31.297595250055437,0.6145833333333334,0.3854166666666667,9584.784074983632
STRICT_386,track_vs_hist_position_gap_km,"(0.869, 66.016]",0.8700933066911387,66.01620407407995,97,180.6072874274431,20.044166666677786,294.92884982181556,678.6787125149904,5.64988268161416,0.4845360824742268,0.5154639175257731,17518.906880461982
STRICT_386,m16d_neighbour_count,"(2.999, 5.0]",3.0,5.0,101,272.7587482473028,26.7594106902,597.6627015991312,1870.8219444442225,-83.20362069598572,0.5544554455445545,0.44554455445544555,27548.63357297758
STRICT_386,m16d_neighbour_count,"(5.0, 9.0]",6.0,9.0,285,155.09504309488233,18.99694444448889,233.98994444473337,730.2082811607658,54.31878184901695,0.5298245614035088,0.47017543859649125,44202.087282041466
STRICT_386,m16d_nearest_distance,"(0.0179, 0.0905]",0.0188777485376,0.0903031080184,97,178.92543868084346,27.29521722407777,242.113388888889,450.5339320788971,4.32061970100606,0.5051546391752577,0.4948453608247423,17355.767552041816
STRICT_386,m16d_nearest_distance,"(0.0905, 0.144]",0.0909391297009,0.14412890599,96,277.12967812222723,28.877415771677782,596.3726007995601,1976.8237620126333,0.16823899249695037,0.5833333333333334,0.4166666666666667,26604.449099733814
STRICT_386,m16d_nearest_distance,"(0.144, 0.261]",0.144369201366,0.26051419544,96,225.17074569957256,17.806388888867225,661.1031893951501,1878.3717361109557,99.87792384312301,0.5208333333333334,0.4791666666666667,21616.391587158967
STRICT_386,m16d_nearest_distance,"(0.261, 1.914]",0.260825047113,1.9142386314,97,63.65064552664374,13.874016083011108,121.07763629819601,279.8418888890622,-30.37365573754464,0.5360824742268041,0.4639175257731959,6174.112616084443
STRICT_386,physics_distance_gc_nm,"(0.239, 14.882]",0.239703797511,11.3875057468,40,515.1294455237296,84.40013888874445,1912.180978278867,2438.8296567592392,35.27687916464955,0.425,0.575,20605.177820949186
STRICT_386,physics_distance_gc_nm,"(14.882, 195.56]",25.365397922,195.368492108,39,150.88777776754145,2.08529449307,372.78711291991084,751.0230954082567,129.50277100355854,0.41025641025641024,0.5897435897435898,5884.623332934117
STRICT_386,physics_distance_gc_nm,"(195.56, 806.709]",195.750592964,806.544011591,39,181.4454622435037,3.3581624874000013,14.825766415873336,335.17164939737773,174.5439285752684,0.6153846153846154,0.38461538461538464,7076.373027496644
STRICT_386,physics_distance_gc_nm,"(806.709, 1211.319]",806.764468664,1211.31943159,40,30.212707054873608,3.610407043527772,24.231899521956734,109.66631245011881,8.997075483157502,0.675,0.325,1208.5082821949443
STRICT_386,physics_course_alignment_deg,"(0.104, 7.073]",0.104888253294,7.03854865263,39,191.893279868798,2.867144318011107,746.9021650288057,900.9143524186878,188.28601137877882,0.48717948717948717,0.5128205128205128,7483.837914883122
STRICT_386,physics_course_alignment_deg,"(7.073, 23.99]",7.08467921149,23.53932307,39,197.78533167493453,2.060990877222224,200.90866847537816,1527.3787019392978,190.18992278005132,0.5128205128205128,0.48717948717948717,7713.627935322446
STRICT_386,physics_course_alignment_deg,"(23.99, 61.413]",24.4414592573,61.283018031,39,194.6259512484325,5.521736139211111,157.247895830103,803.0374214717757,185.37266095442644,0.48717948717948717,0.5128205128205128,7590.412098688867
STRICT_386,physics_course_alignment_deg,"(61.413, 175.484]",61.8033441942,175.484162587,39,91.94686789778657,47.741717596,281.3196575650911,301.6277004932611,1.0143827368282354,0.6153846153846154,0.38461538461538464,3585.9278480136763
STRICT_386,expert_spread_h,"(1.8880000000000001, 17.363]",1.8894444445000005,17.36268707479,98,94.82938726993277,13.239722222211114,45.58083333334,356.4083827895704,50.05972977385983,0.6020408163265306,0.3979591836734694,9293.279952453411
STRICT_386,expert_spread_h,"(17.363, 30.815]",17.409999999999997,30.7819444444,95,134.69781915304557,6.814166666622224,43.73540699140895,93.55242720305716,-27.444689840750687,0.6105263157894737,0.3894736842105263,12796.29281953933
STRICT_386,expert_spread_h,"(30.815, 67.494]",30.847777777799998,65.9846913577,96,79.1730988601377,24.753162807911114,182.0655555555889,289.01976391678886,8.784976713148419,0.4270833333333333,0.5729166666666666,7600.617490573219
STRICT_386,expert_spread_h,"(67.494, 2480.736]",67.997495916,2480.735778755,97,433.6137174479699,113.06892668177778,1860.006944444329,2373.6710939960963,40.57032360047499,0.5051546391752577,0.4948453608247423,42060.530592453084
STRICT_386,predicted_abs_error_h,"(0.73, 5.752]",0.730642314236,5.72942377143,97,133.12200739123892,2.867144318011107,31.85965836842005,745.0258763875702,121.19671137836988,0.5876288659793815,0.41237113402061853,12912.834716950176
STRICT_386,predicted_abs_error_h,"(5.752, 18.485]",5.81907224894,18.4820233779,96,46.08184845309433,17.942698039583327,57.78847222222889,180.08888888892778,-9.038461703083913,0.5208333333333334,0.4791666666666667,4423.857451497056
STRICT_386,predicted_abs_error_h,"(18.485, 47.759]",18.4879919155,47.0594489841,96,145.7013813341888,21.025103347916662,278.44652777778333,606.0656373104706,36.34673921324063,0.5208333333333334,0.4791666666666667,13987.332608082124
STRICT_386,predicted_abs_error_h,"(47.759, 220.906]",47.9918905029,220.906479272,97,416.77006266484204,111.40337860711112,1108.2070438491278,2373.6710939960963,-75.26173719589329,0.5154639175257731,0.4845360824742268,40426.69607848968
STRICT_386,interval_half_width_h,"(19.256, 36.765]",19.2571830187,36.7172526995,97,140.36349030377752,2.867144318011107,52.33755555556988,745.0258763875702,114.86144853157602,0.5567010309278351,0.44329896907216493,13615.25855946642
STRICT_386,interval_half_width_h,"(36.765, 53.578]",36.9068074527,53.4259092043,96,80.66967717827674,13.245546182890555,73.48430945861,180.08888888892778,-6.854375617927602,0.5625,0.4375,7744.289009114567
STRICT_386,interval_half_width_h,"(53.578, 95.052]",53.7294016379,94.9710214606,96,146.558094279669,23.247928789061117,278.44652777778333,606.0656373104706,1.0053451178455919,0.5104166666666666,0.4895833333333333,14069.577050848226
STRICT_386,interval_half_width_h,"(95.052, 345.373]",95.079162823,345.373032649,97,374.4494457277303,110.91464356355556,743.9713413906235,2338.1908654745243,-36.11099425649203,0.5154639175257731,0.4845360824742268,36321.59623558984
NEAR_TERM_FUTURE_0_7D,track_sog,"(-0.001, 10.7]",0.0,10.7,73,24.786494072005446,13.264499448236666,47.541000000017775,60.05938888890975,-5.886822627080912,0.6301369863013698,0.3698630136986301,1809.4140672563976
NEAR_TERM_FUTURE_0_7D,track_sog,"(10.7, 12.0]",10.8,12.0,67,15.223358986212073,8.735555555588888,34.30855555556666,49.01863888890327,2.318066056352604,0.5223880597014925,0.47761194029850745,1019.9650520762088
NEAR_TERM_FUTURE_0_7D,track_sog,"(12.0, 13.35]",12.1,13.3,69,24.064518226271623,12.824166666711108,35.32933333337337,95.25508775797312,12.712424542991917,0.463768115942029,0.5362318840579711,1660.451757612742
NEAR_TERM_FUTURE_0_7D,track_sog,"(13.35, 19.8]",13.4,19.8,70,16.61290846836154,7.0627543062333356,41.55356758177666,62.51707715193888,9.495605892086973,0.44285714285714284,0.5571428571428572,1162.9035927853076
NEAR_TERM_FUTURE_0_7D,position_age_min,"(-0.001, 0.225]",0.0,0.2166666666666666,70,21.121595069156797,14.056653866194445,58.26444444441778,63.99738888888988,5.323938492722381,0.4142857142857143,0.5857142857142857,1478.5116548409758
NEAR_TERM_FUTURE_0_7D,position_age_min,"(0.225, 0.483]",0.2333333333333333,0.4833333333333333,72,21.457400533025677,11.9936086961,40.161520959884434,61.615429598388914,8.384704974321544,0.4861111111111111,0.5138888888888888,1544.9328383778488
NEAR_TERM_FUTURE_0_7D,position_age_min,"(0.483, 0.758]",0.5,0.75,67,18.11646688990305,9.409166666688884,37.78089910866888,42.15488062743666,2.1776242920024544,0.5671641791044776,0.43283582089552236,1213.8032816235045
NEAR_TERM_FUTURE_0_7D,position_age_min,"(0.758, 175.3]",0.7666666666666667,175.3,70,20.22123849840468,7.503878843600003,33.197000000040006,74.48704654309667,2.073525710076653,0.6,0.4,1415.4866948883277
NEAR_TERM_FUTURE_0_7D,history_span_h,"(0.0665, 4.229]",0.0675,4.2252777777777775,70,14.652581583097081,9.293333333377781,36.054398349522224,41.84842974518276,3.2840179915114933,0.5285714285714286,0.4714285714285714,1025.6807108167957
NEAR_TERM_FUTURE_0_7D,history_span_h,"(4.229, 8.158]",4.233055555555556,8.158333333333333,70,17.77614189212478,8.99512633262222,32.77025000003889,37.46485428305499,5.0600054484641435,0.5142857142857142,0.4857142857142857,1244.3299324487346
NEAR_TERM_FUTURE_0_7D,history_span_h,"(8.158, 18.369]",8.165555555555555,18.030277777777776,69,25.628091422974304,11.8033329895,65.11581145519999,72.27599087170667,11.486233090932496,0.4492753623188406,0.5507246376811594,1768.3383081852269
NEAR_TERM_FUTURE_0_7D,history_span_h,"(18.369, 314.004]",18.70805555555556,314.00388888888887,70,23.062650261141428,9.432361111144441,46.036583333355566,74.48704654309667,-1.560137773734126,0.5714285714285714,0.42857142857142855,1614.3855182799
NEAR_TERM_FUTURE_0_7D,track_vs_hist_position_gap_km,"(-0.001, 0.261]",0.0,0.2603101520226022,70,20.625684601053926,15.72361111104445,46.687833333135565,58.5579106548239,-0.4495695030170946,0.5285714285714286,0.4714285714285714,1443.7979220737748
NEAR_TERM_FUTURE_0_7D,track_vs_hist_position_gap_km,"(0.261, 0.475]",0.2617443406848995,0.4746783277520012,70,15.780672523391841,6.280932891633334,29.692111111075562,43.66892360004165,4.038503724886636,0.5285714285714286,0.4714285714285714,1104.6470766374289
NEAR_TERM_FUTURE_0_7D,track_vs_hist_position_gap_km,"(0.475, 0.921]",0.4768633138975272,0.919015219521679,69,17.751146365274657,6.933611111111112,39.50992141313779,59.44443197032442,5.823956096996428,0.5797101449275363,0.42028985507246375,1224.8290992039513
NEAR_TERM_FUTURE_0_7D,track_vs_hist_position_gap_km,"(0.921, 34.026]",0.9236798167146884,34.02647386329919,70,26.849433883078603,11.8876388889,59.36663888891891,81.5253955860294,8.776338766966099,0.42857142857142855,0.5714285714285714,1879.4603718155022
NEAR_TERM_FUTURE_0_7D,m16d_neighbour_count,"(2.999, 6.0]",3.0,6.0,78,17.293316900745545,6.323301517344444,40.35763888890109,59.32941116353921,-5.405894543780097,0.5769230769230769,0.4230769230769231,1348.8787182581525
NEAR_TERM_FUTURE_0_7D,m16d_neighbour_count,"(6.0, 9.0]",7.0,9.0,201,21.41221766901744,12.824166666711108,42.45553715026667,65.52888888888889,8.403392310080077,0.4925373134328358,0.5074626865671642,4303.855751472505
NEAR_TERM_FUTURE_0_7D,m16d_nearest_distance,"(0.026099999999999998, 0.0909]",0.0270525777813,0.0909391297009,71,30.900656626621153,9.4555555556,65.99740671633333,160.72959792533337,14.593075097172584,0.36619718309859156,0.6338028169014085,2193.946620490102
NEAR_TERM_FUTURE_0_7D,m16d_nearest_distance,"(0.0909, 0.155]",0.0928216281712,0.154660812645,69,16.50356907244197,11.501229976000005,42.01917899266445,51.29316666668219,-3.851499434452688,0.6376811594202898,0.36231884057971014,1138.7462659984958
NEAR_TERM_FUTURE_0_7D,m16d_nearest_distance,"(0.155, 0.288]",0.154733308327,0.280854481514,69,14.822666972774057,11.0146736835,31.937871227373336,41.99859457039331,2.6340031595087114,0.5072463768115942,0.4927536231884058,1022.7640211214099
NEAR_TERM_FUTURE_0_7D,m16d_nearest_distance,"(0.288, 1.914]",0.294605497631,1.9142386314,70,18.53253660172356,11.551478284277774,34.58163428513335,56.65638888889883,4.5045855854732695,0.5571428571428572,0.44285714285714284,1297.2775621206492
NEAR_TERM_FUTURE_0_7D,physics_distance_gc_nm,"(9.872, 182.248]",9.87329647968,181.922499225,27,6.110708542142303,1.3786105993666666,13.906467206346449,22.170242319704432,-1.2400193301779434,0.4444444444444444,0.5555555555555556,164.98913063784218
NEAR_TERM_FUTURE_0_7D,physics_distance_gc_nm,"(182.248, 498.795]",182.355892489,498.731033739,27,7.833949906277366,5.521736139211111,15.15412824328,24.60057221689777,-3.048748211131686,0.6666666666666666,0.3333333333333333,211.51664746948887
NEAR_TERM_FUTURE_0_7D,physics_distance_gc_nm,"(498.795, 996.583]",498.858320187,996.417422382,27,2.719358188517694,2.5072814664444394,4.8233727071422186,6.751550042671109,-0.4914931534139905,0.5925925925925926,0.4074074074074074,73.42267108997774
NEAR_TERM_FUTURE_0_7D,physics_distance_gc_nm,"(996.583, 1211.319]",997.079730166,1211.31943159,27,7.133513555060905,2.941381712777769,13.87552399519778,17.589087562545544,-5.328972380563784,0.6666666666666666,0.3333333333333333,192.60486598664443
NEAR_TERM_FUTURE_0_7D,physics_course_alignment_deg,"(0.104, 4.442]",0.104888253294,4.3170120603,27,3.3524424316486,2.5072814664444394,7.762848384262226,10.75924059180333,-1.5107903236564195,0.6296296296296297,0.37037037037037035,90.5159456545122
NEAR_TERM_FUTURE_0_7D,physics_course_alignment_deg,"(4.442, 17.312]",4.48301908113,17.2563649544,27,4.355696866825143,1.4580791272222342,11.340290322928903,17.41548892158888,-0.3921861199213569,0.48148148148148145,0.5185185185185185,117.60381540427886
NEAR_TERM_FUTURE_0_7D,physics_course_alignment_deg,"(17.312, 43.081]",17.3675061749,42.6704666405,27,3.6816795925072823,1.8761786167666656,10.522701046415555,12.945428135687775,-0.4149807784026741,0.7037037037037037,0.2962962962962963,99.40534899769662
NEAR_TERM_FUTURE_0_7D,physics_course_alignment_deg,"(43.081, 138.437]",44.3121795702,138.436626366,27,12.407711301017244,5.095410193411112,31.859658368420018,60.91550889435665,-7.791275853306955,0.5555555555555556,0.4444444444444444,335.0082051274656
NEAR_TERM_FUTURE_0_7D,expert_spread_h,"(1.8880000000000001, 14.728]",1.8894444445000005,14.7202777778,70,16.256194221479998,11.899580918338888,40.00642850332334,45.66347222223445,-6.452354805937205,0.6571428571428571,0.34285714285714286,1137.9335955036
NEAR_TERM_FUTURE_0_7D,expert_spread_h,"(14.728, 23.52]",14.735259884299992,23.5197222222,70,11.621899815374013,6.576226528444446,26.911692646507774,31.953743097396114,-1.6614096521416666,0.6428571428571429,0.35714285714285715,813.5329870761809
NEAR_TERM_FUTURE_0_7D,expert_spread_h,"(23.52, 41.302]",24.0627777778,41.089079838699995,69,13.547819547384943,8.735555555588888,35.15800000001335,41.01187784571109,0.2759432347382127,0.463768115942029,0.5362318840579711,934.799548769561
NEAR_TERM_FUTURE_0_7D,expert_spread_h,"(41.302, 551.442]",41.51435452290001,551.442131873,70,39.5209762625902,15.72361111104445,89.91558786070114,219.56043720416662,25.947792982569034,0.3,0.7,2766.4683383813144
NEAR_TERM_FUTURE_0_7D,predicted_abs_error_h,"(0.735, 4.337]",0.735568308827,4.32546315575,70,5.48886745270365,2.5718700393777776,13.27289420449889,14.702012428741108,-2.396959122796508,0.5857142857142857,0.4142857142857143,384.22072168925547
NEAR_TERM_FUTURE_0_7D,predicted_abs_error_h,"(4.337, 15.65]",4.34937375932,15.6501175107,70,12.338267587038885,7.774861111116666,30.288249999981115,35.990430555587764,-2.997649335029936,0.5714285714285714,0.42857142857142855,863.6787310927219
NEAR_TERM_FUTURE_0_7D,predicted_abs_error_h,"(15.65, 22.707]",15.7041315844,22.6024755638,69,18.47183055914833,18.619166666622228,36.09535225452,40.81027307971777,-0.8753273839212719,0.5797101449275363,0.42028985507246375,1274.5563085812348
NEAR_TERM_FUTURE_0_7D,predicted_abs_error_h,"(22.707, 179.106]",22.811868629,179.106307166,70,44.71826726239206,25.465250968727783,89.91558786070114,219.56043720416662,24.36346087785238,0.32857142857142857,0.6714285714285714,3130.2787083674443
NEAR_TERM_FUTURE_0_7D,interval_half_width_h,"(19.256, 35.664]",19.2571830187,35.6302456383,70,6.323594282238587,2.632439736238889,14.975921403603335,25.32277933977886,-1.735024093604523,0.5714285714285714,0.42857142857142855,442.6515997567011
NEAR_TERM_FUTURE_0_7D,interval_half_width_h,"(35.664, 48.582]",35.6972752973,48.5823504699,70,11.012541998979286,4.365232097377772,28.339876286330004,44.11713888891494,-4.35205014137884,0.6,0.4,770.87793992855
NEAR_TERM_FUTURE_0_7D,interval_half_width_h,"(48.582, 59.888]",48.7648886764,59.8831353865,69,18.994075463313123,18.83800154323333,34.52227777778668,39.41680274436889,-0.7340159855891296,0.5942028985507246,0.4057971014492754,1310.5912069686055
NEAR_TERM_FUTURE_0_7D,interval_half_width_h,"(59.888, 321.527]",59.8936864296,321.527055811,70,44.69448175824001,25.465250968727783,89.91558786070114,219.56043720416662,24.916633990939044,0.3,0.7,3128.6137230768004
