scope,slice_family,slice_value,rows,mae_h,medae_h,p90_ae_h,p95_ae_h,mean_signed_error_h,underprediction_fraction,overprediction_fraction,total_abs_error_h,row_fraction_within_scope,absolute_error_share_within_scope,support_grade,mae_delta_vs_scope_h
NEAR_TERM_FUTURE_0_7D,confidence_tier,LOW,49,56.301949757677995,31.28972222226667,134.5733957102225,231.17594444466664,34.879831632048074,0.2857142857142857,0.7142857142857143,2758.795538126222,0.17562724014336917,0.4880461930237586,ROBUST_N_GE20,36.041252733553776
NEAR_TERM_FUTURE_0_7D,m16g_selected_expert,route,53,33.373370020969816,13.235555555544453,60.39072222222626,229.89627777799998,5.216619496871575,0.5660377358490566,0.4339622641509434,1768.7886111114,0.18996415770609318,0.31290849067525367,ROBUST_N_GE20,13.1126729968456
NEAR_TERM_FUTURE_0_7D,m16g_selected_expert,tabular,42,30.489355126064023,22.25692102585,72.39413608863333,74.70394498982554,14.689234436162431,0.4523809523809524,0.5476190476190477,1280.552915294689,0.15053763440860216,0.22653689504642616,ROBUST_N_GE20,10.228658101939807
NEAR_TERM_FUTURE_0_7D,physics_eligible,False,178,29.00162437717068,19.307152777783337,58.3572222222089,74.27014809636778,8.435708798495863,0.46629213483146065,0.5337078651685393,5162.289139136381,0.6379928315412187,0.9132375077547833,ROBUST_N_GE20,8.740927353046462
NEAR_TERM_FUTURE_0_7D,m16g_selected_expert,prior,44,25.41288041378384,22.207993827127783,35.332305555590004,44.76734722223946,9.328910681740403,0.38636363636363635,0.6136363636363636,1118.1667382064888,0.15770609318996415,0.19780988195961868,ROBUST_N_GE20,5.152183389659623
NEAR_TERM_FUTURE_0_7D,ship_type_cat,Petroliera/Tanker 🛢️,57,24.86295949343554,8.074146576088893,61.51313990628889,112.26326095106666,15.816170825527898,0.47368421052631576,0.5263157894736842,1417.1886911258257,0.20430107526881722,0.250708519693364,ROBUST_N_GE20,4.602262469311324
NEAR_TERM_FUTURE_0_7D,resolution_confidence,0.7,134,24.15359037087316,19.063194444466667,47.599833333282234,61.720331603335225,0.5913994245911863,0.5149253731343284,0.48507462686567165,3236.5811096970037,0.48028673835125446,0.5725691038608474,ROBUST_N_GE20,3.892893346748945
NEAR_TERM_FUTURE_0_7D,ship_type_cat,Cargo 📦,96,22.104439991272233,13.254194168557222,44.88208333332778,58.33402777776111,-2.542300474138068,0.5729166666666666,0.4270833333333333,2122.0262391621345,0.34408602150537637,0.3753981812740703,ROBUST_N_GE20,1.8437429671480174
NEAR_TERM_FUTURE_0_7D,stale_risk_cat,HIGH,105,22.08092678714526,11.909995169966663,39.30298915075557,64.7235379292311,10.853759069976517,0.4666666666666667,0.5333333333333333,2318.4973126502523,0.3763440860215054,0.4101550010999765,ROBUST_N_GE20,1.8202297630210431
NEAR_TERM_FUTURE_0_7D,motion_state_cat,KINEMATIC_CONFLICT,105,22.08092678714526,11.909995169966663,39.30298915075557,64.7235379292311,10.853759069976517,0.4666666666666667,0.5333333333333333,2318.4973126502523,0.3763440860215054,0.4101550010999765,ROBUST_N_GE20,1.8202297630210431
NEAR_TERM_FUTURE_0_7D,m16d_gate_used,destination_fallback_global,141,22.073318965455112,16.55111111100001,45.48166666666667,58.681944444477786,-1.1477341184566583,0.5319148936170213,0.46808510638297873,3112.337974129171,0.5053763440860215,0.5505898058355939,ROBUST_N_GE20,1.812621941330896
NEAR_TERM_FUTURE_0_7D,is_route_expression,False,255,21.24166665009622,11.542222222244447,45.00199999999555,65.6694442371222,4.647402005049826,0.5254901960784314,0.4745098039215686,5416.624995774537,0.9139784946236559,0.9582309278420131,ROBUST_N_GE20,0.9809696259720049
NEAR_TERM_FUTURE_0_7D,m16g_selected_meta_id,extra_trees_hard_gate,113,20.81473117195558,9.281890432099992,43.05103796771555,73.53845474953778,9.75298801390535,0.5221238938053098,0.4778761061946903,2352.0646224309803,0.4050179211469534,0.4160932439027253,ROBUST_N_GE20,0.5540341478313628
NEAR_TERM_FUTURE_0_7D,m16g_selected_meta_id,hist_gb_hard_gate,50,20.712256343917932,7.800391241577781,46.866787879011135,60.64524381860678,-7.609423912734064,0.66,0.34,1035.6128171958967,0.17921146953405018,0.18320563662443567,ROBUST_N_GE20,0.45155931979371644
NEAR_TERM_FUTURE_0_7D,m18c_reliability_tier,R3_REFERENCE_NEAR_TERM,279,20.260697024124216,11.0146736835,42.604412354628906,65.06417677598886,4.542731469215943,0.5161290322580645,0.4838709677419355,5652.734469730656,1.0,1.0,ROBUST_N_GE20,0.0
NEAR_TERM_FUTURE_0_7D,reference_eta_status,FUTURE_0_7D,279,20.260697024124216,11.0146736835,42.604412354628906,65.06417677598886,4.542731469215943,0.5161290322580645,0.4838709677419355,5652.734469730656,1.0,1.0,ROBUST_N_GE20,0.0
NEAR_TERM_FUTURE_0_7D,nav_status_cat,In navigazione a motore ⚙️,275,20.177470450033578,11.0146736835,42.05466178649333,62.991651517923806,4.8059695284623976,0.5127272727272727,0.48727272727272725,5548.804373759234,0.985663082437276,0.981614191056037,ROBUST_N_GE20,-0.08322657409063794
NEAR_TERM_FUTURE_0_7D,m16g_selected_meta_id,rf_hard_gate,58,19.57538827271632,11.856664079733331,32.3878333333289,43.67432827818607,6.830100990594982,0.43103448275862066,0.5689655172413793,1135.3725198175466,0.2078853046594982,0.2008536799131917,ROBUST_N_GE20,-0.685308751407895
NEAR_TERM_FUTURE_0_7D,resolution_confidence,0.0,22,19.563706567470703,17.375916868349996,38.228665730968906,40.125461708416104,6.42651729399293,0.4090909090909091,0.5909090909090909,430.4015444843555,0.07885304659498207,0.07614041430551459,ROBUST_N_GE20,-0.6969904566535128
NEAR_TERM_FUTURE_0_7D,m16g_selected_meta_id,median_blend,58,19.47731914286609,13.909876792522223,42.661844118583346,58.28763888886555,2.5803409055541,0.46551724137931033,0.5344827586206896,1129.6845102862333,0.2078853046594982,0.19984743955964748,ROBUST_N_GE20,-0.7833778812581258
NEAR_TERM_FUTURE_0_7D,m16g_selected_expert,BLEND_MEDIAN,58,19.47731914286609,13.909876792522223,42.661844118583346,58.28763888886555,2.5803409055541,0.46551724137931033,0.5344827586206896,1129.6845102862333,0.2078853046594982,0.19984743955964748,ROBUST_N_GE20,-0.7833778812581258
NEAR_TERM_FUTURE_0_7D,m16d_gate_used,destination,83,19.355544127222263,3.3581624874000013,28.089809566237776,111.5513924120841,11.45182841819019,0.5301204819277109,0.46987951807228917,1606.5101625594477,0.2974910394265233,0.28420053536248896,ROBUST_N_GE20,-0.9051528969019529
NEAR_TERM_FUTURE_0_7D,feature_freshness_bucket,LE_5MIN,275,19.29373366577855,11.0146736835,40.95065591164665,61.68916053008735,5.870471969282922,0.509090909090909,0.4909090909090909,5305.776758089101,0.985663082437276,0.9386212613559952,ROBUST_N_GE20,-0.9669633583456658
NEAR_TERM_FUTURE_0_7D,stale_risk_cat,LOW,174,19.162282511956345,9.06750578708333,43.73441114507225,63.13600084498476,0.7343527446190424,0.5459770114942529,0.4540229885057471,3334.2371570804044,0.6236559139784946,0.5898449989000236,ROBUST_N_GE20,-1.0984145121678708
NEAR_TERM_FUTURE_0_7D,confidence_tier,MEDIUM,119,18.77748459547887,17.744465584488886,38.69514794023333,45.51472222222444,-1.660420742380457,0.5378151260504201,0.46218487394957986,2234.520666861986,0.4265232974910394,0.3952990678807627,ROBUST_N_GE20,-1.483212428645345
NEAR_TERM_FUTURE_0_7D,motion_state_cat,MOVING,166,18.515974403649558,8.36841129396111,40.82498270434999,58.68149432729724,0.2064769430760515,0.5602409638554217,0.4397590361445783,3073.6517510058266,0.5949820788530465,0.5437459989434602,ROBUST_N_GE20,-1.7447226204746578
NEAR_TERM_FUTURE_0_7D,resolution_confidence,1.0,101,17.83484775784641,2.959791487911112,27.541572978344444,87.52805555554444,11.112610717328636,0.5247524752475248,0.4752475247524752,1801.3196235424875,0.36200716845878134,0.31866340674380156,ROBUST_N_GE20,-2.4258492662778046
NEAR_TERM_FUTURE_0_7D,m16d_gate_used,global,55,16.979751509855234,11.501229976000005,34.553777777822226,65.30800148264443,8.704560580070021,0.45454545454545453,0.5454545454545454,933.8863330420378,0.1971326164874552,0.16520965880191715,ROBUST_N_GE20,-3.280945514268982
NEAR_TERM_FUTURE_0_7D,is_non_specific,False,270,16.76733628225861,9.515018002055555,38.78080461985778,57.38097601099719,0.6123942117585728,0.5259259259259259,0.4740740740740741,4527.180796209825,0.967741935483871,0.8008833283169478,ROBUST_N_GE20,-3.4933607418656045
NEAR_TERM_FUTURE_0_7D,destination_specificity,SPECIFIC_OR_STRUCTURED,272,16.745905290162504,9.515018002055555,38.76372128652778,57.19495833443609,0.7067331945168833,0.5257352941176471,0.4742647058823529,4554.886238924201,0.974910394265233,0.8057845744063818,ROBUST_N_GE20,-3.5147917339617116
