baseline,prediction_points,calls_covered,unique_vessels,voyage_balanced_mae_h,voyage_balanced_rmse_h,voyage_balanced_median_ae_h,voyage_balanced_p90_ae_h,voyage_balanced_p95_ae_h,within_30m,within_60m,within_120m,scope
pred_m2_geodesic_h,556,40,33,5.269609584796643,24.50097891255402,0.23483060767521957,2.057881267672495,25.632964940734222,0.6704983232121682,0.8216123538030718,0.8998673532780643,all_oof
pred_m2_sector_prototype_h,556,40,33,5.172000359174591,24.220049337580008,0.2164641116704027,1.9335837860343128,25.238070641133092,0.7220509500648749,0.8605187896557686,0.9033429554926125,all_oof
pred_m2_route_knn_h,556,40,33,5.154399351880609,24.275029731859895,0.23152829934144156,1.839467806232845,25.229460780345384,0.7407759888628301,0.8790024628527245,0.9092491599596813,all_oof
pred_m2_geodesic_h,452,40,33,0.3822164176698468,0.6751150934433633,0.19551494402277436,0.9835427564227086,1.35930862269421,0.7317580910736113,0.9024178522043307,0.9814772727272725,under6h
pred_m2_sector_prototype_h,452,40,33,0.3425790775690273,0.666905437669713,0.1873662914574707,0.856186674984547,1.1366898630484945,0.7850906940683492,0.9396040949317802,0.9849747474747474,under6h
pred_m2_route_knn_h,452,40,33,0.3203741447866147,0.6022593804913504,0.1763122573190346,0.7882368413220262,0.9612692608599014,0.8001957295295898,0.9567404244306417,0.9927083333333332,under6h
pred_m2_geodesic_h,491,40,33,0.5006036273169517,1.0498100154351524,0.21593786118554636,1.2292939857693952,1.8905972230913144,0.7105672413247495,0.8729553060576116,0.9532402073732719,under12h
pred_m2_sector_prototype_h,491,40,33,0.4636158678561785,1.0450253149998543,0.19744146971120902,0.9502832433195922,1.8072362521442216,0.7608626191371883,0.9121043295113868,0.9586710829493088,under12h
pred_m2_route_knn_h,491,40,33,0.4322737552951262,0.9763797110769734,0.19257883593282532,0.8771871881088518,1.5268446111130114,0.7808002692232264,0.9334969302587796,0.9653047235023042,under12h
pred_m2_geodesic_h,502,40,33,0.5835350176928906,1.4687408425111041,0.2320857384300169,1.2957934713014359,2.1712237113529786,0.7020249122309499,0.8641040966549317,0.9457437560900559,under24h
pred_m2_sector_prototype_h,502,40,33,0.5457834330674711,1.4334236774221805,0.2005272354239129,0.9563347988313113,2.0004195659855526,0.7522430699661686,0.9032145100700968,0.9497426534694087,under24h
pred_m2_route_knn_h,502,40,33,0.513906392938789,1.3949458102075523,0.20541151816148373,0.9267366890365256,1.8738655932171846,0.7720648899363767,0.9246457208560995,0.9563376839837939,under24h
