session_id,port,mmsi,ground_truth_time,m4_role
CT-018,CATANIA,246518000,2026-04-07 04:20:23.000,calibration
CT-019,CATANIA,314900000,2026-04-07 05:16:11.500,calibration
AU-030,AUGUSTA,247381300,2026-04-07 20:42:21.500,calibration
CT-023,CATANIA,249281000,2026-04-07 21:43:09.000,calibration
AU-032,AUGUSTA,271051219,2026-04-08 05:43:27.500,calibration
CT-024,CATANIA,247241800,2026-04-08 05:45:29.500,calibration
AU-033,AUGUSTA,215054000,2026-04-08 06:11:54.500,calibration
AU-034,AUGUSTA,247131100,2026-04-08 07:09:46.500,calibration
AU-036,AUGUSTA,256891000,2026-04-08 13:53:02.000,calibration
AU-038,AUGUSTA,309518000,2026-04-08 21:11:35.500,calibration
AU-039,AUGUSTA,538002630,2026-04-08 22:49:57.500,calibration
AU-040,AUGUSTA,247381300,2026-04-09 04:22:24.000,calibration
CT-029,CATANIA,253000169,2026-04-09 06:15:00.500,calibration
CT-031,CATANIA,247415100,2026-04-09 06:51:32.500,calibration
AU-043,AUGUSTA,247408700,2026-04-09 09:19:45.500,calibration
AU-044,AUGUSTA,605076190,2026-04-09 09:27:52.500,calibration
AU-045,AUGUSTA,247243700,2026-04-09 11:11:24.500,calibration
AU-046,AUGUSTA,219031822,2026-04-09 11:44:53.500,calibration
AU-047,AUGUSTA,314001155,2026-04-09 13:23:19.500,calibration
AU-048,AUGUSTA,210515000,2026-04-09 17:07:38.500,calibration
CT-037,CATANIA,247241800,2026-04-10 05:32:45.500,calibration
AU-051,AUGUSTA,249689000,2026-04-10 07:47:02.500,calibration
AU-052,AUGUSTA,215909000,2026-04-10 07:59:15.500,calibration
CT-040,CATANIA,247296500,2026-04-10 11:53:06.500,calibration
CT-041,CATANIA,247408700,2026-04-10 14:18:26.500,temporal_evaluation
AU-054,AUGUSTA,311000232,2026-04-10 19:31:55.500,temporal_evaluation
AU-055,AUGUSTA,247100900,2026-04-10 21:23:43.500,temporal_evaluation
AU-056,AUGUSTA,256251000,2026-04-11 01:22:25.500,temporal_evaluation
AU-057,AUGUSTA,255970000,2026-04-11 05:35:09.500,temporal_evaluation
AU-058,AUGUSTA,311000279,2026-04-11 06:30:04.500,temporal_evaluation
AU-059,AUGUSTA,247355500,2026-04-11 07:19:53.500,temporal_evaluation
AU-060,AUGUSTA,271051219,2026-04-11 12:44:20.500,temporal_evaluation
AU-061,AUGUSTA,247408700,2026-04-11 13:55:26.500,temporal_evaluation
AU-062,AUGUSTA,248507000,2026-04-11 18:20:08.500,temporal_evaluation
CT-046,CATANIA,247296500,2026-04-11 19:00:49.500,temporal_evaluation
AU-063,AUGUSTA,247190400,2026-04-11 21:34:46.000,temporal_evaluation
AU-064,AUGUSTA,255916020,2026-04-12 08:42:09.000,temporal_evaluation
AU-065,AUGUSTA,248333000,2026-04-12 18:51:12.500,temporal_evaluation
AU-066,AUGUSTA,210515000,2026-04-13 05:25:39.500,temporal_evaluation
AU-067,AUGUSTA,636021231,2026-04-13 06:55:50.000,temporal_evaluation
