mmsi,ep,name,start,end,n,sog_med,sog_min,frac_slow,destination,lat_med,lon_med,duration_min
247209600,1,DURO,2026-04-03 10:42:38,2026-04-05 00:17:04,2215,0.0,0.0,0.9480812641083521,ITSP,37.112797,15.252595,2254.4333333333334
311000451,1,SYDNEY SPIRIT,2026-04-03 10:42:38,2026-04-03 13:48:11,182,0.0,0.0,1.0,ITSPA,37.134249,15.27713,185.55
240893000,1,MARAN PYTHIA,2026-04-03 10:42:38,2026-04-05 07:25:13,2646,0.0,0.0,0.9871504157218443,ITSIR,37.119817,15.284367,2682.5833333333335
215232000,1,SEA BUFFALO,2026-04-03 10:51:45,2026-04-03 12:12:51,74,0.1,0.0,1.0,"MELILI ,SICILY",37.1420455,15.23364,81.1
247428600,2,,2026-04-03 11:08:59,2026-04-03 12:48:21,82,0.0,0.0,1.0,,37.11281,15.252488,99.36666666666666
311000451,2,SYDNEY SPIRIT,2026-04-03 14:02:22,2026-04-04 13:20:42,1371,0.0,0.0,1.0,ITSPA,37.13303,15.278345,1398.3333333333333
247428600,4,,2026-04-03 15:25:33,2026-04-03 16:03:03,30,0.0,0.0,1.0,,37.112793,15.252493,37.5
215232000,2,SEA BUFFALO,2026-04-03 15:36:42,2026-04-03 16:18:15,42,0.1,0.0,1.0,"MELILI ,SICILY",37.142037,15.23374,41.55
247428600,6,,2026-04-03 19:13:29,2026-04-03 20:14:16,61,1.9,0.0,0.3442622950819672,,37.115005,15.2525,60.78333333333333
247530400,1,VALTEVERE,2026-04-03 19:30:42,2026-04-03 20:04:08,34,2.95,0.0,0.29411764705882354,HRBAK,37.120129000000006,15.269701,33.43333333333333
215232000,4,SEA BUFFALO,2026-04-03 19:39:49,2026-04-03 21:36:19,109,0.0,0.0,1.0,"MELILI ,SICILY",37.142045,15.233802,116.5
247428600,7,,2026-04-03 20:48:42,2026-04-03 21:33:17,45,0.0,0.0,1.0,,37.112805,15.252483,44.583333333333336
215232000,5,,2026-04-03 22:51:17,2026-04-03 23:30:46,38,0.0,0.0,1.0,,37.142036,15.233774499999999,39.483333333333334
215232000,6,SEA BUFFALO,2026-04-03 23:47:59,2026-04-04 01:51:36,115,0.0,0.0,1.0,"MELILI ,SICILY",37.142008,15.233783,123.61666666666666
247428600,11,,2026-04-03 23:49:00,2026-04-04 01:52:36,105,0.0,0.0,1.0,,37.112798,15.252488,123.6
247428600,12,,2026-04-04 02:02:44,2026-04-04 04:05:20,111,0.0,0.0,1.0,,37.112798,15.252478,122.6
215232000,7,,2026-04-04 02:06:48,2026-04-04 02:45:18,37,0.0,0.0,1.0,,37.141995,15.234002,38.5
215232000,8,SEA BUFFALO,2026-04-04 03:03:32,2026-04-04 04:03:18,60,0.0,0.0,1.0,"MELILI ,SICILY",37.142038,15.233842,59.766666666666666
247428600,13,,2026-04-04 04:16:28,2026-04-04 04:59:02,43,0.0,0.0,1.0,,37.112797,15.252487,42.56666666666667
215232000,10,,2026-04-04 05:30:26,2026-04-04 06:03:53,26,0.0,0.0,1.0,,37.142078,15.23374,33.45
215232000,11,,2026-04-04 07:42:10,2026-04-04 08:51:05,64,0.0,0.0,1.0,,37.14195,15.233813,68.91666666666667
311000451,3,SYDNEY SPIRIT,2026-04-04 13:50:05,2026-04-04 15:35:29,105,0.0,0.0,1.0,ITSPA,37.135545,15.277327,105.4
255916020,1,JAGUAR,2026-04-04 14:34:42,2026-04-05 06:11:20,906,0.1,0.0,0.9083885209713024,ITSPA,37.12345,15.231721,936.6333333333333
311000451,4,SYDNEY SPIRIT,2026-04-04 16:08:55,2026-04-04 18:23:39,134,0.0,0.0,1.0,ITSPA,37.135185,15.277167,134.73333333333332
311000451,5,SYDNEY SPIRIT,2026-04-04 18:59:06,2026-04-06 09:06:11,2257,0.0,0.0,1.0,ITSPA,37.133098,15.278127,2287.0833333333335
247209600,2,DURO,2026-04-05 00:32:16,2026-04-05 05:13:40,274,0.0,0.0,0.9525547445255474,ITSP,37.112787,15.252592,281.4
215232000,18,,2026-04-05 01:17:49,2026-04-05 01:51:15,27,0.0,0.0,1.0,,37.141898,15.23378,33.43333333333333
247382800,1,SANTA PANAGIA,2026-04-05 05:15:41,2026-04-05 12:55:20,452,0.0,0.0,0.7676991150442478,S.PANAGIA,37.112857,15.2523775,459.65
256286000,1,HISTRIA IVORY,2026-04-05 05:23:47,2026-04-05 06:14:22,49,1.1,0.2,0.32653061224489793,ITSPA,37.12595,15.26875,50.583333333333336
247209600,3,DURO,2026-04-05 05:40:59,2026-04-06 14:01:18,1906,0.0,0.0,0.9239244491080797,ITSP,37.112797,15.252595,1940.3166666666666
247101700,1,,2026-04-05 05:55:09,2026-04-05 06:36:38,41,0.3,0.0,0.6585365853658537,,37.116817,15.267562,41.483333333333334
256286000,2,HISTRIA IVORY,2026-04-05 06:29:33,2026-04-05 23:10:35,962,0.0,0.0,1.0,ITSPA,37.126417,15.266033,1001.0333333333333
255916020,2,JAGUAR,2026-04-05 06:43:43,2026-04-06 17:53:35,2052,0.0,0.0,1.0,ITSPA,37.12345,15.231723,2109.866666666667
220530000,1,KIRSTEN MAERSK,2026-04-05 08:02:40,2026-04-06 11:07:57,1586,0.0,0.0,0.9577553593947037,SANTA PANAGIA,37.11333,15.263448,1625.2833333333333
247428600,19,,2026-04-05 11:34:18,2026-04-05 14:56:56,193,0.0,0.0,0.694300518134715,,37.113695,15.252508,202.63333333333333
240893000,4,MARAN PYTHIA,2026-04-05 12:31:02,2026-04-05 15:47:38,172,0.0,0.0,1.0,ITSIR,37.1161085,15.267033,196.6
247428600,20,,2026-04-05 15:07:04,2026-04-05 16:16:02,63,0.0,0.0,1.0,,37.112798,15.252495,68.96666666666667
240893000,7,MARAN PYTHIA,2026-04-05 16:48:29,2026-04-05 23:25:46,366,0.0,0.0,1.0,ITSIR,37.116067,15.267,397.28333333333336
247428600,22,,2026-04-05 17:35:08,2026-04-05 19:24:37,102,0.0,0.0,1.0,,37.1128025,15.252487,109.48333333333333
240942000,1,KRITI JADE,2026-04-05 18:21:45,2026-04-06 13:28:52,1129,0.1,0.0,0.9778565101860053,ITSPA FOR ORDERS,37.135317,15.2558,1147.1166666666666
215232000,26,SEA BUFFALO,2026-04-05 20:33:32,2026-04-05 21:30:17,49,0.0,0.0,1.0,"MELILI ,SICILY",37.142077,15.233705,56.75
256286000,3,HISTRIA IVORY,2026-04-05 23:28:49,2026-04-06 05:41:01,366,0.0,0.0,1.0,ITSPA,37.1258835,15.26715,372.2
215232000,28,SEA BUFFALO,2026-04-05 23:45:02,2026-04-06 01:06:06,72,0.0,0.0,1.0,"MELILI ,SICILY",37.141973,15.233743,81.06666666666666
240893000,9,MARAN PYTHIA,2026-04-06 00:24:32,2026-04-06 11:12:00,626,0.0,0.0,1.0,ITSIR,37.11605,15.266983,647.4666666666667
215232000,29,SEA BUFFALO,2026-04-06 01:30:25,2026-04-06 02:32:17,62,0.1,0.0,1.0,"MELILI ,SICILY",37.141955,15.233818,61.86666666666667
247428600,25,,2026-04-06 02:01:52,2026-04-06 02:32:17,24,0.0,0.0,1.0,,37.11279,15.252478,30.416666666666668
636021590,1,ANAEL,2026-04-06 03:16:55,2026-04-06 09:57:56,396,0.0,0.0,0.9242424242424242,SN DKR>IT SPA,37.1223065,15.25611,401.01666666666665
215232000,30,SEA BUFFALO,2026-04-06 03:36:12,2026-04-06 04:30:58,53,0.0,0.0,1.0,"MELILI ,SICILY",37.141958,15.233772,54.766666666666666
247428600,27,,2026-04-06 04:30:58,2026-04-06 05:15:38,44,0.0,0.0,1.0,,37.112791,15.2524805,44.666666666666664
215232000,31,SEA BUFFALO,2026-04-06 04:48:14,2026-04-06 06:56:12,114,0.0,0.0,1.0,"MELILI ,SICILY",37.141905,15.233823,127.96666666666667
247428600,28,,2026-04-06 05:35:56,2026-04-06 06:56:12,73,0.0,0.0,1.0,,37.112785,15.252492,80.26666666666667
256286000,4,HISTRIA IVORY,2026-04-06 05:53:12,2026-04-06 08:22:31,143,0.1,0.0,0.8811188811188811,ITSPA,37.12585,15.267317,149.31666666666666
247382800,2,SANTA PANAGIA,2026-04-06 07:24:38,2026-04-06 12:04:43,277,0.0,0.0,0.7184115523465704,S.PANAGIA,37.112853,15.252398,280.0833333333333
247428600,30,,2026-04-06 07:50:02,2026-04-06 08:48:55,59,0.9,0.0,0.4915254237288136,,37.115383,15.268948,58.88333333333333
311000451,6,SYDNEY SPIRIT,2026-04-06 09:17:20,2026-04-06 17:54:36,504,0.0,0.0,1.0,ITSPA,37.13582,15.277105,517.2666666666667
636021590,2,ANAEL,2026-04-06 10:11:08,2026-04-06 13:08:36,176,0.0,0.0,1.0,SN DKR>IT SPA,37.12341,15.25562,177.46666666666667
220530000,3,KIRSTEN MAERSK,2026-04-06 12:06:45,2026-04-06 17:58:38,347,0.0,0.0,1.0,SANTA PANAGIA,37.11333,15.263453,351.8833333333333
240893000,12,MARAN PYTHIA,2026-04-06 12:12:49,2026-04-06 17:52:34,325,0.0,0.0,1.0,ITSIR,37.116083,15.267017,339.75
240942000,2,KRITI JADE,2026-04-06 13:49:09,2026-04-06 17:55:36,228,0.1,0.0,1.0,ITSPA FOR ORDERS,37.137933,15.255133,246.45
247209600,4,DURO,2026-04-06 14:11:27,2026-04-06 17:59:39,226,0.0,0.0,1.0,ITSP,37.112827,15.2526,228.2
636021590,4,ANAEL,2026-04-06 14:13:28,2026-04-06 17:54:36,216,0.0,0.0,1.0,SN DKR>IT SPA,37.123487,15.255641,221.13333333333333
247428600,32,ORTIGIA,2026-04-06 14:45:55,2026-04-06 17:50:33,178,0.0,0.0,1.0,AUGUSTA,37.112813,15.252489,184.63333333333333
215232000,33,SEA BUFFALO,2026-04-06 16:06:07,2026-04-06 17:51:33,88,0.0,0.0,1.0,"MELILI ,SICILY",37.142159,15.23368,105.43333333333334
636021590,5,ANAEL,2026-04-06 18:14:47,2026-04-07 21:03:10,1570,0.0,0.0,1.0,SN DKR>IT SPA,37.122127,15.256472,1608.3833333333334
247209600,5,DURO,2026-04-06 18:14:47,2026-04-07 21:34:34,1610,0.0,0.0,0.8428571428571429,ITSP,37.112797,15.252595,1639.7833333333333
220530000,4,KIRSTEN MAERSK,2026-04-06 18:15:48,2026-04-06 21:14:05,164,0.0,0.0,1.0,SANTA PANAGIA,37.113336000000004,15.26346,178.28333333333333
255916020,3,JAGUAR,2026-04-06 18:16:49,2026-04-07 10:47:36,971,0.0,0.0,1.0,ITSPA,37.123448,15.231727,990.7833333333333
240942000,3,KRITI JADE,2026-04-06 18:18:50,2026-04-06 20:10:15,106,0.0,0.0,1.0,ITSPA FOR ORDERS,37.1377085,15.255267,111.41666666666667
240893000,13,MARAN PYTHIA,2026-04-06 18:18:50,2026-04-07 07:35:39,769,0.0,0.0,1.0,ITSIR,37.11605,15.267,796.8166666666667
311000451,7,SYDNEY SPIRIT,2026-04-06 18:20:51,2026-04-07 21:02:09,1575,0.0,0.0,1.0,ITSPA,37.133203,15.27809,1601.3
247428600,33,,2026-04-06 18:24:54,2026-04-06 19:28:43,64,0.0,0.0,1.0,,37.112787,15.252502,63.81666666666667
240942000,4,KRITI JADE,2026-04-06 20:27:29,2026-04-07 18:20:55,1289,0.1,0.0,0.9689681923972071,ITSPA FOR ORDERS,37.136083,15.25505,1313.4333333333334
220530000,5,KIRSTEN MAERSK,2026-04-06 21:29:17,2026-04-07 07:54:55,602,0.1,0.0,0.9717607973421927,SANTA PANAGIA,37.127185,15.264498,625.6333333333333
215232000,37,SEA BUFFALO,2026-04-07 00:51:01,2026-04-07 01:24:28,34,0.0,0.0,1.0,"MELILI ,SICILY",37.142045,15.233837,33.45
247428600,38,,2026-04-07 02:11:07,2026-04-07 02:50:39,35,0.0,0.0,1.0,,37.112802,15.25248,39.53333333333333
247428600,40,,2026-04-07 05:38:00,2026-04-07 06:09:26,28,0.0,0.0,1.0,,37.112795,15.252477,31.433333333333334
247055200,1,F.LLI FAZIO,2026-04-07 05:52:12,2026-04-07 07:29:34,89,2.0,0.0,0.4044943820224719,AUGUSTA,37.12658,15.24957,97.36666666666666
247428600,41,,2026-04-07 06:28:42,2026-04-07 07:04:12,36,0.0,0.0,1.0,,37.112773,15.252492,35.5
240893000,14,MARAN PYTHIA,2026-04-07 07:48:50,2026-04-07 09:48:43,119,0.0,0.0,0.8487394957983193,ITSIR,37.11605,15.267,119.88333333333334
215232000,41,SEA BUFFALO,2026-04-07 07:53:54,2026-04-07 11:33:13,208,0.0,0.0,1.0,"MELILI ,SICILY",37.142057,15.233673,219.31666666666666
247055200,3,F.LLI FAZIO,2026-04-07 08:05:05,2026-04-07 15:20:02,429,0.0,0.0,0.7319347319347319,AUGUSTA,37.125145,15.248702,434.95
220530000,6,KIRSTEN MAERSK,2026-04-07 08:06:06,2026-04-07 10:40:30,145,0.1,0.0,0.8551724137931035,SANTA PANAGIA,37.127583,15.264465,154.4
247428600,43,ORTIGIA,2026-04-07 08:22:21,2026-04-07 10:37:27,134,0.0,0.0,0.7761194029850746,AUGUSTA,37.112802,15.252492,135.1
255916020,4,JAGUAR,2026-04-07 11:01:47,2026-04-07 13:59:33,158,0.0,0.0,0.5632911392405063,ITSPA,37.123465,15.23175,177.76666666666668
247428600,44,ORTIGIA,2026-04-07 11:02:48,2026-04-07 18:29:02,440,0.0,0.0,0.7022727272727273,AUGUSTA,37.113722,15.252388,446.23333333333335
215232000,42,SEA BUFFALO,2026-04-07 11:48:25,2026-04-07 17:38:17,340,0.0,0.0,0.8735294117647059,"MELILI ,SICILY",37.123122,15.231805,349.8666666666667
247408700,1,MERSEY SPIRIT,2026-04-07 13:30:00,2026-04-07 15:46:29,131,0.1,0.0,0.7557251908396947,SANTA PANAGIA,37.124557,15.257147,136.48333333333332
247382800,3,SANTA PANAGIA,2026-04-07 17:29:09,2026-04-07 18:30:03,61,1.4,0.0,0.4426229508196721,S.PANAGIA,37.115348,15.270495,60.9
247428600,45,,2026-04-07 18:53:20,2026-04-07 20:27:39,94,0.0,0.0,0.8191489361702128,,37.112801000000005,15.252497,94.31666666666666
215232000,45,SEA BUFFALO,2026-04-07 19:50:07,2026-04-07 20:29:41,40,0.0,0.0,1.0,"MELILI ,SICILY",37.123093499999996,15.231778,39.56666666666667
247209600,6,DURO,2026-04-07 21:50:44,2026-04-10 00:52:31,2994,0.0,0.0,0.9726118904475618,ITSP,37.112793,15.252595,3061.7833333333333
636021590,7,ANAEL,2026-04-07 21:52:45,2026-04-08 05:15:36,437,0.0,0.0,1.0,SN DKR>IT SPA,37.123583,15.257973,442.85
247428600,48,ORTIGIA,2026-04-07 21:52:45,2026-04-08 05:15:36,437,0.0,0.0,1.0,AUGUSTA,37.112798,15.252485,442.85
311000451,9,SYDNEY SPIRIT,2026-04-07 21:53:46,2026-04-08 05:14:35,433,0.0,0.0,1.0,ITSPA,37.136652,15.281227,440.81666666666666
215232000,48,SEA BUFFALO,2026-04-07 21:55:47,2026-04-08 02:08:42,250,0.0,0.0,1.0,"MELILI ,SICILY",37.123085,15.231778,252.91666666666666
240942000,9,KRITI JADE,2026-04-07 22:14:03,2026-04-08 05:14:35,410,0.0,0.0,1.0,ITSPA FOR ORDERS,37.115283,15.268183,420.53333333333336
215232000,49,SEA BUFFALO,2026-04-08 02:29:02,2026-04-08 04:50:13,122,0.0,0.0,1.0,"MELILI ,SICILY",37.123083,15.231773,141.18333333333334
311000451,10,SYDNEY SPIRIT,2026-04-08 05:26:43,2026-04-08 10:48:38,311,0.0,0.0,1.0,ITSPA,37.13681,15.280055,321.9166666666667
636021590,8,ANAEL,2026-04-08 05:30:46,2026-04-09 02:47:46,1241,0.0,0.0,1.0,SN DKR>IT SPA,37.121993,15.257072,1277.0
247428600,49,ORTIGIA,2026-04-08 05:30:46,2026-04-08 06:53:01,82,0.0,0.0,1.0,AUGUSTA,37.11279,15.252483,82.25
215232000,50,SEA BUFFALO,2026-04-08 05:31:47,2026-04-08 06:47:56,73,0.0,0.0,1.0,"MELILI ,SICILY",37.123083,15.231768,76.15
240942000,11,KRITI JADE,2026-04-08 06:08:21,2026-04-08 06:41:51,34,0.0,0.0,1.0,ITSPA FOR ORDERS,37.115267,15.2682,33.5
247428600,50,ORTIGIA,2026-04-08 06:55:03,2026-04-08 10:46:37,221,0.0,0.0,1.0,AUGUSTA,37.112798,15.252485,231.56666666666666
215232000,51,SEA BUFFALO,2026-04-08 07:07:14,2026-04-08 10:05:02,174,0.0,0.0,1.0,"MELILI ,SICILY",37.123087,15.231772,177.8
240942000,13,KRITI JADE,2026-04-08 07:38:43,2026-04-08 09:38:38,115,0.0,0.0,1.0,ITSPA FOR ORDERS,37.115267,15.268183,119.91666666666667
311000451,11,SYDNEY SPIRIT,2026-04-08 10:59:46,2026-04-09 02:41:42,929,0.0,0.0,1.0,ITSPA,37.133847,15.277867,941.9333333333333
247428600,51,ORTIGIA,2026-04-08 11:00:47,2026-04-08 17:35:18,389,0.0,0.0,1.0,AUGUSTA,37.112805,15.252488,394.51666666666665
215232000,53,SEA BUFFALO,2026-04-08 11:17:01,2026-04-08 13:38:17,136,0.0,0.0,1.0,"MELILI ,SICILY",37.123092,15.231768,141.26666666666668
240942000,16,KRITI JADE,2026-04-08 11:56:36,2026-04-08 13:53:33,106,0.0,0.0,1.0,ITSPA FOR ORDERS,37.115283,15.268233,116.95
247432850,3,TONNADO,2026-04-08 13:47:26,2026-04-08 15:45:31,115,0.0,0.0,1.0,,37.111513,15.250232,118.08333333333333
215232000,54,SEA BUFFALO,2026-04-08 13:49:28,2026-04-09 02:47:46,745,0.0,0.0,1.0,"MELILI ,SICILY",37.123092,15.231787,778.3
240942000,18,KRITI JADE,2026-04-08 14:41:22,2026-04-08 17:26:10,156,0.0,0.0,1.0,ITSPA FOR ORDERS,37.115267,15.2682,164.8
247428600,52,,2026-04-08 18:10:46,2026-04-08 19:13:34,63,1.1,0.0,0.31746031746031744,,37.115618,15.269802,62.8
538003678,1,STRENGTH,2026-04-08 19:23:42,2026-04-09 02:43:43,435,0.0,0.0,0.9080459770114943,FRFOS>ITSPA,37.125483,15.2668,440.01666666666665
247428600,54,ORTIGIA,2026-04-08 19:46:59,2026-04-09 02:42:43,411,0.0,0.0,1.0,AUGUSTA,37.1128,15.252488,415.73333333333335
538003678,2,STRENGTH,2026-04-09 03:00:54,2026-04-09 03:37:23,37,0.0,0.0,1.0,FRFOS>ITSPA,37.12775,15.2661,36.483333333333334
247428600,55,,2026-04-09 03:01:54,2026-04-09 03:39:24,38,0.0,0.0,1.0,,37.112797,15.252472,37.5
636021590,9,ANAEL,2026-04-09 03:02:55,2026-04-09 17:53:46,859,0.0,0.0,0.9627473806752037,SN DKR>IT SPA,37.122653,15.25592,890.85
311000451,12,SYDNEY SPIRIT,2026-04-09 03:02:55,2026-04-09 03:38:23,36,0.0,0.0,1.0,ITSPA,37.13526,15.277352,35.46666666666667
247432850,8,TONNADO,2026-04-09 03:04:56,2026-04-09 03:38:23,34,0.0,0.0,1.0,,37.111495,15.250253,33.45
215232000,55,SEA BUFFALO,2026-04-09 03:07:59,2026-04-09 03:38:23,31,0.0,0.0,1.0,"MELILI ,SICILY",37.123083,15.231787,30.4
215232000,56,SEA BUFFALO,2026-04-09 04:04:40,2026-04-09 08:14:18,247,0.0,0.0,1.0,"MELILI ,SICILY",37.123092,15.231787,249.63333333333333
247428600,56,ORTIGIA,2026-04-09 04:04:40,2026-04-09 17:42:38,797,0.0,0.0,0.9209535759096612,AUGUSTA,37.112802,15.252485,817.9666666666667
247432850,9,TONNADO,2026-04-09 04:04:40,2026-04-09 05:00:27,56,0.0,0.0,1.0,,37.111487,15.250245,55.78333333333333
311000451,13,SYDNEY SPIRIT,2026-04-09 04:05:40,2026-04-09 11:42:21,443,0.1,0.0,1.0,ITSPA,37.135375,15.281783,456.68333333333334
538003678,3,STRENGTH,2026-04-09 04:06:41,2026-04-10 05:38:21,1505,0.0,0.0,0.986046511627907,FRFOS>ITSPA,37.127817,15.26655,1531.6666666666667
247432850,10,TONNADO,2026-04-09 05:10:35,2026-04-09 08:02:08,166,0.0,0.0,1.0,,37.111478,15.250248,171.55
247160430,1,NICOLA PADRE,2026-04-09 09:25:20,2026-04-09 13:43:07,255,0.0,0.0,1.0,,37.111693,15.250412,257.78333333333336
215232000,58,SEA BUFFALO,2026-04-09 09:34:28,2026-04-09 10:38:25,62,0.0,0.0,1.0,"MELILI ,SICILY",37.12309,15.231782,63.95
215232000,59,SEA BUFFALO,2026-04-09 11:07:52,2026-04-09 12:38:09,85,0.0,0.0,1.0,"MELILI ,SICILY",37.123095,15.231777,90.28333333333333
311000451,14,SYDNEY SPIRIT,2026-04-09 11:53:30,2026-04-10 15:59:45,1656,0.0,0.0,1.0,ITSPA,37.1348925,15.278273,1686.25
247382800,4,SANTA PANAGIA,2026-04-09 12:42:13,2026-04-09 14:09:31,87,1.8,0.0,0.3218390804597701,S.PANAGIA,37.11686,15.269957,87.3
215232000,60,SEA BUFFALO,2026-04-09 12:49:19,2026-04-09 17:38:35,286,0.0,0.0,1.0,"MELILI ,SICILY",37.123093,15.231782,289.26666666666665
247432850,14,,2026-04-09 14:16:38,2026-04-09 14:53:11,30,0.0,0.0,1.0,,37.111507,15.250285,36.55
215232000,62,SEA BUFFALO,2026-04-09 18:34:16,2026-04-10 10:47:38,948,0.0,0.0,0.9124472573839663,"MELILI ,SICILY",37.12309,15.23179,973.3666666666667
538005496,1,ECO CHIOS,2026-04-09 19:42:06,2026-04-10 09:14:04,798,0.0,0.0,0.9385964912280702,IT SPA,37.12003,15.2602765,811.9666666666667
247428600,57,ORTIGIA,2026-04-09 20:17:33,2026-04-11 10:05:55,2233,0.0,0.0,0.8925212718316167,AUGUSTA,37.112802,15.252492,2268.366666666667
636021590,11,ANAEL,2026-04-09 20:25:39,2026-04-10 09:20:10,760,0.0,0.0,1.0,SN DKR>IT SPA,37.115223,15.268263,774.5166666666667
247209600,7,DURO,2026-04-10 01:03:41,2026-04-10 08:23:11,429,0.0,0.0,0.9463869463869464,ITSP,37.112787,15.252592,439.5
247432850,18,TONNADO,2026-04-10 01:04:42,2026-04-10 02:02:39,51,0.0,0.0,1.0,,37.11148,15.25025,57.95
247432850,19,TONNADO,2026-04-10 03:04:44,2026-04-10 04:15:57,71,0.0,0.0,1.0,,37.111485,15.250252,71.21666666666667
247432850,21,TONNADO,2026-04-10 08:07:55,2026-04-10 09:29:20,81,0.0,0.0,1.0,,37.111487,15.250247,81.41666666666667
247209600,8,DURO,2026-04-10 08:45:34,2026-04-11 11:07:38,1533,0.0,0.0,0.8043052837573386,ITSP,37.112797,15.252597,1582.0666666666666
636021590,12,,2026-04-10 09:46:37,2026-04-10 10:32:24,39,0.0,0.0,1.0,,37.115213,15.268272,45.78333333333333
247473800,1,GC B149,2026-04-10 10:31:23,2026-04-10 12:48:27,136,0.8,0.1,0.33088235294117646,,37.1292435,15.2619045,137.06666666666666
636021590,13,ANAEL,2026-04-10 11:10:59,2026-04-10 11:56:40,46,0.0,0.0,1.0,IT SPA>ES CEU,37.115223,15.268265,45.68333333333333
538005496,3,ECO CHIOS,2026-04-10 11:32:18,2026-04-11 09:55:46,1310,0.0,0.0,0.9847328244274809,IT SPA,37.127327,15.261115,1343.4666666666667
247038330,3,O'SARRACINO,2026-04-10 11:52:36,2026-04-10 13:03:42,71,0.0,0.0,1.0,,37.112165,15.249797,71.1
636021590,15,ANAEL,2026-04-10 12:46:25,2026-04-10 16:35:26,226,0.0,0.0,0.915929203539823,IT SPA>ES CEU,37.115227,15.268273,229.01666666666668
247432850,22,TONNADO,2026-04-10 13:01:40,2026-04-10 15:35:18,146,0.0,0.0,1.0,,37.111303,15.25047,153.63333333333333
247530400,2,VALTEVERE,2026-04-10 15:52:37,2026-04-10 17:57:56,124,0.5,0.0,0.5161290322580645,ITSPA,37.128895,15.2927495,125.31666666666666
247432850,23,TONNADO,2026-04-10 15:58:44,2026-04-10 16:29:18,31,0.0,0.0,1.0,,37.11128,15.250463,30.566666666666666
311000451,15,SYDNEY SPIRIT,2026-04-10 16:26:15,2026-04-11 10:26:12,1062,0.0,0.0,1.0,ITSPA,37.135823,15.27772,1079.95
247382800,5,SANTA PANAGIA,2026-04-10 16:41:33,2026-04-10 17:55:53,74,0.5,0.0,0.5135135135135135,S.PANAGIA,37.1161475,15.271441,74.33333333333333
247432850,24,TONNADO,2026-04-10 16:43:35,2026-04-10 18:54:50,123,0.0,0.0,1.0,,37.111298,15.250465,131.25
256515000,1,HISTRIA GEMMA,2026-04-10 19:31:25,2026-04-10 23:37:22,243,0.1,0.0,0.8930041152263375,ITSPA,37.126827,15.273757,245.95
247432850,25,TONNADO,2026-04-10 19:38:32,2026-04-11 07:53:55,695,0.0,0.0,1.0,,37.111293,15.25046,735.3833333333333
538003678,4,STRENGTH,2026-04-10 20:43:35,2026-04-11 10:07:57,793,0.0,0.0,0.9773013871374527,ITSPA>ITAUG,37.1409,15.2727,804.3666666666667
247530400,10,VALTEVERE,2026-04-10 23:30:15,2026-04-11 00:03:46,32,0.0,0.0,1.0,ITSPA,37.115248,15.268335,33.516666666666666
256515000,2,HISTRIA GEMMA,2026-04-10 23:57:40,2026-04-11 10:22:09,613,0.1,0.0,1.0,ITSPA,37.128548,15.273562,624.4833333333333
247530400,11,,2026-04-11 00:24:04,2026-04-11 01:09:45,45,0.0,0.0,1.0,,37.115233,15.268318,45.68333333333333
247530400,12,,2026-04-11 01:39:10,2026-04-11 02:51:12,66,0.0,0.0,1.0,,37.11523,15.268313,72.03333333333333
247530400,14,VALTEVERE,2026-04-11 03:48:00,2026-04-11 04:58:05,63,0.0,0.0,1.0,ITSPA,37.115238,15.268317,70.08333333333333
311000231,3,ANTARES,2026-04-11 11:33:54,2026-04-12 06:22:19,1108,0.1,0.0,0.9729241877256317,IT SPA,37.131209,15.269015,1128.4166666666667
247209600,9,DURO,2026-04-11 11:34:54,2026-04-12 18:10:10,1791,0.0,0.0,0.8447794528196538,ITSP,37.112803,15.252597,1835.2666666666667
256515000,3,HISTRIA GEMMA,2026-04-11 11:36:56,2026-04-11 12:28:38,48,0.0,0.0,1.0,ITSPA,37.128675,15.27182,51.7
311000451,16,SYDNEY SPIRIT,2026-04-11 11:38:57,2026-04-11 18:23:42,399,0.0,0.0,1.0,ITSPA,37.136905,15.278587,404.75
538003678,5,STRENGTH,2026-04-11 11:39:58,2026-04-12 16:27:41,1687,0.0,0.0,0.991108476585655,ITSPA>ITAUG,37.1389,15.2737,1727.7166666666667
256515000,4,HISTRIA GEMMA,2026-04-11 12:39:46,2026-04-11 22:28:22,579,0.0,0.0,0.9602763385146805,ITSPA,37.113417,15.263408,588.6
538005496,5,ECO CHIOS,2026-04-11 12:51:57,2026-04-12 16:27:41,1623,0.0,0.0,0.9901417128773875,IT SPA,37.126848,15.260985,1655.7333333333333
247382800,6,SANTA PANAGIA,2026-04-11 12:56:00,2026-04-11 14:27:29,91,1.4,0.0,0.3956043956043956,S.PANAGIA,37.117942,15.273457,91.48333333333333
247428600,60,ORTIGIA,2026-04-11 12:58:02,2026-04-11 22:37:32,570,0.0,0.0,0.8456140350877193,AUGUSTA,37.112815,15.252495,579.5
247432850,27,TONNADO,2026-04-11 16:10:21,2026-04-11 18:01:20,102,0.0,0.0,1.0,,37.111304000000004,15.250468,110.98333333333333
311000451,17,SYDNEY SPIRIT,2026-04-11 18:42:00,2026-04-12 15:53:13,1228,0.0,0.0,0.9666123778501629,ITSPA,37.132675,15.280472,1271.2166666666667
247432850,29,TONNADO,2026-04-11 19:15:34,2026-04-11 21:47:32,148,0.0,0.0,1.0,,37.111287,15.250473,151.96666666666667
247530400,17,VALTEVERE,2026-04-11 19:54:16,2026-04-11 20:53:26,51,0.6,0.0,0.47058823529411764,ITGOA,37.115252,15.268727,59.166666666666664
247428600,61,ORTIGIA,2026-04-11 22:52:49,2026-04-12 00:59:07,121,0.0,0.0,1.0,AUGUSTA,37.112788,15.252485,126.3
256515000,7,HISTRIA GEMMA,2026-04-12 01:10:17,2026-04-12 02:16:21,58,0.0,0.0,1.0,ITSPA,37.113415,15.263393,66.06666666666666
247428600,62,,2026-04-12 01:17:24,2026-04-12 03:01:08,100,0.0,0.0,1.0,,37.112793,15.25248,103.73333333333333
256515000,8,,2026-04-12 02:27:33,2026-04-12 02:59:06,25,0.0,0.0,1.0,,37.113415,15.263387,31.55
247428600,63,ORTIGIA,2026-04-12 04:29:51,2026-04-12 05:31:10,56,0.0,0.0,0.75,AUGUSTA,37.1128,15.252478,61.31666666666667
247382800,7,SANTA PANAGIA,2026-04-12 05:19:55,2026-04-12 08:09:51,167,1.2,0.0,0.40718562874251496,S.PANAGIA,37.117327,15.271653,169.93333333333334
256515000,10,,2026-04-12 05:25:02,2026-04-12 06:37:40,51,0.0,0.0,1.0,,37.113407,15.263403,72.63333333333334
247428600,64,,2026-04-12 05:42:24,2026-04-12 06:14:08,27,1.4,0.0,0.4444444444444444,,37.117557,15.27106,31.733333333333334
247101700,2,TORRE AVOLOS,2026-04-12 05:55:42,2026-04-12 07:58:34,121,1.5,0.1,0.30578512396694213,SANTA PANAGIA,37.117857,15.274882,122.86666666666666
311000231,4,ANTARES,2026-04-12 06:34:35,2026-04-12 10:28:12,214,0.0,0.0,1.0,IT SPA,37.115292,15.268323,233.61666666666667
247428600,65,ORTIGIA,2026-04-12 06:37:40,2026-04-12 18:07:07,668,0.0,0.0,0.8697604790419161,AUGUSTA,37.112802,15.252495,689.45
256515000,12,HISTRIA GEMMA,2026-04-12 07:54:28,2026-04-12 09:34:59,94,0.0,0.0,1.0,ITSPA,37.113405,15.2634,100.51666666666667
215498000,1,MED CANARY,2026-04-12 09:03:11,2026-04-12 16:35:49,438,0.1,0.0,0.8926940639269406,ITPRL,37.1313215,15.250322,452.6333333333333
256515000,13,HISTRIA GEMMA,2026-04-12 10:06:41,2026-04-12 12:22:42,128,0.0,0.0,1.0,ITSPA,37.113412,15.263395,136.01666666666668
311000231,5,ANTARES,2026-04-12 10:49:39,2026-04-12 12:14:32,76,0.0,0.0,1.0,IT SPA,37.115288,15.268337,84.88333333333334
311000231,6,ANTARES,2026-04-12 12:28:49,2026-04-12 15:50:10,194,0.0,0.0,1.0,IT SPA,37.11529,15.268338,201.35
256515000,14,HISTRIA GEMMA,2026-04-12 12:46:08,2026-04-12 14:35:00,103,0.0,0.0,1.0,ITSPA,37.113407,15.263402,108.86666666666666
311000451,18,SYDNEY SPIRIT,2026-04-12 16:03:21,2026-04-12 17:45:49,97,0.0,0.0,0.6701030927835051,ITSPA,37.115985,15.267087,102.46666666666667
247382800,8,SANTA PANAGIA,2026-04-12 16:05:23,2026-04-12 17:30:37,85,0.1,0.0,0.5764705882352941,S.PANAGIA,37.116762,15.267577,85.23333333333333
256515000,18,,2026-04-12 16:15:31,2026-04-12 17:10:20,46,0.0,0.0,1.0,,37.113417,15.263387,54.81666666666667
247432850,31,TONNADO,2026-04-14 23:27:33,2026-04-15 00:34:28,67,0.0,0.0,1.0,,37.112117,15.249918,66.91666666666667
247432850,35,TONNADO,2026-04-15 04:13:24,2026-04-15 04:57:00,40,0.0,0.0,1.0,,37.112108,15.249902,43.6
247209600,10,DURO,2026-04-15 12:13:17,2026-04-16 07:13:22,1113,0.0,0.0,0.9829290206648698,ITSP,37.11279,15.252592,1140.0833333333333
247428600,66,ORTIGIA,2026-04-15 12:14:18,2026-04-15 18:29:58,364,0.0,0.0,0.9313186813186813,AUGUSTA,37.112808,15.252483,375.6666666666667
538003678,6,STRENGTH,2026-04-15 12:16:20,2026-04-16 12:43:53,1447,0.1,0.0,0.9695922598479613,ITAUG>ITSPA,37.126667,15.26795,1467.55
247432850,42,TONNADO,2026-04-15 12:33:35,2026-04-15 13:13:11,39,0.0,0.0,1.0,,37.112132,15.249915,39.6
538005496,6,ECO CHIOS,2026-04-15 12:35:37,2026-04-15 18:28:58,344,0.4,0.1,0.6453488372093024,IT SPA,37.1209895,15.260173,353.35
311000231,8,ANTARES,2026-04-15 12:36:38,2026-04-16 12:43:53,1427,0.3,0.0,0.8535388927820603,IT SPA,37.13393,15.269443,1447.25
256515000,20,HISTRIA GEMMA,2026-04-15 13:21:18,2026-04-16 12:43:53,1382,0.2,0.0,0.9645441389290883,ITSPA,37.131753,15.2600075,1402.5833333333333
215498000,2,MED CANARY,2026-04-15 13:52:46,2026-04-16 12:43:53,1352,0.1,0.0,0.9681952662721893,ITSPA,37.1256575,15.255497,1371.1166666666666
311000451,19,SYDNEY SPIRIT,2026-04-15 14:06:59,2026-04-16 12:43:53,1338,0.0,0.0,0.9544095665171899,ITSPA,37.123805,15.2785,1356.9
247432850,44,TONNADO,2026-04-15 14:16:07,2026-04-15 17:26:10,188,0.0,0.0,1.0,,37.11213,15.24991,190.05
538005496,7,ECO CHIOS,2026-04-15 19:22:36,2026-04-16 12:43:53,1027,0.4,0.1,0.7848101265822784,IT SPA,37.119993,15.26021,1041.2833333333333
247428600,68,ORTIGIA,2026-04-15 19:28:40,2026-04-16 12:43:53,1021,0.0,0.0,1.0,AUGUSTA,37.112798,15.252482,1035.2166666666667
538010211,1,VELOS RUBINI,2026-04-16 01:30:32,2026-04-16 12:43:53,664,0.3,0.0,0.822289156626506,ITSPA,37.137519,15.262615,673.35
247209600,11,DURO,2026-04-16 07:30:37,2026-04-16 12:43:53,309,0.1,0.0,1.0,ITSP,37.112793,15.252595,313.26666666666665
