mmsi,rows,start,end,name,span_h
205481000,2992,2026-04-05 02:37:49,2026-04-12 11:26:29,BELLE L'ADRIATIQUE,176.8111111111111
209550000,816,2026-04-10 02:02:39,2026-04-10 20:56:48,AMERICA,18.9025
209819000,27,2026-04-06 13:29:53,2026-04-06 14:06:22,,0.6080555555555556
210515000,5983,2026-04-09 13:28:54,2026-04-16 12:43:53,SOLVIK,167.24972222222223
210627000,1875,2026-04-04 04:14:27,2026-04-16 12:43:53,MOLVIK,296.49055555555555
210688000,2011,2026-04-07 01:27:31,2026-04-16 12:43:53,AMAZONITH,227.27277777777778
211108000,75,2026-04-13 20:11:42,2026-04-13 21:41:55,BRUSSELS EXPRESS,1.503611111111111
211131900,3385,2026-04-04 15:13:13,2026-04-16 07:25:33,SOLIDAIRE,280.2055555555556
211300760,1419,2026-04-03 12:29:05,2026-04-16 07:22:30,HUMANITY 1,306.8902777777778
211466980,280,2026-04-11 12:00:14,2026-04-12 08:03:42,MATARIS,20.057777777777776
211505880,3309,2026-04-07 10:53:41,2026-04-12 20:35:02,BODAN,129.68916666666667
211577730,87,2026-04-08 09:58:56,2026-04-08 12:51:30,ELIXIR ONE,2.8761111111111113
211687760,729,2026-04-07 10:27:18,2026-04-09 09:36:30,SASQUATCH,47.153333333333336
211737600,107,2026-04-16 04:19:52,2026-04-16 06:07:25,SY ALOHA KALA 2,1.7925
212690000,10,2026-04-16 12:17:30,2026-04-16 12:26:38,,0.15222222222222223
215000315,12,2026-04-05 10:37:35,2026-04-05 10:48:43,,0.18555555555555556
215000954,42,2026-04-15 15:29:25,2026-04-15 16:11:05,VIVIANA,0.6944444444444444
215035000,402,2026-04-10 19:14:09,2026-04-11 03:33:48,VALVERDE,8.3275
215054000,4217,2026-04-07 12:35:05,2026-04-16 12:43:53,VALTELLINA,216.14666666666668
215176000,150,2026-04-05 11:20:07,2026-04-16 12:43:53,GABRIEL A,265.3961111111111
215178000,183,2026-04-07 16:48:29,2026-04-07 20:49:59,MURRAY STAR,4.025
215224000,16,2026-04-06 13:33:56,2026-04-06 13:49:09,,0.2536111111111111
215232000,11249,2026-04-03 10:51:45,2026-04-16 12:43:53,SEA BUFFALO,313.8688888888889
215270000,62,2026-04-08 22:51:29,2026-04-09 00:05:31,RED OPAL,1.2338888888888888
215282000,135,2026-04-12 08:11:54,2026-04-12 12:08:25,APNOIA,3.9419444444444443
215345000,45,2026-04-16 06:46:59,2026-04-16 09:51:17,,3.0716666666666668
215402000,2424,2026-04-03 10:42:38,2026-04-06 15:53:56,MED EMRE,77.18833333333333
215418000,321,2026-04-07 20:27:39,2026-04-08 05:05:27,JEAN PIERRE A,8.63
215481000,439,2026-04-05 08:05:42,2026-04-13 00:33:04,FT NERVI,184.4561111111111
215498000,4452,2026-04-12 05:20:56,2026-04-16 12:43:53,MED CANARY,103.3825
215544000,320,2026-04-11 02:30:54,2026-04-11 09:06:01,SEATRIBUTE,6.585277777777778
215691000,943,2026-04-11 14:25:27,2026-04-12 07:50:22,BLUE BIRD,17.415277777777778
215767000,544,2026-04-05 01:46:11,2026-04-05 21:36:21,EUROPA,19.836111111111112
215791000,205,2026-04-08 16:33:20,2026-04-08 20:18:24,SEAGULL MRD,3.7511111111111113
215825000,37,2026-04-11 11:37:56,2026-04-11 12:27:37,,0.8280555555555555
215826000,183,2026-04-03 15:23:31,2026-04-03 20:17:18,YM VENUS,4.896388888888889
215843000,21,2026-04-13 06:51:16,2026-04-13 07:31:49,,0.6758333333333333
215867000,1318,2026-04-06 14:28:41,2026-04-10 01:10:48,IVYAN,82.70194444444445
215872000,1416,2026-04-03 10:42:38,2026-04-04 10:50:43,IEVOLI STAR,24.134722222222223
215909000,9838,2026-04-04 07:00:37,2026-04-15 06:23:12,SB AVANTEA,263.37638888888887
215910000,1939,2026-04-13 12:16:54,2026-04-16 04:58:25,CLOTILDE,64.69194444444445
215937000,662,2026-04-05 04:11:56,2026-04-06 05:46:05,YM EARTH,25.569166666666668
215958000,2337,2026-04-13 16:54:22,2026-04-16 12:43:53,HISTRIA PERLA,67.82527777777777
215993000,325,2026-04-08 14:12:53,2026-04-08 20:04:13,USICHEM,5.855555555555555
218027640,492,2026-04-12 08:03:42,2026-04-16 12:43:53,BELLISSIMA,100.66972222222222
219028212,876,2026-04-11 16:34:48,2026-04-12 11:28:32,ALONDRA,18.895555555555557
219029025,150,2026-04-03 10:42:38,2026-04-03 13:22:50,TORM KRISTINA,2.67
219031822,2216,2026-04-09 07:23:32,2026-04-10 20:53:45,C-INSTALLER,37.50361111111111
219110000,411,2026-04-10 16:31:21,2026-04-11 10:06:56,VAYENGA MAERSK,17.593055555555555
219133000,277,2026-04-13 10:41:30,2026-04-13 15:28:00,VUOKSI MAERSK,4.775
219210000,342,2026-04-09 23:56:39,2026-04-10 05:43:26,MAERSK ESSEN,5.779722222222222
219225000,31,2026-04-06 22:51:24,2026-04-06 23:21:49,,0.5069444444444444
219278000,452,2026-04-10 14:59:40,2026-04-11 07:09:13,HULDA MAERSK,16.159166666666668
219303000,81,2026-04-04 13:02:28,2026-04-04 14:23:33,TORM SPLENDID,1.351388888888889
219432000,3412,2026-04-03 10:42:38,2026-04-16 12:43:53,TASING SWAN,314.0208333333333
219544000,115,2026-04-13 12:46:20,2026-04-13 20:39:04,MARIANNE DANICA,7.878888888888889
219550000,210,2026-04-08 12:55:34,2026-04-08 16:28:15,ICELAND BULKER,3.544722222222222
219608000,334,2026-04-09 23:53:36,2026-04-10 06:55:39,ASTRID MAERSK,7.034166666666667
220291000,539,2026-04-12 00:25:31,2026-04-12 12:07:24,LARS MAERSK,11.698055555555555
220530000,5195,2026-04-03 19:49:57,2026-04-07 13:53:26,KIRSTEN MAERSK,90.05805555555555
224069840,1070,2026-04-04 13:05:30,2026-04-16 12:43:53,AITA MARI,287.63972222222225
224129000,133,2026-04-05 09:56:04,2026-04-13 04:09:49,VIVER ATUN UNO,186.22916666666666
226247000,3573,2026-04-03 10:42:38,2026-04-16 05:34:56,F/V J.M.CHRISTIAN 6,306.87166666666667
227584860,899,2026-04-04 10:45:39,2026-04-13 15:16:49,TY RANDO,220.51944444444445
227821620,23,2026-04-07 19:44:02,2026-04-08 01:06:42,,5.377777777777778
227851960,319,2026-04-15 13:20:17,2026-04-16 08:11:13,TEVARA,18.84888888888889
227891760,764,2026-04-07 14:09:44,2026-04-09 17:19:19,CAMETILOU,51.15972222222222
227904460,3813,2026-04-06 14:01:18,2026-04-10 16:05:52,VIRILUS 2,98.07611111111112
227999901,10,2026-04-11 20:35:03,2026-04-11 20:44:15,,0.15333333333333332
228118550,106,2026-04-15 14:19:10,2026-04-15 16:05:59,MER NOIRE,1.7802777777777778
228146520,326,2026-04-07 12:59:27,2026-04-09 09:05:03,KERYLOS,44.093333333333334
228181320,32,2026-04-10 08:29:17,2026-04-10 09:31:22,,1.0347222222222223
228294730,28,2026-04-13 15:22:55,2026-04-13 17:02:29,,1.6594444444444445
228391700,69,2026-04-05 11:25:11,2026-04-05 12:34:04,LNG ADVENTURE,1.1480555555555556
228440900,192,2026-04-09 03:02:55,2026-04-09 07:27:36,RAVENNA KNUTSEN,4.411388888888889
228481700,443,2026-04-10 16:30:20,2026-04-11 07:39:42,AMARYLLIS KNUTSEN,15.15611111111111
229094000,210,2026-04-10 00:06:48,2026-04-10 05:10:53,MINERVA PISCES,5.0680555555555555
229199000,133,2026-04-12 09:48:16,2026-04-13 12:07:45,DENSA CHEETAH,26.32472222222222
229273000,132,2026-04-09 10:20:09,2026-04-10 03:37:19,SEAPROMISE,17.28611111111111
229290000,54,2026-04-06 15:21:27,2026-04-06 16:15:15,,0.8966666666666666
229331000,630,2026-04-11 13:48:50,2026-04-12 02:36:42,CMA CGM DON PASCUALE,12.797777777777778
229370000,3659,2026-04-05 07:59:38,2026-04-08 17:35:18,YM MIRANDA,81.59444444444445
229412000,389,2026-04-11 11:34:54,2026-04-11 18:09:28,CASTILLO DE PAMBRE,6.5761111111111115
229454000,22,2026-04-12 09:31:55,2026-04-12 09:54:24,,0.37472222222222223
229456000,559,2026-04-03 12:02:43,2026-04-05 11:15:03,AMBER BEE,47.205555555555556
229471000,387,2026-04-05 06:55:51,2026-04-11 07:01:05,CORCOVADO LNG,144.0872222222222
229548000,539,2026-04-10 03:15:56,2026-04-10 21:53:43,VALENCE,18.629722222222224
229603000,138,2026-04-07 07:47:49,2026-04-07 17:38:17,KIRAN ISTANBUL,9.841111111111111
229648000,144,2026-04-09 22:10:05,2026-04-10 00:57:36,LEONIDIO,2.7919444444444443
229705000,319,2026-04-09 01:17:33,2026-04-09 07:01:12,CMA CGM MARLIN,5.7275
229842000,569,2026-04-07 14:09:44,2026-04-10 23:06:53,CMA CGM BARRACUDA,80.9525
229911000,21,2026-04-09 11:54:31,2026-04-09 12:14:49,,0.3383333333333333
229939000,98,2026-04-06 08:44:51,2026-04-06 12:59:28,SEA LEADER,4.243611111111111
229982000,45,2026-04-13 16:11:42,2026-04-13 17:07:34,,0.9311111111111111
230723000,430,2026-04-08 11:27:09,2026-04-08 19:11:33,NORDIS,7.74
230941700,19,2026-04-16 12:17:30,2026-04-16 12:35:46,,0.30444444444444446
232012490,92,2026-04-09 20:45:56,2026-04-09 22:31:23,BERGE SNAEFELL,1.7575
232012788,733,2026-04-11 21:20:59,2026-04-12 14:24:51,ENERGY TRIUMPH,17.064444444444444
232016141,20,2026-04-12 15:05:30,2026-04-12 15:24:47,,0.3213888888888889
232017125,584,2026-04-09 22:04:00,2026-04-16 01:09:14,LILY PG,147.0872222222222
232025072,364,2026-04-06 00:24:32,2026-04-06 08:32:40,ANGLO CYNOSURE,8.135555555555555
232026551,322,2026-04-10 18:50:47,2026-04-11 00:16:57,SPIRIT OF ADVENTURE,5.436111111111111
232051710,44,2026-04-09 11:22:04,2026-04-09 12:05:41,OCEAN BAY,0.7269444444444444
232054124,30,2026-04-10 15:05:47,2026-04-10 15:35:18,,0.49194444444444446
232054490,168,2026-04-09 13:04:33,2026-04-11 09:38:31,SIRA,44.56611111111111
232056058,25,2026-04-12 17:19:27,2026-04-12 17:43:48,,0.4058333333333333
232057630,11,2026-04-05 11:52:32,2026-04-05 12:02:40,,0.1688888888888889
232058390,115,2026-04-12 10:12:50,2026-04-12 12:11:29,SAFANIYAH,1.9775
232058998,296,2026-04-10 02:13:50,2026-04-10 17:32:29,FURE VANGUARD,15.310833333333333
232060253,79,2026-04-11 06:16:20,2026-04-11 07:35:38,ESTATE,1.3216666666666668
232061535,862,2026-04-11 16:34:48,2026-04-12 07:17:35,CMA CGM QUEST,14.713055555555556
232062004,943,2026-04-10 17:23:19,2026-04-12 09:27:48,JILL C,40.07472222222222
232063279,540,2026-04-11 13:41:43,2026-04-12 01:39:45,OM BORNEO,11.967222222222222
232065370,388,2026-04-05 01:35:03,2026-04-06 09:35:36,NAZOO,32.009166666666665
235010170,271,2026-04-05 11:49:30,2026-04-05 17:04:43,SIDER AMY,5.253611111111111
235028611,13,2026-04-11 13:11:15,2026-04-11 13:23:26,,0.20305555555555554
235051011,1024,2026-04-12 08:13:57,2026-04-16 11:05:24,MISS ELLE,98.8575
235076283,78,2026-04-09 11:34:15,2026-04-10 17:09:03,,29.58
235094625,79,2026-04-11 06:25:30,2026-04-11 15:44:53,,9.323055555555555
235098095,1747,2026-04-03 10:42:38,2026-04-06 13:21:46,MOONDANCE,74.65222222222222
236622000,322,2026-04-12 02:11:16,2026-04-12 08:10:53,CONSTANCE,5.993611111111111
236623000,1053,2026-04-11 14:05:07,2026-04-12 12:26:47,IVER BLESSING,22.36111111111111
238019000,10,2026-04-07 08:41:39,2026-04-07 08:50:48,,0.1525
238066000,258,2026-04-11 20:36:05,2026-04-12 07:27:50,IDASSA,10.8625
240544000,271,2026-04-07 02:00:58,2026-04-10 09:58:50,SEAVEN GLORY,79.96444444444444
240633000,658,2026-04-11 16:40:54,2026-04-12 11:50:01,AEGEAN HARMONY,19.151944444444446
240715000,65,2026-04-10 08:49:38,2026-04-10 14:58:39,,6.150277777777778
240788000,261,2026-04-03 10:42:38,2026-04-03 15:06:17,MINERVA JOANNA,4.394166666666667
240837000,234,2026-04-08 02:58:30,2026-04-08 08:30:31,MARAN PLATO,5.533611111111111
240878000,40,2026-04-06 21:32:19,2026-04-06 22:11:51,APOLYTARES,0.6588888888888889
240893000,5251,2026-04-03 10:42:38,2026-04-07 12:12:46,MARAN PYTHIA,97.50222222222222
240894000,186,2026-04-13 19:12:58,2026-04-13 23:09:45,MARAN PENELOPE,3.946388888888889
240942000,4183,2026-04-05 12:50:16,2026-04-08 22:40:19,KRITI JADE,81.83416666666666
240959000,270,2026-04-09 23:00:49,2026-04-10 05:36:19,MARAN POSEIDON,6.591666666666667
241199000,139,2026-04-10 17:17:12,2026-04-11 13:57:59,MILITOS,20.67972222222222
241287000,313,2026-04-04 22:46:55,2026-04-13 23:24:04,MARAN GAS DELPHI,216.61916666666667
241298000,97,2026-04-08 20:59:56,2026-04-08 22:41:20,NEPTUNE GALENE,1.69
241618000,421,2026-04-10 02:46:25,2026-04-10 14:44:24,SEA PANTHER,11.966388888888888
241689000,506,2026-04-10 07:00:44,2026-04-11 00:46:24,MINERVA KALLISTO,17.761111111111113
241745000,148,2026-04-08 15:14:58,2026-04-08 21:43:32,MARAN GAS ITHACA,6.476111111111111
241751000,76,2026-04-06 13:59:17,2026-04-06 15:30:35,KRITI ADMIRAL,1.5216666666666667
241766000,468,2026-04-07 03:14:59,2026-04-07 17:27:07,TENERGY,14.202222222222222
241800000,33,2026-04-06 15:32:37,2026-04-06 16:08:09,,0.5922222222222222
241816000,153,2026-04-07 15:37:20,2026-04-08 00:02:43,,8.423055555555555
241859000,238,2026-04-08 09:53:51,2026-04-08 13:59:39,NEPTUNE THALASSA,4.096666666666667
241907000,378,2026-04-06 00:41:47,2026-04-06 07:40:54,MARANGAS KASTELORIZO,6.985277777777778
241929000,407,2026-04-12 04:05:21,2026-04-12 12:25:45,SAMPATIKI,8.34
241931000,10,2026-04-12 07:56:31,2026-04-12 08:05:45,,0.15388888888888888
241934000,44,2026-04-13 13:21:56,2026-04-13 14:12:48,,0.8477777777777777
241935000,340,2026-04-07 13:06:35,2026-04-08 00:53:30,SEA MOON,11.781944444444445
241953000,202,2026-04-09 09:30:25,2026-04-10 03:43:25,SEAVEN CREST,18.216666666666665
242494400,87,2026-04-09 21:54:52,2026-04-10 00:01:44,CMA CGM SAHARA,2.1144444444444446
244002044,778,2026-04-10 09:33:24,2026-04-11 08:40:38,NINGYO NUI,23.120555555555555
244060083,779,2026-04-11 20:09:33,2026-04-12 17:09:19,EGBERT WAGENBORG,20.996111111111112
244090800,198,2026-04-03 19:48:56,2026-04-03 23:08:29,MALTA CEMENT,3.325833333333333
244142000,406,2026-04-10 07:40:26,2026-04-10 21:36:26,DIAMANTGRACHT,13.933333333333334
244650331,110,2026-04-08 13:44:23,2026-04-08 15:43:29,,1.985
244662000,219,2026-04-12 08:28:18,2026-04-12 12:57:20,FILIA ARIEA,4.483888888888889
244781000,208,2026-04-10 19:34:28,2026-04-10 23:37:22,WAALVLIET,4.048333333333333
244865000,79,2026-04-05 14:40:43,2026-04-05 15:59:48,VELSERDIJK,1.3180555555555555
245017000,449,2026-04-09 22:24:17,2026-04-10 07:52:39,EEMS TRANSPORTER,9.472777777777777
245278000,612,2026-04-11 14:08:10,2026-04-12 00:30:37,EEMSBORG,10.374166666666667
245302000,56,2026-04-15 08:39:09,2026-04-15 09:47:08,,1.1330555555555555
245388000,141,2026-04-08 00:50:27,2026-04-08 16:46:33,VERTOM RIAN,15.935
246452000,39,2026-04-15 03:32:51,2026-04-15 05:04:06,,1.5208333333333333
246503000,768,2026-04-10 08:37:25,2026-04-12 10:56:49,SEA EVERTSEN,50.32333333333333
246518000,607,2026-04-07 00:59:08,2026-04-07 11:13:57,DEO VOLENTE,10.246944444444445
246629000,735,2026-04-11 22:54:51,2026-04-12 15:04:29,AMELAND,16.160555555555554
246651000,2597,2026-04-05 13:31:49,2026-04-07 19:20:42,POLAR ROCK,53.81472222222222
246655000,45,2026-04-13 20:50:13,2026-04-13 22:37:35,,1.7894444444444444
246802000,386,2026-04-10 02:03:40,2026-04-10 17:21:17,,15.293611111111112
246962000,251,2026-04-07 13:50:22,2026-04-07 22:30:17,ACTA HERCULES,8.665277777777778
247018700,201,2026-04-07 03:56:33,2026-04-07 14:38:16,GRANDE SCANDINAVIA,10.695277777777777
247038330,148,2026-04-04 09:07:18,2026-04-11 07:23:26,O'SARRACINO,166.26888888888888
247045300,15108,2026-04-03 10:42:38,2026-04-15 08:27:59,SIBLLA,285.7558333333333
247046400,150,2026-04-14 23:32:37,2026-04-16 07:18:27,,31.76388888888889
247047710,567,2026-04-03 14:59:11,2026-04-11 01:29:01,CARMELO PADRE I,178.49722222222223
247055200,8368,2026-04-03 10:42:38,2026-04-10 02:03:40,F.LLI FAZIO,159.35055555555556
247062310,215,2026-04-08 05:02:24,2026-04-08 08:39:40,MARIA VERONICA,3.621111111111111
247062400,437,2026-04-09 16:01:11,2026-04-11 06:34:39,MARITEA,38.55777777777778
247065200,323,2026-04-11 11:53:09,2026-04-11 17:20:38,ATLANTE,5.458055555555555
247069600,389,2026-04-10 14:47:27,2026-04-11 03:14:32,LUCA IEVOLI,12.45138888888889
247077700,1157,2026-04-07 08:33:31,2026-04-16 12:43:53,PUNTA AZZURRA,220.17277777777778
247080200,123,2026-04-05 18:53:11,2026-04-12 10:00:33,GRANDE NAPOLI,159.12277777777777
247095300,812,2026-04-05 08:05:42,2026-04-06 12:02:41,SYN ACRAB,27.94972222222222
247098200,67,2026-04-12 04:08:25,2026-04-12 05:34:14,,1.4302777777777778
247100900,8729,2026-04-03 10:42:38,2026-04-16 12:43:53,SEBASTIANO,314.0208333333333
247101700,221,2026-04-05 05:55:09,2026-04-12 08:35:29,TORRE AVOLOS,170.67222222222222
247104400,279,2026-04-05 10:01:07,2026-04-05 14:43:45,GIULIA IEVOLI,4.710555555555556
247104500,80,2026-04-07 06:58:07,2026-04-07 08:18:17,DIEGO,1.336111111111111
247114600,1842,2026-04-08 08:41:42,2026-04-16 09:52:18,PUNTA ROSSA,193.17666666666668
247121440,353,2026-04-08 15:23:07,2026-04-11 22:37:32,NUOVA ANTARES,79.24027777777778
247130860,50,2026-04-11 20:58:32,2026-04-11 21:48:34,,0.8338888888888889
247131100,10411,2026-04-07 21:52:45,2026-04-16 12:43:53,LIONE,206.85222222222222
247138600,32,2026-04-10 12:59:38,2026-04-11 09:37:30,,20.63111111111111
247140560,10,2026-04-11 07:11:15,2026-04-11 07:20:24,,0.1525
247141630,713,2026-04-07 06:39:52,2026-04-09 10:09:59,GIUSEPPE PADRE I,51.50194444444445
247142160,1035,2026-04-07 22:25:12,2026-04-10 16:11:58,PEGASO,65.77944444444445
247144130,10915,2026-04-03 22:26:58,2026-04-16 08:56:30,VALERIA,298.4922222222222
247144750,241,2026-04-04 01:43:29,2026-04-12 01:43:49,MARIA LUCIA,192.00555555555556
247147120,113,2026-04-07 14:38:16,2026-04-11 23:03:00,MP STELLA MARINA,104.41222222222223
247149100,10,2026-04-10 17:12:07,2026-04-10 17:21:17,,0.1527777777777778
247149640,1542,2026-04-07 19:29:50,2026-04-10 17:12:07,ROSARIO PADRE,69.70472222222222
247153450,28,2026-04-10 13:47:25,2026-04-10 14:14:53,ALBA CHIARA,0.4577777777777778
247155040,924,2026-04-07 09:27:23,2026-04-15 21:15:01,VITTORIA PRIMA,203.7938888888889
247155180,118,2026-04-08 13:45:24,2026-04-09 06:51:02,,17.093888888888888
247155500,16924,2026-04-03 10:42:38,2026-04-16 12:43:53,VF R01,314.0208333333333
247160430,279,2026-04-09 09:25:20,2026-04-13 09:04:06,NICOLA PADRE,95.64611111111111
247161630,194,2026-04-03 16:35:29,2026-04-13 16:20:50,NINNOLO,239.75583333333333
247164180,410,2026-04-08 16:40:27,2026-04-15 19:01:21,GIOVANNI E TOMMASO,170.34833333333333
247164230,468,2026-04-07 10:30:21,2026-04-11 10:19:06,STUBBORN,95.8125
247176900,368,2026-04-10 10:06:58,2026-04-13 14:08:44,SUPERGABBIANO SETTE,76.02944444444445
247180800,10,2026-04-07 08:49:47,2026-04-07 08:58:56,,0.1525
247187200,7096,2026-04-03 18:43:06,2026-04-16 10:19:42,CAPO MOLINI,303.61
247190400,8573,2026-04-03 10:42:38,2026-04-16 12:43:53,DANTE A,314.0208333333333
247209600,15699,2026-04-03 10:42:38,2026-04-16 12:43:53,DURO,314.0208333333333
247217500,11,2026-04-10 15:43:27,2026-04-10 15:53:38,,0.16972222222222222
247219700,9173,2026-04-03 17:21:05,2026-04-10 16:15:02,RINELLA M,166.89916666666667
247222650,244,2026-04-08 11:10:56,2026-04-11 14:13:15,SARACENA   I,75.03861111111111
247223640,336,2026-04-11 07:52:54,2026-04-12 12:05:21,TETTA,28.2075
247231200,221,2026-04-06 10:12:09,2026-04-06 15:54:57,SYN ZANIA,5.713333333333333
247241800,4172,2026-04-03 10:42:38,2026-04-16 12:43:53,EUROCARGO PALERMO,314.0208333333333
247243700,7656,2026-04-09 07:55:01,2026-04-15 22:58:25,IEVOLI FAST,159.05666666666667
247266600,113,2026-04-09 00:57:15,2026-04-09 06:00:18,,5.050833333333333
247268300,8617,2026-04-04 04:57:00,2026-04-16 12:43:53,BRAVO,295.7813888888889
247271400,93,2026-04-09 12:32:04,2026-04-12 11:55:08,MAGNIFICA,71.38444444444444
247278300,7879,2026-04-03 10:42:38,2026-04-16 12:43:53,CAPO PASSERO,314.0208333333333
247282260,193,2026-04-03 10:47:42,2026-04-03 14:04:24,GIOVANNI JUNIOR,3.2783333333333333
247282600,401,2026-04-16 05:57:16,2026-04-16 12:43:53,ODOARDO AMORETTI,6.776944444444444
247282900,37,2026-04-08 11:17:01,2026-04-08 12:13:53,,0.9477777777777778
247286900,159,2026-04-10 05:11:54,2026-04-10 10:25:17,SDS RED,5.223055555555556
247296500,4279,2026-04-05 04:43:18,2026-04-12 02:45:51,EUROCARGO ALEXANDRIA,166.0425
247298300,13620,2026-04-03 10:47:42,2026-04-16 12:43:53,KORAL,313.93638888888887
247300130,198,2026-04-11 06:14:18,2026-04-11 09:34:27,S.LUCIA,3.3358333333333334
247305000,37,2026-04-12 08:47:48,2026-04-12 12:02:17,,3.241388888888889
247305480,31,2026-04-06 05:20:42,2026-04-16 06:58:09,COLOMBA III,241.62416666666667
247306670,15,2026-04-10 20:26:18,2026-04-10 20:40:32,BESCIRA 3SR1048,0.23722222222222222
247308610,331,2026-04-11 11:30:52,2026-04-12 11:52:04,BLUETTE,24.35333333333333
247310200,238,2026-04-08 08:23:24,2026-04-08 14:07:47,CDRY BLACK,5.739722222222222
247313600,330,2026-04-09 01:47:58,2026-04-09 08:22:25,MARMED,6.574166666666667
247319800,6752,2026-04-04 04:27:37,2026-04-15 18:10:44,EUROCARGO LIVORNO,277.7186111111111
247324600,119,2026-04-08 02:59:31,2026-04-12 10:57:50,,103.97194444444445
247324900,1227,2026-04-05 02:35:48,2026-04-13 00:12:49,SALINA M,189.61694444444444
247326280,337,2026-04-06 07:21:35,2026-04-06 13:02:31,ENGI,5.682222222222222
247327290,138,2026-04-07 13:02:30,2026-04-12 12:46:08,LOLI FAST,119.72722222222222
247327630,116,2026-04-04 15:16:15,2026-04-05 09:07:27,DOUBLE TROUBLE,17.85333333333333
247327940,259,2026-04-06 14:47:57,2026-04-07 15:02:44,SKIN SOLO SAILOR,24.246388888888887
247333600,1844,2026-04-13 07:21:41,2026-04-16 12:43:53,TAORMINA,77.37
247343900,8768,2026-04-03 10:42:38,2026-04-16 12:43:53,CAPO BOEO,314.0208333333333
247344900,56,2026-04-11 14:15:17,2026-04-11 15:49:58,,1.5780555555555555
247349400,16920,2026-04-03 10:42:38,2026-04-16 12:43:53,ANTONIO MEUCCI,314.0208333333333
247351700,7031,2026-04-03 12:14:53,2026-04-16 12:43:53,GABBIANO,312.48333333333335
247355500,8428,2026-04-04 00:46:44,2026-04-13 19:24:07,DOMENICO IEVOLI,234.62305555555557
247362500,8033,2026-04-03 10:42:38,2026-04-16 12:43:53,AUGUSTA III,314.0208333333333
247366340,40,2026-04-11 09:15:10,2026-04-11 13:45:47,LUANDA,4.510277777777778
247366590,31,2026-04-08 08:45:46,2026-04-10 14:40:20,,53.909444444444446
247381300,10958,2026-04-03 10:42:38,2026-04-16 12:43:53,MACISTONE,314.0208333333333
247382800,4078,2026-04-05 04:56:28,2026-04-16 09:36:04,SANTA PANAGIA,268.66
247383400,7174,2026-04-06 22:44:18,2026-04-12 00:09:14,ECO BARCELONA,121.41555555555556
247385800,453,2026-04-10 16:59:53,2026-04-11 00:57:34,PANAREA M,7.961388888888889
247386420,30,2026-04-11 21:17:55,2026-04-11 22:03:52,AISLING,0.7658333333333334
247387600,14,2026-04-08 00:29:07,2026-04-08 00:42:20,,0.22027777777777777
247392600,244,2026-04-07 09:52:47,2026-04-07 14:39:17,GNV ALLEGRA,4.775
247392700,49,2026-04-12 14:50:15,2026-04-12 15:42:03,,0.8633333333333333
247407900,2042,2026-04-04 05:45:38,2026-04-16 09:59:24,SPAZZAMARE II,292.2294444444444
247408700,15146,2026-04-03 10:42:38,2026-04-16 12:43:53,MERSEY SPIRIT,314.0208333333333
247415100,9296,2026-04-08 16:42:29,2026-04-16 12:43:53,URBANO MONTI,188.02333333333334
247415600,9819,2026-04-05 19:50:58,2026-04-12 22:05:11,PRYSMIAN MONNA LISA,170.23694444444445
247416500,132,2026-04-06 23:14:43,2026-04-07 01:50:50,GRANDE MICHIGAN,2.6019444444444444
247425900,7990,2026-04-04 04:55:59,2026-04-16 12:43:53,CITTA' DI AUGUSTA,295.79833333333335
247426100,9107,2026-04-03 10:42:38,2026-04-16 12:43:53,CITTA' DI SIRACUSA,314.0208333333333
247427400,16918,2026-04-03 10:42:38,2026-04-16 12:43:53,BEPPE,314.0208333333333
247428600,10145,2026-04-03 10:47:42,2026-04-16 12:43:53,ORTIGIA,313.93638888888887
247429100,10,2026-04-11 04:25:34,2026-04-11 04:34:43,,0.1525
247432200,226,2026-04-15 22:15:50,2026-04-16 02:04:00,FENICUSA M,3.8027777777777776
247432850,9378,2026-04-03 14:38:53,2026-04-16 12:39:50,TONNADO,310.0158333333333
247442600,372,2026-04-03 10:42:38,2026-04-03 17:29:11,GAIA BLU,6.775833333333333
247443500,43,2026-04-04 04:05:20,2026-04-12 04:25:46,SUPERGABBIANO DUE,192.34055555555557
247453600,2231,2026-04-03 13:04:34,2026-04-13 23:24:04,ECO NAPOLI,250.325
247473800,207,2026-04-08 08:09:11,2026-04-10 13:03:42,GC B149,52.908611111111114
247483800,383,2026-04-09 10:28:16,2026-04-09 17:11:11,LIPARI M,6.715277777777778
247484800,312,2026-04-15 11:23:35,2026-04-15 16:39:30,JOLLY VERDE,5.2652777777777775
247488900,1132,2026-04-11 04:11:21,2026-04-12 09:29:52,JOLLY CLIVIA,29.308611111111112
247489300,18,2026-04-09 06:30:44,2026-04-09 06:47:59,,0.2875
247507400,30,2026-04-04 07:34:03,2026-04-16 07:01:12,STEM 12 VF S006,287.4525
247516500,112,2026-04-11 13:01:05,2026-04-12 08:00:37,CP 336,18.99222222222222
247530400,1091,2026-04-03 19:30:42,2026-04-11 23:46:49,VALTEVERE,196.2686111111111
248049000,60,2026-04-09 01:09:26,2026-04-09 04:32:02,,3.3766666666666665
248089000,532,2026-04-05 12:26:58,2026-04-07 03:46:25,CAPE SOUNIO,39.32416666666666
248105000,449,2026-04-07 15:49:32,2026-04-08 00:00:41,PIERRE A,8.185833333333333
248159000,502,2026-04-10 02:21:59,2026-04-10 12:47:26,ZAPPHIRE,10.424166666666666
248333000,518,2026-04-06 19:33:46,2026-04-13 23:27:14,SILENDI,171.89111111111112
248422000,366,2026-04-12 06:01:51,2026-04-12 12:15:34,ELBELLA,6.228611111111111
248507000,967,2026-04-11 09:21:15,2026-04-12 21:15:33,YM MERCURY,35.905
248586000,287,2026-04-04 16:34:15,2026-04-04 21:33:02,PGC EIRINI,4.979722222222223
248592000,428,2026-04-07 14:30:07,2026-04-11 21:38:21,FADIQ,103.13722222222222
248716000,25,2026-04-05 12:04:42,2026-04-05 12:29:00,,0.405
248741000,87,2026-04-05 12:58:22,2026-04-06 05:20:42,,16.372222222222224
248912000,446,2026-04-10 01:05:43,2026-04-10 14:48:28,TOSCANA,13.7125
248940000,289,2026-04-12 05:07:39,2026-04-12 12:35:57,SONGA SAPPHIRE,7.471666666666667
248941000,256,2026-04-07 23:25:08,2026-04-08 04:55:18,SONGA RUBY,5.502777777777778
248964000,183,2026-04-12 12:26:47,2026-04-12 17:27:34,SAGA,5.013055555555556
249004000,776,2026-04-11 20:34:02,2026-04-12 12:17:36,ALONDRA,15.726111111111111
249022000,443,2026-04-11 12:39:46,2026-04-11 22:38:33,CHEMICAL SAILOR,9.979722222222222
249087000,1135,2026-04-13 03:10:06,2026-04-13 23:27:14,CMA CGM SALAMANQUE,20.285555555555554
249143000,317,2026-04-11 06:42:47,2026-04-11 20:02:25,NAVIOS MARS,13.327222222222222
249146000,1507,2026-04-03 10:42:38,2026-04-16 12:43:53,EUROCARGO TRIESTE,314.0208333333333
249157000,153,2026-04-08 20:48:47,2026-04-09 00:55:14,CMA CGM ALTAMIRA,4.1075
249162000,111,2026-04-04 15:49:40,2026-04-04 18:31:45,BWEK BEACON,2.701388888888889
249172000,75,2026-04-12 12:07:24,2026-04-13 20:50:13,CMA CGM TOKYO,32.71361111111111
249258000,18,2026-04-12 10:09:46,2026-04-12 10:27:10,,0.29
249272000,130,2026-04-09 15:48:59,2026-04-10 04:09:51,,12.347777777777777
249281000,3433,2026-04-04 15:32:27,2026-04-13 23:24:04,EUROCARGO VALENCIA,223.86027777777778
249376000,191,2026-04-10 16:46:38,2026-04-11 16:21:33,PRINCESS SHAIMAA,23.581944444444446
249384000,302,2026-04-10 02:33:11,2026-04-10 15:27:10,ECOSTAR,12.899722222222222
249414000,428,2026-04-07 16:15:57,2026-04-08 01:54:28,PAOLO,9.641944444444444
249433000,364,2026-04-10 16:06:53,2026-04-11 08:52:49,REMAH,16.765555555555554
249474000,266,2026-04-07 14:30:07,2026-04-08 00:49:26,KINGSTON,10.321944444444444
249475000,1081,2026-04-14 23:27:33,2026-04-16 08:02:05,EMEK-S,32.57555555555555
249596000,44,2026-04-03 19:17:32,2026-04-03 20:01:06,CLIO,0.7261111111111112
249603000,5602,2026-04-03 10:42:38,2026-04-07 10:41:31,ST.GEORGE,95.98138888888889
249611000,212,2026-04-12 08:12:56,2026-04-12 12:42:03,ANTIGUA I,4.485277777777778
249659000,1674,2026-04-13 19:59:32,2026-04-16 12:38:49,LARGO AURORA,64.65472222222222
249689000,2693,2026-04-10 01:49:25,2026-04-12 06:36:38,BC MIKLAGARD,52.786944444444444
249697000,16,2026-04-06 15:39:44,2026-04-06 15:54:57,GREEN HEART,0.2536111111111111
249718000,70,2026-04-06 21:17:08,2026-04-16 12:43:53,,231.44583333333333
249742000,749,2026-04-11 14:16:18,2026-04-12 07:07:21,OBORISHTE,16.850833333333334
249821000,11,2026-04-16 09:22:52,2026-04-16 09:33:01,,0.16916666666666666
249891000,2479,2026-04-06 03:44:18,2026-04-16 11:30:47,CGAS NEPTUNE,247.7747222222222
249895000,88,2026-04-12 09:27:48,2026-04-12 12:20:40,,2.881111111111111
249907000,158,2026-04-07 14:04:39,2026-04-07 23:59:40,SARACENA,9.916944444444445
249955000,877,2026-04-03 10:42:38,2026-04-10 05:42:25,DANICA,162.9963888888889
249962000,223,2026-04-12 06:50:57,2026-04-12 11:59:13,CHEMICAL FIGHTER,5.137777777777778
249969000,2453,2026-04-07 01:41:42,2026-04-13 00:33:04,CGAS VENUS,142.85611111111112
249974000,169,2026-04-07 06:28:42,2026-04-07 09:19:15,DICK RABBIT,2.8425
253000158,167,2026-04-08 10:30:24,2026-04-08 14:06:46,SEA CARYATIS,3.6061111111111113
253000169,4063,2026-04-09 01:14:30,2026-04-11 22:19:11,BRITOIL CONFIDENCE,69.07805555555555
253046000,200,2026-04-10 01:49:25,2026-04-10 07:33:18,DE LAPEROUSE,5.731388888888889
253596000,151,2026-04-12 07:04:16,2026-04-12 13:12:36,GEO OCEAN III,6.138888888888889
255779000,236,2026-04-03 12:26:02,2026-04-04 17:30:59,SIDER LUCK,29.0825
255801270,696,2026-04-05 12:11:47,2026-04-07 02:07:03,CORAL ESSBERGER,37.92111111111111
255804760,220,2026-04-09 10:42:29,2026-04-09 22:54:43,BG BLUE,12.203888888888889
255805572,137,2026-04-05 16:36:19,2026-04-05 19:26:39,JADRANA,2.838888888888889
255805849,435,2026-04-08 04:42:06,2026-04-08 17:10:56,ULANGA,12.480555555555556
255805866,263,2026-04-10 01:04:42,2026-04-10 06:59:43,MSC ELMA,5.916944444444445
255805951,540,2026-04-06 01:30:25,2026-04-06 11:42:26,INDI,10.200277777777778
255805968,821,2026-04-08 11:58:38,2026-04-11 18:18:37,MSC LUNA F,78.33305555555556
255805969,76,2026-04-07 08:39:37,2026-04-16 09:33:01,MSC NINA F,216.89
255806044,116,2026-04-06 16:19:19,2026-04-06 21:35:22,BREB COURTESY,5.2675
255806054,131,2026-04-08 15:17:00,2026-04-08 20:37:39,RITA,5.344166666666666
255806244,629,2026-04-12 03:22:32,2026-04-12 14:23:50,OPPLAND,11.021666666666667
255806346,328,2026-04-11 05:07:13,2026-04-11 10:45:24,PANTONIO,5.636388888888889
255806427,287,2026-04-08 05:28:44,2026-04-08 10:19:15,MAYAR,4.841944444444445
255806430,68,2026-04-07 14:47:27,2026-04-07 16:40:21,,1.8816666666666666
255915589,548,2026-04-07 12:53:21,2026-04-08 11:33:15,BOCHEM HOUSTON,22.665
255915591,253,2026-04-10 06:38:21,2026-04-10 17:38:35,JOANNA BORCHARD,11.00388888888889
255915592,114,2026-04-07 07:49:51,2026-04-07 09:50:45,RACHEL BORCHARD,2.015
255915609,48,2026-04-06 14:55:03,2026-04-06 15:42:46,TRIPLE S,0.7952777777777778
255915616,127,2026-04-03 16:18:15,2026-04-03 18:27:55,MSC LAGOS X,2.161111111111111
255915683,190,2026-04-09 03:28:16,2026-04-09 07:57:03,WES MADITA,4.479722222222223
255915693,197,2026-04-05 02:43:54,2026-04-05 08:03:40,SIDER ONDA,5.329444444444444
255915737,1249,2026-04-03 10:42:38,2026-04-06 06:40:57,GLOBE PEGASUS,67.97194444444445
255915744,193,2026-04-05 09:26:41,2026-04-10 03:34:16,MASTERY D,114.12638888888888
255915759,560,2026-04-11 15:01:05,2026-04-12 10:58:52,WHITE SKY,19.963055555555556
255915781,434,2026-04-12 05:12:46,2026-04-12 14:18:45,CRINIS,9.099722222222223
255915798,487,2026-04-06 16:19:19,2026-04-10 03:51:33,MSC ROSSELLA III,83.53722222222223
255915800,2376,2026-04-13 15:21:54,2026-04-16 12:43:53,ADIYAMAN,69.36638888888889
255915824,19,2026-04-06 16:54:48,2026-04-06 17:13:03,,0.30416666666666664
255915967,238,2026-04-11 02:45:07,2026-04-11 15:34:42,CLARABELLE,12.82638888888889
255916020,16769,2026-04-03 10:42:38,2026-04-16 12:43:53,JAGUAR,314.0208333333333
255916537,305,2026-04-07 00:57:06,2026-04-07 06:38:51,MSC BAHRAIN II,5.695833333333334
255916596,94,2026-04-09 21:34:35,2026-04-09 23:08:56,LODUR,1.5725
255970000,3931,2026-04-11 00:11:53,2026-04-15 00:16:13,SIDER UNICORN,96.07222222222222
256000059,23,2026-04-08 07:18:24,2026-04-08 07:40:45,LE MER,0.3725
256002951,950,2026-04-13 18:41:36,2026-04-15 16:50:39,ETHEREAL,46.15083333333333
256003591,88,2026-04-06 18:26:56,2026-04-06 20:01:07,VIVA MALTA,1.5697222222222222
256004342,202,2026-04-10 15:29:12,2026-04-11 04:28:37,CLOUD 9,12.990277777777777
256004706,13551,2026-04-03 10:45:40,2026-04-16 12:43:53,SELLA MARE,313.97027777777777
256004838,112,2026-04-11 04:25:34,2026-04-11 06:18:23,KX-1,1.8802777777777777
256042000,125,2026-04-10 00:12:54,2026-04-10 02:35:13,EMMA A,2.3719444444444444
256049000,78,2026-04-09 16:08:17,2026-04-09 17:28:27,NEPTUNE THELISIS,1.336111111111111
256070000,487,2026-04-07 20:31:42,2026-04-15 02:06:42,MSC WORLD EUROPA,173.58333333333334
256151000,12,2026-04-09 16:09:18,2026-04-09 16:20:28,,0.18611111111111112
256210000,8923,2026-04-03 11:31:17,2026-04-10 06:51:35,MARVEA,163.33833333333334
256227000,3070,2026-04-13 05:43:23,2026-04-16 12:43:53,NQ ROSA,79.00833333333334
256251000,2456,2026-04-10 19:08:03,2026-04-12 18:17:16,CHEMICAL MARINER,47.15361111111111
256286000,1851,2026-04-05 04:28:07,2026-04-07 15:34:16,HISTRIA IVORY,59.1025
256338000,118,2026-04-03 10:42:38,2026-04-03 12:41:15,MINERVA OCEANIA,1.9769444444444444
256371000,149,2026-04-08 12:38:17,2026-04-08 15:39:25,NOUNOU,3.0188888888888887
256377000,33,2026-04-08 23:51:19,2026-04-09 01:11:27,,1.3355555555555556
256389000,1135,2026-04-05 17:35:08,2026-04-07 23:20:04,EXPLORA I,53.74888888888889
256392000,367,2026-04-07 21:22:25,2026-04-08 03:54:22,QUARTZ,6.5325
256436000,788,2026-04-07 05:56:15,2026-04-12 03:45:58,ARTEMIS,117.82861111111112
256515000,6952,2026-04-09 23:36:20,2026-04-16 12:43:53,HISTRIA GEMMA,157.12583333333333
256525000,445,2026-04-07 13:10:39,2026-04-08 13:36:15,NEW SPIRIT,24.426666666666666
256547000,155,2026-04-10 02:40:18,2026-04-10 07:59:46,STANLEY A,5.3244444444444445
256548000,470,2026-04-10 01:50:26,2026-04-10 17:30:26,CMA CGM PELLEAS,15.666666666666666
256575000,519,2026-04-11 09:56:47,2026-04-12 04:11:29,NEPTUNE HELLAS,18.245
256607000,392,2026-04-15 22:57:24,2026-04-16 05:41:02,ST ELMO,6.727222222222222
256610000,211,2026-04-05 16:25:10,2026-04-05 21:26:14,RED FIN,5.017777777777778
256628000,405,2026-04-10 08:47:36,2026-04-10 17:03:58,TOURLIANI,8.272777777777778
256702000,97,2026-04-09 03:02:55,2026-04-09 05:49:09,,2.7705555555555557
256714000,591,2026-04-07 06:52:02,2026-04-07 20:43:53,MED NORDIC,13.864166666666666
256757000,811,2026-04-11 16:34:48,2026-04-13 09:05:07,HELLAS AVATAR,40.50527777777778
256812000,143,2026-04-05 13:59:10,2026-04-05 16:23:08,VALPIAVE,2.3994444444444443
256823000,543,2026-04-03 15:50:53,2026-04-06 16:26:25,SUPERBA,72.59222222222222
256840000,12,2026-04-05 23:10:35,2026-04-05 23:21:43,,0.18555555555555556
256885000,1124,2026-04-05 02:31:45,2026-04-10 04:45:27,BARBARICA,122.22833333333334
256891000,390,2026-04-08 11:34:15,2026-04-08 18:09:45,AMISOS,6.591666666666667
256981000,84,2026-04-06 12:57:27,2026-04-07 03:09:55,,14.207777777777778
257177000,55,2026-04-13 15:56:28,2026-04-13 17:27:52,,1.5233333333333334
257389000,359,2026-04-06 01:39:33,2026-04-06 08:35:43,CLIPPER EOS,6.936111111111111
257537000,209,2026-04-09 21:12:17,2026-04-10 16:40:31,,19.470555555555556
257824000,166,2026-04-05 22:31:04,2026-04-06 02:58:40,AUTO WAY,4.46
258479000,4563,2026-04-04 17:21:52,2026-04-15 08:42:11,OCEAN VIKING,255.3386111111111
259031220,60,2026-04-07 21:14:18,2026-04-07 22:35:22,SALTO,1.3511111111111112
261004120,299,2026-04-03 15:14:24,2026-04-15 11:04:18,SU TRODDIU,283.83166666666665
261004176,4071,2026-04-07 08:44:42,2026-04-16 12:43:53,ZEFIRO,219.98638888888888
261006055,501,2026-04-10 07:32:17,2026-04-10 16:28:17,BLUE MARINE,8.933333333333334
261037540,392,2026-04-10 08:32:20,2026-04-10 15:42:26,ROYAL,7.168333333333333
263960030,615,2026-04-09 10:42:29,2026-04-11 16:49:03,BELUGA V,54.10944444444444
265770970,267,2026-04-04 07:56:21,2026-04-04 12:43:13,JUST GO,4.7811111111111115
268250604,870,2026-04-11 23:01:59,2026-04-12 17:34:40,LADY LAGUNA,18.544722222222223
268251804,411,2026-04-06 15:46:50,2026-04-06 23:29:56,LADY SHAM,7.718333333333334
268254103,40,2026-04-10 04:14:56,2026-04-10 06:09:52,,1.9155555555555555
268257603,456,2026-04-12 01:57:02,2026-04-12 12:29:50,CANGA STAR,10.546666666666667
268258601,41,2026-04-07 23:49:31,2026-04-08 00:30:08,FAVORIT,0.6769444444444445
268261100,296,2026-04-03 10:42:38,2026-04-09 17:35:33,AT 27,150.88194444444446
269101930,636,2026-04-08 14:59:42,2026-04-11 18:25:44,FLYING SWISS V,75.43388888888889
269119320,388,2026-04-04 13:25:46,2026-04-05 12:17:52,KIND OF MAGIC,22.868333333333332
269121210,249,2026-04-10 05:44:27,2026-04-10 10:21:13,BIG EASY,4.612777777777778
271000677,392,2026-04-11 11:51:07,2026-04-11 19:14:33,VENTO DI MELTEMI,7.390555555555555
271000748,77,2026-04-09 22:37:28,2026-04-10 05:31:14,ARTEMIS SEAWAYS,6.896111111111111
271002571,468,2026-04-12 08:04:43,2026-04-12 18:15:14,SUMELA SEAWAYS,10.175277777777778
271002572,415,2026-04-08 17:00:46,2026-04-12 14:22:49,ZEUGMA SEAWAYS,93.3675
271040948,399,2026-04-06 13:03:32,2026-04-10 22:02:52,GALATA SEAWAYS,104.9888888888889
271042566,72,2026-04-08 06:54:02,2026-04-08 12:16:56,ULUSOY 11,5.381666666666667
271043303,11,2026-04-10 00:11:53,2026-04-10 00:22:03,,0.16944444444444445
271043491,186,2026-04-10 02:13:50,2026-04-10 10:30:22,TIMUCIN A,8.275555555555556
271044383,117,2026-04-09 16:30:37,2026-04-09 22:07:03,GULLUK,5.607222222222222
271044578,62,2026-04-04 13:11:35,2026-04-04 15:04:05,,1.875
271045741,451,2026-04-12 05:28:06,2026-04-12 15:57:16,GULMAR,10.48611111111111
271046486,28,2026-04-09 03:11:01,2026-04-09 03:38:23,,0.45611111111111113
271049994,10,2026-04-16 11:07:25,2026-04-16 11:16:34,,0.1525
271051063,669,2026-04-15 06:55:39,2026-04-15 18:16:49,ULUC KA,11.352777777777778
271051219,6134,2026-04-03 10:55:48,2026-04-13 23:16:54,MED URLA,252.35166666666666
271051982,22,2026-04-05 06:03:14,2026-04-05 06:52:49,,0.8263888888888888
271052065,204,2026-04-05 18:46:05,2026-04-06 00:28:36,DENAK D,5.708611111111111
271052090,743,2026-04-12 01:35:41,2026-04-12 14:37:02,MEHMET IMAMOGLU,13.0225
271052214,231,2026-04-11 16:49:03,2026-04-11 20:46:17,SEYHAN IMAMOGLU,3.953888888888889
271054041,738,2026-04-11 17:12:29,2026-04-12 10:31:16,OGUZ KHAN,17.313055555555554
271056023,511,2026-04-10 02:51:30,2026-04-10 18:44:41,NECATI REIS 2,15.886388888888888
273267690,131,2026-04-10 14:13:52,2026-04-10 17:01:55,ARIA,2.8008333333333333
273271070,282,2026-04-07 12:46:14,2026-04-08 02:21:55,ANTARES,13.594722222222222
273271460,132,2026-04-11 20:52:25,2026-04-12 10:06:41,M.T ASTRA,13.237777777777778
273276260,177,2026-04-07 16:55:35,2026-04-08 10:12:09,VESNA,17.27611111111111
273276660,10,2026-04-05 17:38:11,2026-04-05 17:47:18,,0.15194444444444444
273277260,235,2026-04-08 20:10:18,2026-04-09 04:47:15,KLEVER,8.615833333333333
273277650,30,2026-04-09 20:29:43,2026-04-09 21:38:38,STRATEG,1.148611111111111
273277840,53,2026-04-09 20:56:04,2026-04-09 21:54:52,TRIUMF,0.98
273338780,21,2026-04-06 09:33:34,2026-04-06 09:53:52,,0.3383333333333333
273612270,462,2026-04-10 16:19:06,2026-04-11 15:24:31,TRANSIT TAVAYZA,23.09027777777778
275467000,241,2026-04-12 13:11:35,2026-04-12 19:24:08,EMS COURAGE,6.2091666666666665
275488000,626,2026-04-05 13:03:27,2026-04-07 15:46:29,MOONRAY,50.71722222222222
275497000,482,2026-04-12 07:30:54,2026-04-12 15:51:11,EURICA,8.338055555555556
275559000,248,2026-04-06 06:04:22,2026-04-06 15:58:00,JONGLEUR,9.893888888888888
276870000,20,2026-04-09 10:47:33,2026-04-09 11:06:51,,0.32166666666666666
277334000,55,2026-04-12 05:19:55,2026-04-12 06:15:09,,0.9205555555555556
278001128,24,2026-04-04 14:37:44,2026-04-04 15:01:03,MITO,0.38861111111111113
278002033,5846,2026-04-03 11:30:16,2026-04-09 09:38:32,VITAMINE,142.13777777777779
304204000,124,2026-04-08 14:37:18,2026-04-08 16:42:29,AK ANA,2.086388888888889
304234000,5060,2026-04-03 10:42:38,2026-04-07 19:35:55,DHAN LAXMI,104.88805555555555
304414000,114,2026-04-12 07:04:16,2026-04-12 09:58:30,,2.903888888888889
304427000,393,2026-04-11 23:47:50,2026-04-12 08:16:00,TONY STARK,8.469444444444445
304578000,572,2026-04-11 20:27:55,2026-04-12 10:34:20,GULF ANGEL,14.106944444444444
304610000,334,2026-04-08 09:08:08,2026-04-08 14:48:30,BBC DUBAI,5.672777777777778
304612000,215,2026-04-05 14:17:24,2026-04-05 19:37:48,UTE,5.34
304623000,157,2026-04-07 01:11:18,2026-04-07 04:44:13,KATHERINE BORCHARD,3.548611111111111
304655000,211,2026-04-07 07:48:50,2026-04-07 14:18:55,GULF WIND,6.501388888888889
304669000,529,2026-04-05 23:28:49,2026-04-06 09:41:41,GULF SKY,10.214444444444444
304785000,545,2026-04-07 21:54:47,2026-04-08 10:18:15,ELENA,12.391111111111112
304903000,522,2026-04-09 16:00:10,2026-04-12 00:35:43,BILBAO TRADER,56.5925
304979000,17,2026-04-06 17:15:05,2026-04-06 17:31:18,,0.2702777777777778
305032300,152,2026-04-07 09:21:17,2026-04-07 14:57:38,REK BRAVE,5.605833333333333
305040000,433,2026-04-07 04:46:15,2026-04-07 15:36:19,JASMINE,10.834444444444445
305063000,67,2026-04-09 18:16:03,2026-04-10 03:45:27,,9.49
305159000,38,2026-04-03 13:49:12,2026-04-03 14:28:44,,0.6588888888888889
305177000,352,2026-04-11 14:59:03,2026-04-12 07:32:57,RMS FRATERNITY,16.565
305242000,109,2026-04-03 18:24:53,2026-04-03 20:36:33,,2.1944444444444446
305335000,26,2026-04-06 15:02:10,2026-04-06 15:27:32,,0.42277777777777775
305433000,343,2026-04-04 00:27:29,2026-04-04 06:21:06,CATALINA,5.893611111111111
305559000,452,2026-04-06 21:26:15,2026-04-10 07:13:58,BBC SHANGHAI,81.79527777777778
305690000,550,2026-04-11 14:31:34,2026-04-12 02:42:48,BBC LONDON,12.187222222222223
305715000,48,2026-04-09 23:04:52,2026-04-09 23:52:35,HADELAND,0.7952777777777778
305775000,414,2026-04-07 09:21:17,2026-04-07 19:33:53,BBC LIVORNO,10.21
305783000,302,2026-04-05 14:46:48,2026-04-05 20:43:40,AGAETE,5.947777777777778
308371000,45,2026-04-09 10:28:16,2026-04-09 12:21:55,,1.8941666666666668
308628000,155,2026-04-14 23:27:33,2026-04-15 02:03:40,SILVER SHADOW,2.6019444444444444
308688000,54,2026-04-06 12:07:45,2026-04-06 14:15:30,,2.129166666666667
308728000,81,2026-04-12 08:53:57,2026-04-12 11:20:21,,2.44
309467000,278,2026-04-05 09:32:46,2026-04-12 03:57:12,FRI OCEAN,162.40722222222223
309518000,4754,2026-04-08 03:13:44,2026-04-12 00:55:02,GRIMSTAD,93.68833333333333
310610000,614,2026-04-08 13:49:28,2026-04-15 21:03:52,AZURA,175.24
310772000,309,2026-04-07 16:25:06,2026-04-07 23:27:10,GASLOG HOUSTON,7.0344444444444445
310791000,12,2026-04-11 10:05:55,2026-04-11 10:17:05,,0.18611111111111112
310841000,59,2026-04-13 05:02:52,2026-04-13 06:01:37,SUN PRINCESS,0.9791666666666666
310867000,297,2026-04-03 10:42:38,2026-04-06 13:37:59,SAPPHIRE PRINCESS,74.9225
311000231,5768,2026-04-11 03:52:04,2026-04-16 12:43:53,ANTARES,128.8636111111111
311000232,4121,2026-04-04 08:39:56,2026-04-13 15:35:07,ALDEBARAN,222.91972222222222
311000279,1834,2026-04-10 11:27:13,2026-04-13 23:16:54,PEAK SPIRIT,83.82805555555555
311000451,16486,2026-04-03 10:42:38,2026-04-16 12:43:53,SYDNEY SPIRIT,314.0208333333333
311000516,503,2026-04-12 04:01:16,2026-04-12 15:04:29,PRIMERO,11.053611111111111
311000621,202,2026-04-05 14:35:39,2026-04-05 18:10:37,KEDROS,3.582777777777778
311000709,153,2026-04-07 08:54:52,2026-04-07 17:35:15,,8.673055555555555
311001060,87,2026-04-06 05:12:35,2026-04-06 06:42:59,LADY DIMINE,1.5066666666666666
311001106,1182,2026-04-11 16:47:01,2026-04-12 15:49:09,NEWBURY,23.035555555555554
311001144,186,2026-04-08 19:46:59,2026-04-09 01:06:23,UNITY MOON,5.323333333333333
311001743,30,2026-04-06 06:16:34,2026-04-06 06:47:03,,0.5080555555555556
311001767,33,2026-04-06 04:20:49,2026-04-06 06:57:13,,2.6066666666666665
311001768,23,2026-04-10 12:27:07,2026-04-10 15:24:06,,2.9497222222222224
311001816,124,2026-04-12 07:45:15,2026-04-12 10:16:56,,2.5280555555555555
311001819,407,2026-04-06 00:38:44,2026-04-06 07:40:54,WILSON NANJING,7.036111111111111
311013400,442,2026-04-03 19:10:27,2026-04-13 22:23:23,OHIO,243.21555555555557
311036300,734,2026-04-11 14:15:17,2026-04-12 10:02:36,WARRIOR,19.788611111111113
311041700,185,2026-04-08 16:22:08,2026-04-09 03:38:23,TRANS ADRIATIC,11.270833333333334
311085000,468,2026-04-03 10:42:38,2026-04-03 18:36:01,STAR LEGEND,7.889722222222222
311775000,488,2026-04-04 17:30:59,2026-04-11 00:15:57,LALLA FATMA N'SOUMER,150.74944444444444
312004000,35,2026-04-06 03:37:12,2026-04-06 04:26:54,,0.8283333333333334
312107000,886,2026-04-11 13:44:46,2026-04-12 09:27:48,QUEEN LILA,19.717222222222222
312120000,381,2026-04-09 10:04:55,2026-04-09 17:42:38,NS ARLECCHINO,7.628611111111111
312333000,360,2026-04-12 06:03:53,2026-04-12 12:11:29,SAHIN 3,6.126666666666667
312504000,552,2026-04-06 05:20:42,2026-04-06 17:22:11,MIKA,12.024722222222222
312546000,384,2026-04-12 05:07:39,2026-04-12 11:42:52,LILA,6.586944444444445
312665000,147,2026-04-12 08:03:42,2026-04-12 12:15:34,MARIDIVE 701,4.197777777777778
312726000,22,2026-04-10 17:31:28,2026-04-10 17:52:50,,0.3561111111111111
314001080,262,2026-04-10 04:08:50,2026-04-13 22:36:34,AVELORA,90.46222222222222
314001113,311,2026-04-07 19:22:44,2026-04-08 03:15:46,C. ATLAS,7.8838888888888885
314001155,2045,2026-04-09 03:02:55,2026-04-11 05:01:08,TALUREX,49.97027777777778
314088000,10,2026-04-13 23:06:41,2026-04-13 23:15:53,,0.15333333333333332
314093000,45,2026-04-08 16:07:53,2026-04-08 17:24:09,,1.271111111111111
314115000,32,2026-04-08 21:56:42,2026-04-09 00:29:52,,2.5527777777777776
314432000,182,2026-04-14 23:27:33,2026-04-15 02:49:16,TC GLORY,3.3619444444444446
314496000,164,2026-04-11 13:30:33,2026-04-11 16:26:39,BERKAY N,2.935
314501000,40,2026-04-08 17:07:53,2026-04-08 23:35:06,,6.453611111111111
314509000,358,2026-04-06 08:22:31,2026-04-06 15:56:59,OTHRYS,7.5744444444444445
314519000,11,2026-04-08 21:59:45,2026-04-08 22:09:54,,0.16916666666666666
314527000,89,2026-04-10 11:42:27,2026-04-10 14:30:09,MONTARA,2.795
314652000,3416,2026-04-03 10:42:38,2026-04-12 15:03:28,ANTARI,220.34722222222223
314678000,21,2026-04-06 06:10:28,2026-04-06 06:31:48,,0.35555555555555557
314728000,656,2026-04-11 15:55:04,2026-04-12 09:21:39,BUYUFIX,17.443055555555556
314778000,264,2026-04-05 23:44:01,2026-04-06 08:51:58,JANET,9.1325
314818000,43,2026-04-12 14:41:06,2026-04-12 16:42:55,,2.0302777777777776
314822000,307,2026-04-07 12:24:56,2026-04-08 20:57:54,VEFA,32.54944444444445
314900000,9003,2026-04-06 00:20:29,2026-04-12 10:01:34,GOLDEN EMAN,153.68472222222223
316037322,570,2026-04-06 07:46:59,2026-04-16 12:43:53,MILLIWAYS,244.94833333333332
316047996,614,2026-04-07 08:36:34,2026-04-08 12:35:14,HRAFN,27.977777777777778
319076100,291,2026-04-08 17:57:36,2026-04-09 00:47:07,EQUINOX EAGLE,6.825277777777778
319084600,431,2026-04-12 02:16:21,2026-04-12 14:05:32,MEDALTA ADVENTURER,11.819722222222222
319301000,235,2026-04-10 10:10:01,2026-04-10 17:44:42,KEY WIND,7.578055555555555
319302900,65,2026-04-08 03:01:33,2026-04-08 09:20:20,,6.313055555555556
338619000,172,2026-04-07 12:11:45,2026-04-07 15:24:06,ALLIANCE NORFOLK,3.2058333333333335
341280002,23,2026-04-10 15:13:55,2026-04-10 15:36:20,,0.3736111111111111
341324002,160,2026-04-08 15:33:18,2026-04-08 23:17:51,VUSAL MAHARRAMOV,7.7425
341460002,12,2026-04-09 11:03:48,2026-04-09 11:14:58,,0.18611111111111112
341472002,20,2026-04-10 01:30:07,2026-04-10 02:33:11,,1.051111111111111
341559000,426,2026-04-03 10:42:38,2026-04-03 17:53:29,PRINCESS BANA,7.180833333333333
341561002,112,2026-04-05 09:10:29,2026-04-05 12:01:39,FLORA,2.852777777777778
341799001,38,2026-04-11 06:09:13,2026-04-11 07:31:34,,1.3725
341886001,176,2026-04-12 10:31:16,2026-04-12 16:55:06,RED LION,6.397222222222222
341943001,696,2026-04-11 14:37:40,2026-04-12 10:31:16,SWAN,19.893333333333334
341944001,324,2026-04-08 16:01:47,2026-04-09 00:24:48,LUGANO,8.383611111111112
341945001,166,2026-04-05 17:37:10,2026-04-05 21:31:17,MERCY,3.9019444444444447
351132000,91,2026-04-09 22:29:22,2026-04-10 00:13:55,MELOI,1.7425
351222000,309,2026-04-03 10:42:38,2026-04-13 16:55:23,KLAUSEN,246.2125
351259000,136,2026-04-03 10:51:45,2026-04-04 13:06:31,GAZ INTERCEPTOR,26.246111111111112
351381000,230,2026-04-11 07:18:22,2026-04-11 17:47:05,SEVEN S,10.47861111111111
351400000,21,2026-04-16 11:27:44,2026-04-16 11:48:02,,0.3383333333333333
351656000,94,2026-04-09 13:48:12,2026-04-09 15:23:38,METIN DADAYLI,1.5905555555555555
351808000,1235,2026-04-03 10:42:38,2026-04-12 13:31:57,MEDKON SINOP,218.82194444444445
352001071,5350,2026-04-03 10:42:38,2026-04-10 18:07:05,AYA,175.4075
352001171,244,2026-04-13 12:24:00,2026-04-13 20:38:03,WISTERIA,8.234166666666667
352001323,210,2026-04-06 08:47:54,2026-04-07 02:34:26,MSC AUBE F,17.775555555555556
352001352,494,2026-04-07 15:08:50,2026-04-08 06:47:56,JC NATURE,15.651666666666667
352001404,20,2026-04-03 15:57:59,2026-04-03 16:28:23,,0.5066666666666667
352001427,1090,2026-04-11 14:39:42,2026-04-12 16:59:10,DAVID Y,26.324444444444445
352001498,26,2026-04-07 08:21:20,2026-04-07 08:47:45,,0.44027777777777777
352001748,264,2026-04-03 11:11:01,2026-04-03 19:34:45,SKY TIME,8.395555555555555
352002170,99,2026-04-15 09:25:48,2026-04-15 11:05:18,TOKUGAWA,1.6583333333333334
352002172,263,2026-04-05 20:41:39,2026-04-06 10:44:37,TAI HONOR,14.049444444444445
352002212,424,2026-04-12 02:36:42,2026-04-12 10:24:06,URANUS III,7.79
352002243,600,2026-04-10 06:32:15,2026-04-11 01:56:25,ANIKA,19.40277777777778
352002256,41,2026-04-04 13:02:28,2026-04-04 13:43:00,,0.6755555555555556
352002302,184,2026-04-10 06:40:23,2026-04-10 17:01:55,,10.358888888888888
352002310,168,2026-04-09 16:53:57,2026-04-09 23:31:16,LADY MERAL,6.621944444444445
352002473,197,2026-04-07 14:38:16,2026-04-07 23:04:49,RITI,8.4425
352002658,26,2026-04-16 02:14:09,2026-04-16 02:39:30,,0.4225
352002709,22,2026-04-08 17:17:02,2026-04-08 22:48:26,,5.523333333333333
352002752,444,2026-04-12 11:17:17,2026-04-12 21:55:03,PHOENICIAN-M,10.629444444444445
352002775,188,2026-04-13 12:47:21,2026-04-13 18:00:18,SAI,5.215833333333333
352002943,65,2026-04-05 08:55:18,2026-04-13 22:10:12,MEDKON PERLA,205.24833333333333
352002949,21,2026-04-07 13:40:11,2026-04-07 14:08:43,,0.47555555555555556
352003060,396,2026-04-12 03:59:14,2026-04-12 12:02:17,SEAHORSE 1,8.050833333333333
352003111,332,2026-04-10 02:05:42,2026-04-10 11:09:58,KS CAMELLIA,9.071111111111112
352003267,48,2026-04-13 13:19:54,2026-04-13 14:15:51,,0.9325
352003272,118,2026-04-09 22:29:22,2026-04-10 00:28:09,TRANS FJORD,1.9797222222222222
352003495,368,2026-04-10 02:05:42,2026-04-10 10:07:59,KAI RUI,8.038055555555555
352003521,151,2026-04-08 03:09:40,2026-04-08 16:04:50,,12.919444444444444
352003657,322,2026-04-11 15:29:36,2026-04-12 10:21:02,EVA RICHMOND,18.857222222222223
352003701,225,2026-04-07 12:25:57,2026-04-07 20:59:07,PINGHE,8.552777777777777
352003854,856,2026-04-15 03:13:35,2026-04-15 18:12:45,SUPER ARTETA,14.98611111111111
352004029,324,2026-04-10 11:51:35,2026-04-10 22:43:31,KASTOS I,10.865555555555556
352004307,206,2026-04-12 07:41:09,2026-04-12 13:04:27,XIN YONG CHANG 19,5.388333333333334
352004563,139,2026-04-07 04:23:56,2026-04-07 23:37:20,HANNA,19.223333333333333
352004590,697,2026-04-11 20:12:37,2026-04-12 12:36:58,ORIONI,16.405833333333334
352004593,433,2026-04-07 04:14:48,2026-04-07 17:26:06,SHEN MI,13.188333333333333
352004609,24,2026-04-09 21:36:36,2026-04-09 21:59:56,,0.3888888888888889
352004690,561,2026-04-11 12:49:55,2026-04-12 02:46:52,GREEN NAGOYA,13.949166666666667
352004810,514,2026-04-10 07:32:17,2026-04-11 03:18:35,PASCO STAR,19.77166666666667
352004822,576,2026-04-07 12:45:13,2026-04-08 11:44:24,TURUL,22.98638888888889
352004884,180,2026-04-08 01:53:27,2026-04-08 05:51:05,BEBEK,3.9605555555555556
352005357,135,2026-04-06 01:31:26,2026-04-06 03:51:24,SWIFT GALAXY,2.332777777777778
352005425,18,2026-04-13 16:49:17,2026-04-13 17:06:33,,0.2877777777777778
352005612,33,2026-04-05 11:23:10,2026-04-05 11:55:35,,0.5402777777777777
352005626,46,2026-04-06 10:00:58,2026-04-06 11:31:16,,1.505
352005660,470,2026-04-10 01:10:48,2026-04-10 09:52:44,MH HOTAKA,8.698888888888888
352005681,177,2026-04-12 08:33:26,2026-04-12 21:19:36,,12.769444444444444
352005740,505,2026-04-07 11:48:25,2026-04-08 02:19:54,HMM LEAF,14.524722222222222
352005899,11,2026-04-06 03:01:43,2026-04-06 03:11:51,,0.1688888888888889
352006086,120,2026-04-05 15:28:22,2026-04-05 17:29:03,ACQUA STELLA,2.011388888888889
352006178,1081,2026-04-07 03:39:19,2026-04-12 13:38:03,PONT-ROUGE,129.9788888888889
352006306,1375,2026-04-07 22:33:20,2026-04-16 12:43:53,RESQ PEOPLE,206.17583333333334
352006535,1038,2026-04-11 07:14:18,2026-04-12 10:22:03,U STORK,27.129166666666666
352090000,12,2026-04-07 08:37:35,2026-04-07 08:48:46,,0.18638888888888888
352506000,274,2026-04-06 05:21:43,2026-04-15 11:03:17,PRIME ACE,221.6927777777778
352524000,288,2026-04-11 20:46:17,2026-04-12 11:06:01,MANTA DICLE,14.328888888888889
352604000,104,2026-04-08 01:10:46,2026-04-08 03:01:33,GENEVA STAR,1.8463888888888889
352775000,864,2026-04-11 19:50:11,2026-04-12 17:13:22,NAVIOS MELODIA,21.386388888888888
352978181,35,2026-04-06 02:09:59,2026-04-06 02:44:28,,0.5747222222222222
353280000,392,2026-04-07 16:06:49,2026-04-07 23:52:33,SEVKETTIN SONAY,7.762222222222222
353287000,490,2026-04-12 01:37:43,2026-04-12 12:16:35,CHEMICAL EXPLORER,10.647777777777778
353289000,10,2026-04-16 10:04:28,2026-04-16 10:13:37,,0.1525
353589000,89,2026-04-10 15:22:04,2026-04-10 16:51:44,GOODNESS 2,1.4944444444444445
353590000,243,2026-04-07 23:04:49,2026-04-08 07:33:38,MSC ISABELLA,8.480277777777777
353729000,36,2026-04-12 14:27:54,2026-04-12 15:03:28,,0.5927777777777777
353798000,154,2026-04-06 01:31:26,2026-04-06 09:25:27,PAN QUEST,7.900277777777778
353934000,98,2026-04-10 07:16:00,2026-04-10 08:54:43,,1.6452777777777778
354040000,767,2026-04-11 14:12:14,2026-04-12 06:32:33,MUHSINE K,16.33861111111111
354195000,312,2026-04-09 22:48:38,2026-04-10 04:25:07,MYD FUZHOU,5.608055555555556
354203000,33,2026-04-07 01:06:14,2026-04-07 01:38:40,,0.5405555555555556
354315000,204,2026-04-08 23:08:44,2026-04-09 03:18:07,MSC TOMOKO,4.1563888888888885
354415000,175,2026-04-05 17:08:46,2026-04-05 21:51:33,MSC FABIENNE,4.713055555555556
354562000,418,2026-04-07 04:34:05,2026-04-07 14:51:31,CANKA,10.290555555555555
354670000,45,2026-04-06 00:59:00,2026-04-06 02:53:36,SEAVEN LUCK,1.91
354964000,253,2026-04-09 21:50:48,2026-04-10 02:30:07,ALJABRIYA,4.655277777777778
355194000,222,2026-04-07 08:41:39,2026-04-07 19:33:53,MSC JORDAN III,10.870555555555555
355283000,53,2026-04-15 00:45:37,2026-04-15 01:46:26,MSC LUCIANA,1.013611111111111
355798000,33,2026-04-09 03:19:08,2026-04-09 06:33:47,,3.2441666666666666
355860000,439,2026-04-10 12:50:29,2026-04-10 20:43:35,SAKIZAYA WISDOM,7.885
355899000,320,2026-04-08 08:02:05,2026-04-08 16:30:17,HONG DAI,8.47
356187000,95,2026-04-10 02:04:41,2026-04-10 04:15:57,FANARIA,2.187777777777778
356300000,10,2026-04-06 23:13:42,2026-04-06 23:22:50,,0.15222222222222223
356324000,86,2026-04-09 11:57:34,2026-04-09 13:56:19,SUNLIT,1.9791666666666667
356546000,70,2026-04-09 12:17:51,2026-04-10 02:17:54,,14.000833333333333
356680000,208,2026-04-08 13:03:42,2026-04-08 16:36:23,ZHENG RUN,3.544722222222222
356716000,10,2026-04-12 08:52:56,2026-04-12 09:02:10,,0.15388888888888888
356755000,308,2026-04-10 17:19:14,2026-04-11 17:34:52,DUCHESS ROSARIO,24.260555555555555
356794000,195,2026-04-15 14:06:59,2026-04-15 17:26:10,VON ADLER,3.319722222222222
357405000,154,2026-04-07 11:11:55,2026-04-07 14:31:09,MSC POH LIN,3.3205555555555555
357463000,336,2026-04-05 16:17:03,2026-04-06 01:15:13,EVER GRADE,8.969444444444445
357604000,10,2026-04-15 13:01:00,2026-04-15 13:10:09,,0.1525
357983000,493,2026-04-11 20:22:48,2026-04-12 09:19:36,GRAND RACE,12.946666666666667
367176000,160,2026-04-10 02:04:41,2026-04-10 08:07:55,STENA POLARIS,6.053888888888889
368339980,10,2026-04-11 21:19:58,2026-04-11 21:29:09,,0.15305555555555556
370271000,10,2026-04-14 23:31:36,2026-04-14 23:40:44,,0.15222222222222223
370751000,116,2026-04-08 14:55:38,2026-04-08 20:27:31,ISKENDERUN-M,5.5313888888888885
371577000,719,2026-04-11 16:19:31,2026-04-12 05:45:29,FAHRIYE K,13.432777777777778
371711000,400,2026-04-08 06:43:53,2026-04-10 17:36:33,MSC GIANNA III,58.87777777777778
371743000,503,2026-04-10 01:55:32,2026-04-10 17:24:20,MSC BELLE,15.48
372119000,90,2026-04-06 22:02:44,2026-04-06 23:32:59,BREEZE,1.5041666666666667
372415000,56,2026-04-08 07:39:44,2026-04-08 09:18:18,,1.6427777777777777
372668000,54,2026-04-06 04:39:05,2026-04-06 06:12:30,GAZ FRATERNITY,1.5569444444444445
372879000,189,2026-04-13 13:00:34,2026-04-13 21:01:22,ALONI,8.013333333333334
372990000,10,2026-04-04 13:44:00,2026-04-04 13:53:08,,0.15222222222222223
373026000,2199,2026-04-14 23:27:33,2026-04-16 12:43:53,ORIENTAL COSMOS,37.272222222222226
373146000,203,2026-04-13 15:08:41,2026-04-13 23:03:07,CONDOR ARROW,7.907222222222222
373271000,11,2026-04-09 09:48:40,2026-04-09 09:58:49,,0.16916666666666666
373320000,256,2026-04-08 23:50:18,2026-04-09 07:36:44,ATLANTIC ISLAND,7.773888888888889
373351000,203,2026-04-09 09:30:25,2026-04-10 04:31:13,BASIC ISLAND,19.013333333333332
373371000,96,2026-04-15 09:20:44,2026-04-15 12:10:15,S NEPTUNE,2.825277777777778
373471000,323,2026-04-10 15:17:59,2026-04-11 10:04:54,AMIRA SAHAR,18.781944444444445
373808000,714,2026-04-12 00:16:22,2026-04-12 12:24:44,SK AUDACE,12.139444444444445
373834000,145,2026-04-06 22:12:52,2026-04-07 02:01:59,SEA SHELL,3.818611111111111
373907000,436,2026-04-11 15:36:44,2026-04-12 00:18:24,ULAN-UDE,8.694444444444445
374071000,11,2026-04-07 05:27:51,2026-04-07 05:38:00,,0.16916666666666666
374194000,261,2026-04-12 10:31:16,2026-04-12 15:30:53,NORTH STAR 1,4.993611111111111
374249000,20,2026-04-08 16:41:28,2026-04-08 17:02:48,,0.35555555555555557
374608000,876,2026-04-11 08:48:46,2026-04-12 04:10:27,STEFANY,19.36138888888889
374676000,669,2026-04-04 03:33:55,2026-04-11 04:36:44,CHALLENGER 1,169.04694444444445
374818000,705,2026-04-03 10:42:38,2026-04-03 22:58:22,ASR,12.262222222222222
374886000,237,2026-04-11 20:11:35,2026-04-13 10:09:02,MSC HAMBURG,37.9575
375068000,223,2026-04-08 23:04:40,2026-04-09 05:40:01,FINEX,6.589166666666666
375714000,74,2026-04-13 12:51:25,2026-04-13 14:11:47,,1.3394444444444444
376234000,75,2026-04-10 05:01:43,2026-04-10 15:25:07,,10.39
376304000,244,2026-04-13 15:24:57,2026-04-13 23:17:55,AV,7.882777777777778
376386000,52,2026-04-06 06:23:41,2026-04-06 07:39:53,FIRDEVS,1.27
403532001,360,2026-04-12 11:10:07,2026-04-12 17:23:31,BAHRI YANBU,6.223333333333334
403660000,616,2026-04-11 14:01:02,2026-04-12 14:59:24,RAWAN,24.97277777777778
412705880,56,2026-04-12 09:26:47,2026-04-13 11:14:59,,25.803333333333335
413298790,18,2026-04-09 11:59:36,2026-04-09 12:16:50,,0.2872222222222222
413526050,27,2026-04-06 09:21:24,2026-04-06 09:47:47,,0.43972222222222224
413527660,621,2026-04-05 08:46:11,2026-04-06 20:30:31,RONG HUA WAN,35.73888888888889
414665000,310,2026-04-07 19:45:02,2026-04-08 03:07:39,COSCOSHIPPINGFANRONG,7.376944444444445
428002000,402,2026-04-07 21:16:19,2026-04-08 10:07:04,ZIM VIRGINIA,12.845833333333333
431010055,41,2026-04-12 08:33:26,2026-04-12 09:23:42,,0.8377777777777777
431048000,459,2026-04-07 09:03:00,2026-04-08 06:09:22,ENERGY INNOVATOR,21.10611111111111
431323000,180,2026-04-07 01:31:34,2026-04-07 06:13:30,CEPHEUS LEADER,4.698888888888889
431476000,280,2026-04-08 10:54:43,2026-04-08 15:52:38,TETHYS HIGHWAY,4.965277777777778
431766000,177,2026-04-08 18:09:45,2026-04-09 00:07:33,DEMETER LEADER,5.963333333333333
432624000,413,2026-04-12 07:20:39,2026-04-12 16:09:26,POSEIDON LEADER,8.813055555555556
440252000,116,2026-04-08 16:29:16,2026-04-08 21:26:18,GLOVIS SYMPHONY,4.950555555555556
441747000,203,2026-04-10 15:51:36,2026-04-10 22:52:39,DONGBANG GIANT NO.3,7.0175
450241000,217,2026-04-06 21:59:41,2026-04-07 14:51:31,,16.863888888888887
450421000,661,2026-04-11 20:11:35,2026-04-12 10:00:33,FREEDOM,13.81611111111111
450548000,98,2026-04-11 06:00:04,2026-04-11 08:53:50,,2.8961111111111113
450555000,24,2026-04-07 12:54:22,2026-04-07 13:17:47,,0.3902777777777778
461000232,62,2026-04-08 23:53:21,2026-04-09 10:13:02,,10.328055555555556
461000235,107,2026-04-06 01:49:41,2026-04-06 03:55:28,CAVALIER,2.096388888888889
461000237,501,2026-04-11 14:58:02,2026-04-12 13:25:50,OASIS,22.463333333333335
461000256,72,2026-04-09 22:47:37,2026-04-10 00:20:01,PRIMAVERA,1.54
461000258,146,2026-04-08 04:53:16,2026-04-08 09:53:51,,5.009722222222222
461000284,676,2026-04-11 17:45:03,2026-04-12 10:16:56,BARQ,16.531388888888888
461000370,453,2026-04-12 04:27:48,2026-04-12 12:13:31,ELYTE,7.7619444444444445
477078500,307,2026-04-09 22:28:21,2026-04-10 07:47:33,QING PING SHAN,9.32
477117400,198,2026-04-08 12:07:47,2026-04-08 15:31:16,CSCL WINTER,3.391388888888889
477131400,68,2026-04-08 04:57:20,2026-04-09 01:33:46,COOPER ISLAND,20.607222222222223
477137300,297,2026-04-11 23:48:51,2026-04-12 06:26:25,CHIPOLBROK ATLANTIC,6.626111111111111
477138400,73,2026-04-07 13:48:20,2026-04-07 15:03:45,,1.2569444444444444
477180300,530,2026-04-10 16:03:49,2026-04-11 10:08:58,BYD JINAN,18.085833333333333
477625700,79,2026-04-08 21:27:19,2026-04-09 02:14:20,,4.783611111111111
477630800,59,2026-04-06 14:37:48,2026-04-06 15:36:41,JOSCO LANZHOU,0.9813888888888889
477642600,161,2026-04-10 14:46:26,2026-04-10 22:53:40,NORA MAERSK,8.120555555555555
477664600,195,2026-04-11 14:48:52,2026-04-11 18:25:44,LOUIS MAERSK,3.6144444444444446
477698600,86,2026-04-15 11:37:47,2026-04-15 14:00:53,,2.385
477708600,195,2026-04-09 06:21:36,2026-04-09 12:18:52,CS NAN JING,5.954444444444444
477712800,121,2026-04-09 07:25:34,2026-04-09 09:47:40,CSCL PACIFIC OCEAN,2.368333333333333
477717800,555,2026-04-09 22:39:30,2026-04-10 09:29:20,CS WU HAN,10.830555555555556
477736700,425,2026-04-12 04:23:43,2026-04-12 13:14:38,COSCO SHIPPING GRACE,8.848611111111111
477738700,11,2026-04-16 11:42:58,2026-04-16 11:53:07,,0.16916666666666666
477790300,10,2026-04-12 09:23:42,2026-04-12 09:32:56,,0.15388888888888888
477836600,485,2026-04-10 01:06:44,2026-04-10 10:59:49,JOSCO SHENGZHOU,9.884722222222223
477856500,679,2026-04-11 13:41:43,2026-04-12 02:34:40,JIN CHAO,12.8825
477883300,234,2026-04-08 22:36:16,2026-04-09 03:18:07,OOCL KOBE,4.6975
477886800,261,2026-04-12 10:44:32,2026-04-12 16:40:53,DISKO ISLAND,5.939166666666667
477907700,233,2026-04-06 04:30:58,2026-04-06 09:55:54,MAPLE WISDOM,5.415555555555556
477928200,19,2026-04-16 12:16:29,2026-04-16 12:34:45,,0.30444444444444446
477963900,567,2026-04-10 03:02:42,2026-04-11 01:06:42,GOLDEN SAPLING,22.066666666666666
477966300,291,2026-04-09 04:46:14,2026-04-10 15:29:12,BLOSSOM GLORY,34.71611111111111
503051577,10,2026-04-10 01:18:56,2026-04-10 01:28:05,,0.1525
503084610,102,2026-04-11 19:53:14,2026-04-11 21:41:25,LE GYPSY,1.8030555555555556
511100560,933,2026-04-11 12:59:03,2026-04-12 05:46:30,SAFFET AGA,16.79083333333333
511101557,148,2026-04-10 16:08:55,2026-04-10 20:12:04,YILDIZ,4.0525
511101845,17,2026-04-10 17:41:38,2026-04-10 17:57:56,,0.27166666666666667
511101970,11,2026-04-09 22:48:38,2026-04-09 22:58:47,,0.16916666666666666
512216100,807,2026-04-08 07:27:33,2026-04-09 10:16:05,BAIL3,26.808888888888887
518100160,10,2026-04-06 09:44:44,2026-04-06 09:53:52,,0.15222222222222223
518100934,51,2026-04-12 04:35:59,2026-04-12 09:01:08,M/Y SUNRISE,4.4191666666666665
538001657,327,2026-04-07 03:37:17,2026-04-07 09:08:05,SUNBELT SPIRIT,5.513333333333334
538002630,1805,2026-04-08 17:18:03,2026-04-10 18:04:02,STAR HELENA,48.76638888888889
538002883,7117,2026-04-04 10:53:46,2026-04-11 07:41:44,TEQUILA,164.79944444444445
538002973,656,2026-04-11 19:57:19,2026-04-12 12:13:31,LUVIA,16.27
538003351,116,2026-04-05 06:47:45,2026-04-05 11:35:19,,4.792777777777777
538003561,56,2026-04-05 11:20:07,2026-04-05 12:22:55,,1.0466666666666666
538003678,9421,2026-04-08 15:04:47,2026-04-16 12:43:53,STRENGTH,189.65166666666667
538004518,463,2026-04-12 07:51:24,2026-04-12 15:43:04,ALATAU,7.861111111111111
538004558,121,2026-04-06 08:41:49,2026-04-06 15:59:01,ASPHALT SPIRIT,7.286666666666667
538005074,318,2026-04-08 10:01:59,2026-04-08 16:15:01,BIANCA,6.217222222222222
538005330,509,2026-04-11 08:37:36,2026-04-12 06:40:44,GENCO LION,22.052222222222223
538005372,367,2026-04-08 08:15:17,2026-04-08 15:36:21,MOUNT MCKINNEY,7.351111111111111
538005400,231,2026-04-11 11:38:57,2026-04-11 18:01:20,STI FULHAM,6.373055555555555
538005410,58,2026-04-05 16:02:51,2026-04-05 17:55:25,STI HAMMERSMITH,1.876111111111111
538005431,796,2026-04-11 20:58:32,2026-04-12 11:24:27,PALAIS,14.431944444444444
538005496,7769,2026-04-09 15:30:44,2026-04-16 12:43:53,ECO CHIOS,165.21916666666667
538005553,68,2026-04-13 13:14:48,2026-04-13 19:06:54,,5.868333333333333
538005853,418,2026-04-10 01:13:51,2026-04-10 09:29:20,LORIENT,8.258055555555556
538006702,268,2026-04-08 12:15:55,2026-04-08 17:35:18,GH HOLIDAY,5.323055555555555
538006774,383,2026-04-10 04:29:11,2026-04-10 15:30:13,LORENZO,11.017222222222221
538007198,477,2026-04-05 16:50:31,2026-04-16 12:43:53,STORMHARBOUR,259.88944444444445
538007274,177,2026-04-09 00:42:02,2026-04-09 08:37:39,,7.926944444444445
538007504,181,2026-04-06 06:46:02,2026-04-06 15:52:55,BRIGHT IMABARI,9.114722222222222
538007511,298,2026-04-05 11:24:10,2026-04-13 20:55:17,OLYMPIC FIGHTER,201.5186111111111
538007660,450,2026-04-07 14:29:06,2026-04-08 00:54:31,ADVENTURER,10.42361111111111
538007661,217,2026-04-11 05:48:53,2026-04-11 21:56:43,STAR CALYPSO,16.130555555555556
538007747,257,2026-04-12 09:22:41,2026-04-12 22:14:18,STAR RIVER,12.860277777777778
538008070,395,2026-04-10 04:44:26,2026-04-10 15:09:51,BLUE PRINCE,10.42361111111111
538008157,334,2026-04-10 05:45:28,2026-04-10 13:42:20,PROMETHEUS ENERGY,7.947777777777778
538008328,444,2026-04-07 07:40:43,2026-04-07 17:05:45,PSERIMOS,9.417222222222222
538008487,428,2026-04-10 10:18:10,2026-04-10 23:00:47,CEDAR EXPRESS,12.710277777777778
538008651,308,2026-04-05 01:33:01,2026-04-05 08:38:05,LILLY BOLTEN,7.084444444444444
538008756,10,2026-04-11 04:04:15,2026-04-11 04:13:23,,0.15222222222222223
538009008,226,2026-04-07 14:51:31,2026-04-08 06:10:23,GOLDEN DAY,15.314444444444444
538009012,2390,2026-04-03 10:42:38,2026-04-05 05:33:54,STARLIGHT II,42.85444444444445
538009028,19,2026-04-05 09:25:41,2026-04-05 09:43:54,,0.3036111111111111
538009052,370,2026-04-10 01:46:22,2026-04-10 11:27:13,SSI DAUNTLESS,9.680833333333334
538009054,104,2026-04-06 06:11:29,2026-04-08 02:56:28,,44.749722222222225
538009076,60,2026-04-09 06:53:04,2026-04-10 02:58:38,CANOLA ZIBO,20.092777777777776
538009159,340,2026-04-09 23:42:26,2026-04-10 07:00:44,SHANDONG DE FENG,7.305
538009183,461,2026-04-12 02:08:13,2026-04-12 10:15:54,FRONT FUTURE,8.128055555555555
538009210,31,2026-04-09 16:38:44,2026-04-09 19:25:54,,2.786111111111111
538009214,3851,2026-04-03 10:42:38,2026-04-07 13:34:05,ECO MALIBU,98.8575
538009223,837,2026-04-11 08:56:53,2026-04-12 05:57:45,LENI,21.014444444444443
538009388,82,2026-04-05 22:30:03,2026-04-06 00:10:22,ELISABETH P.,1.6719444444444445
538009532,118,2026-04-07 04:15:49,2026-04-07 10:11:04,OCTONAUT,5.920833333333333
538009615,269,2026-04-06 05:57:16,2026-04-06 11:45:28,EASTERLY AS OLIVIA,5.803333333333334
538009791,623,2026-04-12 03:18:27,2026-04-12 15:16:40,AQUILA,11.970277777777778
538009889,30,2026-04-06 07:08:23,2026-04-06 07:38:52,,0.5080555555555556
538009923,83,2026-04-11 04:44:52,2026-04-11 07:02:06,,2.2872222222222223
538009968,32,2026-04-13 21:57:32,2026-04-13 22:53:51,NOLDE,0.9386111111111111
538009986,611,2026-04-12 04:09:26,2026-04-12 15:24:47,POPI P,11.255833333333333
538009987,141,2026-04-09 22:44:34,2026-04-10 01:06:44,DIMITRI,2.3694444444444445
538010036,65,2026-04-06 16:15:15,2026-04-06 17:20:09,REACHY SUMMER,1.0816666666666668
538010211,761,2026-04-15 23:52:09,2026-04-16 12:43:53,VELOS RUBINI,12.862222222222222
538010248,21,2026-04-08 09:34:34,2026-04-08 09:54:52,,0.3383333333333333
538010262,200,2026-04-10 20:45:37,2026-04-11 01:10:46,CHEMICAL FRONTIER,4.4191666666666665
538010371,311,2026-04-08 08:52:53,2026-04-08 14:45:27,NISSOS SERIFOS,5.876111111111111
538010426,168,2026-04-10 08:31:19,2026-04-10 17:32:29,YASA LOTUS,9.019444444444444
538010449,396,2026-04-10 00:38:18,2026-04-12 21:49:59,GREAT WHITE,69.19472222222223
538010455,147,2026-04-06 12:13:50,2026-04-12 10:40:28,,142.4438888888889
538010485,47,2026-04-13 16:20:50,2026-04-13 17:07:34,,0.7788888888888889
538010487,58,2026-04-04 12:37:08,2026-04-04 14:09:21,,1.5369444444444444
538010527,203,2026-04-05 15:19:14,2026-04-06 09:34:35,SERENITY,18.25583333333333
538010540,247,2026-04-10 01:46:22,2026-04-10 09:19:09,ATHANASIA,7.546388888888889
538010653,593,2026-04-10 07:28:13,2026-04-11 06:28:33,CHARIANA L,23.005555555555556
538010765,161,2026-04-10 05:00:42,2026-04-10 18:09:07,EXELIXSEA,13.140277777777778
538010874,411,2026-04-07 19:25:46,2026-04-08 04:13:40,ARS ET LABOR,8.798333333333334
538010978,252,2026-04-09 17:05:06,2026-04-10 03:08:49,VAN,10.061944444444444
538010988,116,2026-04-12 07:33:58,2026-04-12 11:07:03,SARIYAH,3.551388888888889
538011104,24,2026-04-08 03:47:16,2026-04-08 04:11:38,,0.4061111111111111
538011225,311,2026-04-12 09:22:41,2026-04-12 14:39:04,IRENES POWER,5.273055555555556
538011323,462,2026-04-11 11:52:08,2026-04-11 21:01:35,RAPHAELA,9.1575
538011848,163,2026-04-08 12:26:05,2026-04-08 15:46:32,ASTROLIGHT,3.3408333333333333
538011859,124,2026-04-11 09:21:15,2026-04-11 13:37:39,,4.273333333333333
538011862,209,2026-04-05 15:17:13,2026-04-05 20:18:20,ANGELINA THE GREAT N,5.018611111111111
538011969,274,2026-04-11 16:59:14,2026-04-11 21:37:19,UGR AL REEF,4.634722222222222
538011971,754,2026-04-11 14:21:23,2026-04-12 05:45:29,DS MYKONOS,15.401666666666667
538011977,23,2026-04-13 21:37:51,2026-04-13 22:43:04,,1.0869444444444445
538012016,177,2026-04-08 21:56:42,2026-04-09 09:53:45,MIDEA,11.950833333333334
538012112,227,2026-04-08 01:57:31,2026-04-08 12:00:40,NYXORA,10.0525
538012256,110,2026-04-05 16:30:14,2026-04-05 18:30:53,VAST CORAL,2.0108333333333333
538012356,44,2026-04-12 15:18:42,2026-04-12 17:08:18,,1.8266666666666667
538012363,204,2026-04-10 07:24:09,2026-04-10 17:20:16,SDERIA,9.935277777777777
538012376,11,2026-04-11 13:27:30,2026-04-11 13:37:39,,0.16916666666666666
538012456,1843,2026-04-15 03:00:24,2026-04-16 12:43:53,ANGERONA,33.72472222222222
538012484,1062,2026-04-11 11:39:58,2026-04-12 10:29:13,PSV YESILKOY,22.820833333333333
538070951,33,2026-04-11 11:38:57,2026-04-11 12:11:24,,0.5408333333333334
538071393,264,2026-04-05 20:20:22,2026-04-16 11:29:46,HORIZONS III,255.15666666666667
538090448,127,2026-04-09 10:27:15,2026-04-10 04:07:49,AVIVA,17.676111111111112
538090625,119,2026-04-12 06:53:00,2026-04-12 11:36:43,LOA HARMONY,4.728611111111111
538090645,63,2026-04-06 05:32:53,2026-04-06 06:44:00,,1.1852777777777779
538090654,34,2026-04-06 09:14:18,2026-04-06 09:52:51,,0.6425
538090673,215,2026-04-13 12:50:24,2026-04-13 19:17:01,LUCKY FINDER,6.443611111111111
538090694,102,2026-04-09 04:07:42,2026-04-09 09:46:39,TERVEL,5.649166666666667
538090701,598,2026-04-07 09:07:04,2026-04-08 02:57:29,MALAMIR,17.84027777777778
544203120,360,2026-04-10 09:18:08,2026-04-11 02:06:34,FRI W,16.807222222222222
548651000,2584,2026-04-13 08:45:50,2026-04-16 12:43:53,EVA USUKI,75.9675
548965000,28,2026-04-06 10:22:18,2026-04-06 14:54:02,,4.528888888888889
563003300,123,2026-04-13 05:26:10,2026-04-13 14:35:09,CSK VANGUARD,9.149722222222222
563039700,394,2026-04-10 03:26:07,2026-04-10 21:12:03,MAERSK HANOI,17.765555555555554
563060500,380,2026-04-07 14:19:56,2026-04-07 22:02:53,ZOLA,7.715833333333333
563077500,138,2026-04-09 21:51:49,2026-04-10 02:40:18,AOM SVEVA,4.808055555555556
563078300,216,2026-04-08 20:41:42,2026-04-09 06:30:44,,9.817222222222222
563078800,264,2026-04-08 07:03:10,2026-04-08 13:57:37,INCE ANKARA,6.9075
563080900,272,2026-04-10 03:48:30,2026-04-10 10:05:57,ASIA LIBERTY,6.2908333333333335
563090800,221,2026-04-06 09:46:46,2026-04-15 01:35:18,LOWLANDS SPIRIT,207.8088888888889
563138800,269,2026-04-10 22:23:11,2026-04-11 04:40:48,GUI YING,6.293611111111111
563146500,50,2026-04-08 19:17:37,2026-04-08 20:11:18,,0.8947222222222222
563153500,34,2026-04-07 17:21:00,2026-04-07 19:37:56,,2.2822222222222224
563162400,94,2026-04-06 14:37:48,2026-04-06 16:12:13,BW CASSIA,1.573611111111111
563162500,27,2026-04-15 11:41:50,2026-04-15 12:27:30,,0.7611111111111111
563171700,61,2026-04-07 02:13:08,2026-04-07 03:13:58,,1.0138888888888888
563180500,153,2026-04-06 08:16:26,2026-04-06 15:22:28,CECH,7.100555555555555
563186100,263,2026-04-07 19:07:31,2026-04-08 00:30:08,HAFNIA AXINITE,5.376944444444445
563201300,86,2026-04-12 13:57:23,2026-04-12 19:06:55,PRABHU NAND,5.158888888888889
563205300,1793,2026-04-03 10:42:38,2026-04-04 17:07:41,MAC TOKYO,30.4175
563212800,59,2026-04-12 07:53:27,2026-04-12 10:26:09,,2.545
563246500,120,2026-04-10 07:06:50,2026-04-10 17:20:16,LOWLANDS MUZE,10.223888888888888
563256400,42,2026-04-05 19:36:47,2026-04-06 06:03:21,,10.442777777777778
563272500,77,2026-04-06 14:45:55,2026-04-11 07:01:05,,112.25277777777778
563277100,174,2026-04-06 08:24:33,2026-04-15 14:32:23,ALTAMIRA EXPRESS,222.13055555555556
563277500,396,2026-04-06 10:22:18,2026-04-07 02:13:08,COSCO INDONESIA,15.847222222222221
563279900,110,2026-04-05 15:16:12,2026-04-05 17:44:16,SEASPAN EMISSARY,2.4677777777777776
563280700,105,2026-04-12 09:51:20,2026-04-12 12:17:36,SEASPAN LUMACO,2.437777777777778
563281900,127,2026-04-06 12:30:04,2026-04-06 15:30:35,YM WINDOW,3.008611111111111
563286100,156,2026-04-07 08:21:20,2026-04-07 15:53:36,SEASPAN BEAUTY,7.5377777777777775
563293700,547,2026-04-10 15:11:53,2026-04-11 10:29:14,SAPPHIRE,19.289166666666667
563353000,43,2026-04-12 16:21:36,2026-04-13 13:39:14,,21.29388888888889
563947000,243,2026-04-11 13:59:00,2026-04-11 22:52:49,STRATEGIC UNITY,8.896944444444445
564724000,215,2026-04-04 22:03:24,2026-04-05 02:04:24,THOR INFINITY,4.016666666666667
564794000,77,2026-04-06 07:14:29,2026-04-06 08:51:58,,1.6247222222222222
565607000,127,2026-04-10 01:10:48,2026-04-10 03:32:14,STRATEGIC EXPLORER,2.357222222222222
565712000,580,2026-04-11 21:14:51,2026-04-12 16:42:55,ASHLEY LADY,19.467777777777776
566453000,440,2026-04-10 15:37:21,2026-04-10 23:21:07,EAGLE SAN ANTONIO,7.729444444444445
566572000,11,2026-04-09 12:04:40,2026-04-09 12:14:49,,0.16916666666666666
566573000,7034,2026-04-03 22:01:38,2026-04-09 05:06:32,HAFNIA MAGELLAN,127.08166666666666
566579000,361,2026-04-08 01:17:53,2026-04-08 08:16:18,HAFNIA SUNDA,6.973611111111111
566598000,120,2026-04-06 02:07:57,2026-04-06 04:08:39,HAFNIA TORRES,2.0116666666666667
566619000,484,2026-04-07 13:37:08,2026-04-08 16:22:08,SV ADELAIDE,26.75
566716000,421,2026-04-10 01:01:40,2026-04-10 09:03:53,THOR BRAVE,8.036944444444444
566722000,360,2026-04-05 07:50:31,2026-04-15 23:44:03,KINGSTON,255.89222222222222
566780000,98,2026-04-06 06:24:42,2026-04-06 08:48:55,MAERSK IZMIR,2.403611111111111
572680220,1033,2026-04-11 13:18:21,2026-04-12 08:59:05,BRITOIL DEFIANCE,19.67888888888889
572834220,234,2026-04-11 04:43:51,2026-04-11 17:51:09,ALTAY,13.121666666666666
572839220,85,2026-04-07 07:53:54,2026-04-07 11:25:07,,3.520277777777778
574005080,132,2026-04-06 08:28:37,2026-04-12 09:33:58,PVT AZURA,145.08916666666667
577339000,14804,2026-04-03 10:43:39,2026-04-16 12:43:53,GENESIS CEMENT,314.00388888888887
577427000,27,2026-04-04 23:50:44,2026-04-05 00:17:04,,0.4388888888888889
577521000,94,2026-04-10 08:17:04,2026-04-10 10:18:10,,2.0183333333333335
577543000,221,2026-04-05 20:37:35,2026-04-06 02:18:05,SAHIN 2,5.675
577561000,55,2026-04-10 16:27:16,2026-04-10 22:03:53,,5.610277777777778
577582000,106,2026-04-10 05:11:54,2026-04-10 09:33:24,BOZAT,4.358333333333333
578001200,403,2026-04-10 04:07:49,2026-04-10 20:45:37,LE DUMONT D'URVILLE,16.63
605026210,239,2026-04-06 16:55:49,2026-04-06 23:45:09,RHOURD EL ADRA,6.822222222222222
605076060,514,2026-04-11 21:53:40,2026-04-12 10:47:36,TESSALA,12.898888888888889
605076070,174,2026-04-09 03:02:55,2026-04-09 11:36:16,OUGARTA,8.555833333333334
605076190,7138,2026-04-08 22:04:49,2026-04-16 12:43:53,RAS TOMB,182.6511111111111
613271610,10,2026-04-10 03:17:58,2026-04-10 03:27:08,,0.1527777777777778
613404821,476,2026-04-10 16:19:06,2026-04-11 08:42:40,INA,16.392777777777777
613411502,29,2026-04-05 11:50:31,2026-04-05 12:22:55,,0.54
613419901,236,2026-04-10 20:46:38,2026-04-11 04:59:06,WALRUS,8.207777777777778
613429702,348,2026-04-10 03:10:51,2026-04-10 18:08:06,VIKRAM,14.954166666666667
613445605,208,2026-04-10 17:49:47,2026-04-11 07:03:07,VEXIA,13.222222222222221
613471602,553,2026-04-12 02:56:02,2026-04-12 12:20:40,OCEAN WINGS,9.410555555555556
613992601,125,2026-04-08 13:27:06,2026-04-08 15:33:18,MERT L,2.1033333333333335
620303000,278,2026-04-05 18:48:07,2026-04-05 23:46:02,DARLA,4.965277777777778
620800228,56,2026-04-09 01:12:28,2026-04-09 05:04:31,,3.8675
620800334,576,2026-04-09 20:37:49,2026-04-10 09:52:44,RUBYN,13.248611111111112
629009126,623,2026-04-06 06:55:11,2026-04-16 06:46:59,PRIMA,239.86333333333334
629009332,374,2026-04-10 17:07:01,2026-04-10 23:56:40,LIDER TRABZON,6.8275
630001139,59,2026-04-08 04:15:42,2026-04-08 07:58:01,,3.705277777777778
630001201,124,2026-04-12 06:58:08,2026-04-12 09:04:13,MARIONA STAR,2.1013888888888888
636011280,45,2026-04-13 04:13:52,2026-04-13 05:03:53,,0.8336111111111111
636011638,693,2026-04-10 11:51:35,2026-04-10 23:35:20,ZHEN HUA 36,11.729166666666666
636012377,171,2026-04-08 16:34:21,2026-04-09 00:37:59,,8.060555555555556
636012378,60,2026-04-05 11:18:06,2026-04-05 12:17:52,RHOURD ENOUSS,0.9961111111111111
636013095,175,2026-04-05 09:01:22,2026-04-05 13:26:45,BLUE DIAMOND,4.423055555555556
636013383,37,2026-04-09 01:22:37,2026-04-09 05:37:59,,4.256111111111111
636013468,19,2026-04-08 05:37:52,2026-04-08 05:56:10,,0.305
636013848,51,2026-04-07 13:06:35,2026-04-07 14:09:44,HISTRIA TIGER,1.0525
636013947,61,2026-04-09 00:44:04,2026-04-09 05:28:51,,4.746388888888889
636014168,8,2026-04-13 23:17:55,2026-04-13 23:27:14,AITOLIKOS,0.15527777777777776
636014595,42,2026-04-08 17:02:48,2026-04-08 22:58:35,ILIANA,5.929722222222222
636014609,54,2026-04-09 04:07:42,2026-04-09 05:03:30,,0.93
636015496,43,2026-04-04 13:00:26,2026-04-04 13:43:00,,0.7094444444444444
636015710,194,2026-04-12 10:24:06,2026-04-12 13:41:07,KYRA PANAGHIA,3.283611111111111
636015737,217,2026-04-10 21:09:00,2026-04-11 05:32:37,ALCOR,8.393611111111111
636015815,124,2026-04-13 17:25:50,2026-04-13 23:15:53,KARPATY,5.8341666666666665
636015872,603,2026-04-09 23:52:35,2026-04-15 09:05:31,PANDA 006,129.21555555555557
636015940,296,2026-04-07 04:25:58,2026-04-07 13:28:59,NAVIGATOR SCORPIO,9.050277777777778
636016014,743,2026-04-07 00:41:54,2026-04-10 06:43:26,MSC ALIX 3,78.02555555555556
636016017,854,2026-04-11 19:13:32,2026-04-12 15:27:50,HISTRIA  AMBRA,20.238333333333333
636016125,55,2026-04-09 21:09:14,2026-04-09 22:04:00,TRAIGUEN,0.9127777777777778
636016152,94,2026-04-05 15:24:18,2026-04-05 17:23:59,,1.9947222222222223
636016205,268,2026-04-05 00:40:22,2026-04-15 06:38:25,POLARIS MILA,245.9675
636016352,353,2026-04-07 00:07:27,2026-04-07 22:02:53,MARGRET OLDENDORFF,21.92388888888889
636016487,205,2026-04-08 13:48:27,2026-04-08 20:22:27,HORIZON,6.566666666666666
636016699,69,2026-04-11 09:42:34,2026-04-11 13:44:46,,4.036666666666667
636016770,668,2026-04-12 05:29:07,2026-04-12 21:04:24,ODYSSEUS,15.588055555555556
636016824,100,2026-04-06 01:21:18,2026-04-06 07:42:56,GEMINI,6.360555555555556
636016827,207,2026-04-13 13:32:07,2026-04-13 20:40:05,MARINA L,7.132777777777778
636017090,458,2026-04-07 13:39:10,2026-04-07 21:32:33,KYTHIRA I,7.889722222222222
636017506,25,2026-04-09 11:49:27,2026-04-10 05:54:37,,18.086111111111112
636017773,185,2026-04-11 09:50:42,2026-04-11 14:19:21,NEW PRIDE,4.4775
636018088,113,2026-04-08 13:48:27,2026-04-08 15:43:29,ASL TIA,1.9172222222222222
636018191,235,2026-04-08 02:11:45,2026-04-10 19:00:56,MSC PORTO III,64.81972222222223
636018242,732,2026-04-12 05:11:44,2026-04-12 18:58:48,MSC SWEDEN VI,13.784444444444444
636018276,222,2026-04-10 19:46:39,2026-04-10 23:31:16,MSC GAYANE,3.743611111111111
636018323,723,2026-04-08 11:35:16,2026-04-11 07:00:04,MSC CAITLIN II,67.41333333333333
636018325,172,2026-04-05 08:20:53,2026-04-08 02:20:55,MSC LEA II,66.00055555555555
636018347,89,2026-04-12 16:56:07,2026-04-12 23:17:06,THRUXTON,6.349722222222222
636018389,10,2026-04-07 03:22:05,2026-04-07 03:31:13,,0.15222222222222223
636018579,251,2026-04-10 17:01:55,2026-04-11 15:49:58,,22.800833333333333
636018629,88,2026-04-06 14:43:53,2026-04-06 16:24:23,SIMPLE HONESTY,1.675
636018743,105,2026-04-06 05:22:44,2026-04-06 08:35:43,DELTA SPIRIT,3.216388888888889
636018917,207,2026-04-07 08:44:42,2026-04-07 21:03:10,,12.307777777777778
636018926,184,2026-04-06 02:25:11,2026-04-06 05:42:02,VEGA SONG,3.2808333333333333
636019013,47,2026-04-11 06:02:06,2026-04-11 07:09:13,,1.118611111111111
636019141,303,2026-04-12 10:18:59,2026-04-12 16:09:26,HAIGUI,5.840833333333333
636019247,195,2026-04-06 00:19:29,2026-04-06 06:38:55,,6.323888888888889
636019538,75,2026-04-10 05:07:50,2026-04-10 17:29:25,,12.359722222222222
636019542,105,2026-04-13 10:15:07,2026-04-13 20:36:02,ML HERON,10.348611111111111
636019819,508,2026-04-11 12:54:59,2026-04-12 01:57:02,FEDERAL OSAKA,13.034166666666666
636019983,690,2026-04-11 14:17:19,2026-04-12 06:32:33,YM TRUTH,16.253888888888888
636020064,355,2026-04-06 01:44:37,2026-04-06 11:44:27,CONTSHIP JOY,9.997222222222222
636020097,16,2026-04-05 17:14:51,2026-04-05 17:30:04,,0.2536111111111111
636020098,184,2026-04-12 08:27:17,2026-04-12 11:37:45,KRITI HERO,3.1744444444444446
636020228,132,2026-04-06 10:50:42,2026-04-06 15:07:14,ES INSPIRE SEA,4.275555555555556
636020277,68,2026-04-12 10:57:50,2026-04-13 07:06:28,,20.14388888888889
636020328,723,2026-04-11 18:05:24,2026-04-12 11:26:29,MEL GRACE,17.351388888888888
636020363,465,2026-04-04 10:34:30,2026-04-07 01:54:53,AQUASMERALDA,63.33972222222222
636020447,22,2026-04-05 16:05:53,2026-04-05 17:10:48,,1.0819444444444444
636020454,469,2026-04-09 10:19:08,2026-04-12 01:34:40,MSC ERMINIA III,63.25888888888889
636020515,67,2026-04-08 02:42:14,2026-04-08 04:16:43,,1.5747222222222221
636020540,168,2026-04-10 21:34:24,2026-04-11 15:09:14,SACURA,17.580555555555556
636020662,403,2026-04-10 01:54:31,2026-04-10 09:49:40,MSC POTOMAC F,7.9191666666666665
636020898,110,2026-04-11 15:54:03,2026-04-11 21:24:03,,5.5
636020938,232,2026-04-08 12:54:33,2026-04-08 16:58:45,VELIKA,4.07
636020959,330,2026-04-12 05:42:24,2026-04-12 17:07:17,SKYVIEW,11.414722222222222
636020984,51,2026-04-05 17:28:02,2026-04-13 13:21:56,GSL TINOS,187.89833333333334
636020985,495,2026-04-12 06:20:16,2026-04-12 15:35:57,GSL SYROS,9.261388888888888
636020986,144,2026-04-06 02:03:53,2026-04-06 04:28:56,GSL TRIPOLI,2.4175
636021078,724,2026-04-05 04:36:13,2026-04-16 02:22:15,MSC AZURIT F,261.76722222222224
636021161,495,2026-04-11 18:23:42,2026-04-12 03:22:32,MSC HONG KONG V,8.980555555555556
636021231,2031,2026-04-11 22:15:06,2026-04-16 02:00:57,MSC LILA F,99.76416666666667
636021246,856,2026-04-10 00:06:48,2026-04-13 17:02:29,MSC PAMIRA III,88.92805555555556
636021343,633,2026-04-09 21:54:52,2026-04-10 08:48:37,ASIA,10.895833333333334
636021362,433,2026-04-06 08:58:03,2026-04-06 17:18:07,ZIM PACIFIC,8.334444444444445
636021365,704,2026-04-12 02:04:09,2026-04-12 14:26:53,MSC WASHINGTON,12.37888888888889
636021506,163,2026-04-10 19:00:56,2026-04-11 00:24:04,ZIM NEW ZEALAND,5.385555555555555
636021513,243,2026-04-06 10:03:00,2026-04-06 15:54:57,MEDI AMALFI,5.865833333333334
636021517,78,2026-04-06 14:24:37,2026-04-09 20:56:04,,78.52416666666667
636021518,597,2026-04-04 18:04:24,2026-04-06 02:41:25,MSC CALEDONIA II,32.61694444444444
636021552,20,2026-04-12 15:36:58,2026-04-12 15:56:15,,0.3213888888888889
636021558,67,2026-04-08 21:20:13,2026-04-09 04:16:49,,6.943333333333333
636021590,6339,2026-04-05 23:44:01,2026-04-10 19:20:14,ANAEL,115.6036111111111
636021596,118,2026-04-12 13:27:52,2026-04-12 15:26:49,MSC MADISON II,1.9825
636021665,385,2026-04-10 03:15:56,2026-04-10 09:46:37,MSC BERANGERE,6.511388888888889
636021691,343,2026-04-10 15:30:13,2026-04-11 09:32:25,KRITI CAPTAIN,18.036666666666665
636021700,15237,2026-04-03 10:42:38,2026-04-16 12:43:53,DELTA BLUE,314.0208333333333
636021702,320,2026-04-10 19:23:17,2026-04-11 02:09:36,CURIOUS JOEL,6.771944444444444
636021733,3278,2026-04-03 20:54:47,2026-04-10 14:26:05,COROSSOL,161.52166666666668
636021739,79,2026-04-16 05:15:40,2026-04-16 06:34:49,ZIM CHINA,1.3191666666666666
636021767,473,2026-04-11 13:09:13,2026-04-12 02:10:15,HONG G,13.017222222222221
636021768,54,2026-04-08 00:45:22,2026-04-08 02:33:06,,1.7955555555555556
636021781,741,2026-04-12 02:24:30,2026-04-12 16:55:06,LIPARI,14.51
636021850,128,2026-04-10 00:45:25,2026-04-10 16:43:35,,15.969444444444445
636021853,41,2026-04-07 13:48:20,2026-04-07 15:05:47,,1.2908333333333333
636021918,51,2026-04-07 07:23:28,2026-04-07 08:43:41,,1.3369444444444445
636021919,84,2026-04-11 14:00:01,2026-04-12 08:26:15,,18.43722222222222
636021924,23,2026-04-12 11:47:59,2026-04-12 12:10:28,,0.37472222222222223
636022178,740,2026-04-03 10:42:38,2026-04-05 15:00:59,ADRASTOS,52.30583333333333
636022183,516,2026-04-11 13:42:44,2026-04-12 02:13:18,ASTRAIOS,12.509444444444444
636022277,585,2026-04-04 00:03:10,2026-04-07 07:37:41,MSC ORTOLAN II,79.57527777777777
636022369,321,2026-04-12 11:06:01,2026-04-12 17:42:47,BELLA NIAGARA,6.612777777777778
636022474,28,2026-04-10 17:15:10,2026-04-10 18:06:04,,0.8483333333333334
636022522,339,2026-04-10 17:12:07,2026-04-11 02:10:37,PANORMOS,8.975
636022541,290,2026-04-10 05:15:58,2026-04-10 10:10:01,TIVY GOLD,4.900833333333333
636022722,330,2026-04-03 23:55:04,2026-04-12 10:09:46,MSC STACEY,202.245
636022867,635,2026-04-11 21:16:54,2026-04-12 16:39:52,COURAGE,19.38277777777778
636022905,420,2026-04-08 09:25:25,2026-04-08 16:41:28,SERENITY DIVA,7.2675
636022919,80,2026-04-05 16:39:21,2026-04-05 19:23:36,,2.7375
636022969,51,2026-04-09 05:30:53,2026-04-09 06:21:36,HAN WU KOU,0.8452777777777778
636022981,82,2026-04-11 21:11:48,2026-04-11 22:36:31,,1.4119444444444444
636023127,438,2026-04-07 02:34:26,2026-04-07 13:11:40,VENTO DI LEVANTE,10.620555555555555
636023250,130,2026-04-13 16:40:08,2026-04-13 20:56:18,YM WELLSPRING,4.269444444444445
636023274,636,2026-04-11 13:32:34,2026-04-12 00:35:43,BIG RISE,11.0525
636023325,21,2026-04-13 13:05:39,2026-04-13 13:28:02,,0.37305555555555553
636023406,11,2026-04-10 17:32:29,2026-04-10 17:42:39,,0.16944444444444445
636023523,21,2026-04-09 04:50:18,2026-04-09 05:10:35,,0.33805555555555555
636023526,28,2026-04-10 20:23:15,2026-04-10 20:50:42,ANJI SOUNDNESS,0.4575
636023529,27,2026-04-13 13:27:01,2026-04-13 15:36:08,,2.1519444444444447
636023657,31,2026-04-06 15:23:29,2026-04-06 15:53:56,,0.5075
636023809,64,2026-04-13 20:24:53,2026-04-13 23:16:54,CSPC MERCURY,2.8669444444444445
636023976,82,2026-04-08 01:18:54,2026-04-08 03:22:53,PALAU,2.066388888888889
636024011,167,2026-04-09 22:58:47,2026-04-10 02:45:24,POPI SAZAKLIS,3.7769444444444447
636024130,186,2026-04-10 00:48:27,2026-04-10 15:49:34,BULK ENDURANCE,15.018611111111111
636024311,181,2026-04-08 14:44:26,2026-04-09 00:23:47,OMICRON BREEZE,9.655833333333334
636024336,155,2026-04-04 23:27:26,2026-04-05 02:42:53,BAM BAM,3.2575
636024536,587,2026-04-12 03:34:45,2026-04-12 13:43:09,TG LEO,10.14
636024606,776,2026-04-12 00:33:40,2026-04-12 13:45:11,DELTA HELLAS,13.191944444444445
636024649,172,2026-04-08 22:16:59,2026-04-09 02:11:18,LV STAR,3.9052777777777776
636024695,70,2026-04-08 21:57:43,2026-04-08 23:10:45,,1.2172222222222222
636024783,365,2026-04-07 23:27:10,2026-04-08 05:57:11,SEACON MONACO,6.500277777777778
636024786,45,2026-04-05 17:01:40,2026-04-05 17:46:18,MAUI,0.7438888888888889
636024805,208,2026-04-11 14:17:19,2026-04-12 06:37:40,PAGE,16.339166666666667
636024824,827,2026-04-11 17:50:08,2026-04-12 13:01:24,MED LIGURIA,19.18777777777778
636024855,137,2026-04-06 02:44:28,2026-04-06 05:22:44,LOTUS,2.637777777777778
636024933,80,2026-04-06 01:22:19,2026-04-06 03:09:50,AMADORA,1.7919444444444443
636024939,431,2026-04-07 11:47:24,2026-04-07 21:02:09,MSC NAMIBIA,9.245833333333334
636024995,95,2026-04-07 07:20:26,2026-04-07 14:05:40,,6.753888888888889
636025061,101,2026-04-06 22:30:06,2026-04-07 05:28:52,CHARLESTON,6.979444444444445
636025328,249,2026-04-04 22:28:42,2026-04-13 22:23:23,MSC SAVANNAH,215.9113888888889
636025513,182,2026-04-10 16:03:49,2026-04-11 06:36:41,TAHO FANTASY,14.547777777777778
636025516,5600,2026-04-04 16:06:54,2026-04-09 11:21:03,MINERVA GRACE,115.23583333333333
636025517,75,2026-04-07 17:13:53,2026-04-08 02:15:50,,9.0325
636025604,23,2026-04-08 16:30:17,2026-04-08 16:52:39,,0.37277777777777776
636025641,354,2026-04-10 22:46:34,2026-04-11 08:34:33,LILA  MARSEILLE,9.799722222222222
636025687,75,2026-04-10 16:04:51,2026-04-10 18:59:55,,2.917777777777778
636025868,534,2026-04-07 12:56:24,2026-04-08 08:07:09,ECO PURE,19.179166666666667
636025881,93,2026-04-13 15:30:02,2026-04-13 17:20:46,ORION LEADER,1.8455555555555556
636025888,73,2026-04-04 11:06:57,2026-04-04 14:01:14,ARCHANGEL GABRIEL,2.9047222222222224
636025891,354,2026-04-07 12:51:19,2026-04-07 20:04:19,OREA II,7.216666666666667
636025912,206,2026-04-08 12:19:59,2026-04-08 15:48:34,CERRO ALTO EXPLORER,3.4763888888888888
636026128,79,2026-04-12 13:11:35,2026-04-13 13:41:16,,24.494722222222222
636026216,228,2026-04-06 01:46:39,2026-04-06 09:50:49,NUUK,8.069444444444445
636092313,320,2026-04-08 00:27:06,2026-04-08 07:06:13,OCEAN7 REVOLUTION,6.651944444444444
636092552,434,2026-04-10 16:19:06,2026-04-11 10:30:14,ARIANE,18.185555555555556
636093132,1233,2026-04-11 17:07:23,2026-04-12 18:05:06,AMSTERDAM EXPRESS,24.961944444444445
636093169,165,2026-04-06 14:59:07,2026-04-07 02:21:15,SALAHUDDIN,11.36888888888889
636093171,268,2026-04-11 07:52:54,2026-04-11 14:44:48,AL MURABBA,6.865
636093237,123,2026-04-12 06:02:52,2026-04-12 17:25:33,ROSTRUM CYNIC,11.378055555555555
636093368,74,2026-04-05 10:38:35,2026-04-05 11:52:32,NEW YORK EXPRESS,1.2325
636416343,9,2026-04-07 07:52:54,2026-04-07 08:01:01,,0.13527777777777777
636416490,10,2026-04-12 00:23:29,2026-04-12 00:32:39,,0.1527777777777778
647553008,342,2026-04-12 06:48:55,2026-04-12 13:05:28,GUANYIN,6.275833333333333
667001639,892,2026-04-11 16:47:01,2026-04-12 11:51:03,GAMMA STAR,19.067222222222224
667001640,260,2026-04-13 09:08:10,2026-04-13 13:41:16,MOHAMAD,4.551666666666667
667002021,120,2026-04-10 01:35:11,2026-04-10 07:48:34,VOKKI,6.223055555555556
667002072,115,2026-04-12 07:39:06,2026-04-12 11:53:06,,4.233333333333333
667002240,394,2026-04-10 05:19:02,2026-04-10 17:54:52,BULLAR,12.597222222222221
667002260,278,2026-04-10 02:23:00,2026-04-10 09:08:59,DESTAN,6.766388888888889
667002334,153,2026-04-07 03:10:56,2026-04-07 17:16:56,UTAKI,14.1
667002349,17,2026-04-06 08:15:25,2026-04-06 08:31:39,,0.27055555555555555
667002369,237,2026-04-09 23:44:28,2026-04-10 04:13:55,DENEB,4.490833333333334
667002373,353,2026-04-07 14:02:37,2026-04-08 14:24:04,ANUNNAKI,24.3575
667002592,557,2026-04-12 05:26:03,2026-04-12 16:51:03,C.EPSILON,11.416666666666666
671215100,440,2026-04-07 11:39:18,2026-04-08 00:13:53,HAJH AMINA,12.57638888888889
671345000,315,2026-04-06 05:07:31,2026-04-06 12:28:02,UNIMAR LIVESTOCK,7.341944444444445
671500100,121,2026-04-07 00:53:03,2026-04-07 04:20:53,URANUS II,3.463888888888889
671562100,631,2026-04-06 13:39:00,2026-04-08 17:33:17,EDRO IV,51.90472222222222
671659000,183,2026-04-06 06:54:10,2026-04-06 12:48:19,PACIFIC M,5.9025
671706000,992,2026-04-03 10:42:38,2026-04-12 12:11:29,APUS,217.48083333333332
672296000,153,2026-04-06 21:20:10,2026-04-06 23:55:17,ISKANDER,2.585277777777778
677054000,257,2026-04-05 19:01:18,2026-04-05 23:23:45,HARMONY LIVESTOCK,4.3741666666666665
677077400,77,2026-04-08 01:16:52,2026-04-08 02:38:11,NOURAN ED,1.3552777777777778
677089900,427,2026-04-07 12:53:21,2026-04-07 21:03:10,CEYO,8.163611111111111
970024487,11,2026-04-10 09:55:47,2026-04-10 10:05:57,,0.16944444444444445
970024495,11,2026-04-10 09:54:46,2026-04-10 10:04:56,,0.16944444444444445
970284261,14,2026-04-15 14:48:38,2026-04-15 15:01:51,,0.22027777777777777
983108673,25,2026-04-03 12:44:18,2026-04-03 13:08:38,SAPPHIREPRINCESSTB17,0.40555555555555556
983108677,33,2026-04-03 11:51:33,2026-04-03 12:24:01,SAPPHIREPRINCESSTB21,0.5411111111111111
