mmsi,audited_vessel_role,role_confidence,role_source,eta_primary_scope
205481000,PASSENGER,A,web_verified_passenger_cruise,true
211505880,SAILING,A,ais_static_ship_type,false
215232000,PORT_TUG,A,ais_static_ship_type_52,false
227584860,SAILING,A,ais_static_ship_type_36,false
227851960,PLEASURE,A,ais_static_ship_type_37,false
227904460,SAILING,A,ais_static_ship_type_36,false
228118550,SAILING,A,ais_static_ship_type_36,false
228146520,SMALL_RESERVED_CRAFT,B,web_verified_11x3m_reserved,false
235098095,SAILING,A,ais_static_ship_type_36,false
246518000,CARGO,A,ais_static_ship_type_70,true
247047710,FISHING,A,web_verified_fishing,false
247144130,FISHING,A,ais_static_ship_type_30,false
247144750,FISHING,A,ais_static_ship_type_30,false
247164230,PLEASURE,A,ais_static_ship_type_37,false
247223640,SAILING,A,ais_static_ship_type_36,false
247241800,CARGO,A,ais_static_ship_type_70,true
247296500,CARGO,A,ais_static_ship_type_73,true
247308610,SAILING,A,ais_static_ship_type_36,false
247319800,CARGO,A,ais_static_ship_type_71,true
247326280,PLEASURE,A,ais_static_ship_type_37,false
247383400,CARGO,A,ais_static_ship_type_70,true
247408700,TANKER,A,ais_static_ship_type_89,true
247415100,SURVEY_OFFSHORE,A,official_operator_web_verified_survey_vessel,true
247427400,PORT_TUG,A,ais_static_ship_type_52,false
247453600,CARGO,A,ais_static_ship_type_71,true
249146000,CARGO,A,ais_static_ship_type_71,true
249281000,CARGO,A,ais_static_ship_type_70,true
253000169,OFFSHORE_SUPPLY,A,web_verified_offshore_tug_supply,true
261004120,PLEASURE,A,ais_static_ship_type_37,false
263960030,SAILING,A,web_verified_sailing,false
269119320,SAILING,A,web_verified_sailing,false
278002033,SAILING,A,ais_static_ship_type_36,false
314900000,CARGO,A,ais_static_ship_type_70,true
316037322,SAILING,B,web_marina_history_recreational_pattern,false
